index,stage_step,stage,schedule_kind,microbatch,chunk,phase,layer_id,op_name,tag,action_kind,tensor_key,tensor_bytes,action_bucket,persistent,act_live,gather_buf,grad_buf,recomp_scratch,swap_buf,workspace,framework,delta_persistent,delta_act_live,delta_gather_buf,delta_grad_buf,delta_recomp_scratch,delta_swap_buf,delta_workspace,delta_framework,total_active_bytes,delta_total_bytes,new_peak,live_tensors,pinned_activations
0,0,0,,,,initial,,,initial,,,0,,267919360,0,0,0,0,0,0,0,267919360,0,0,0,0,0,0,0,267919360,267919360,True,[],[]
1,1,0,FWD,0,0,fwd,,,fwd_edge_gather@embedding,,,0,,267919360,0,32768000,0,0,0,0,0,0,0,32768000,0,0,0,0,0,300687360,32768000,True,[],[]
2,2,0,FWD,0,0,fwd,,,fwd_edge_op@embedding,,,0,,267919360,0,32768000,0,0,0,0,0,0,0,0,0,0,0,0,0,300687360,0,False,[],[]
3,3,0,FWD,0,0,fwd,0,,fwd_gather@0,,,0,,267919360,0,101187584,0,0,0,0,0,0,0,68419584,0,0,0,0,0,369106944,68419584,True,[],[]
4,4,0,FWD,0,0,fwd,0,ln1,fwd_input@0:0,ALLOC,x|shard=0:tp|partial=complete|dtype=default,4194304,workspace,267919360,0,101187584,0,0,0,4194304,0,0,0,0,0,0,0,4194304,0,373301248,4194304,True,[],[]
5,5,0,FWD,0,0,fwd,0,ln1,fwd_output@0:0,ALLOC,ln1|shard=0:tp|partial=complete|dtype=default,4194304,workspace,267919360,0,101187584,0,0,0,8388608,0,0,0,0,0,0,0,4194304,0,377495552,4194304,True,[],[]
6,6,0,FWD,0,0,fwd,0,ln1,fwd_op_execute@0:ln1,MARK,op:0:0:ln1,0,,267919360,0,101187584,0,0,0,8388608,0,0,0,0,0,0,0,0,0,377495552,0,False,[],[]
7,7,0,FWD,0,0,fwd,0,ln1,fwd_value_end@0:ln1,FREE,ln1|shard=0:tp|partial=complete|dtype=default,4194304,workspace,267919360,0,101187584,0,0,0,4194304,0,0,0,0,0,0,0,-4194304,0,373301248,-4194304,False,[],[]
8,8,0,FWD,0,0,fwd,0,qkv,fwd_input@0:1,ALLOC,ln1|shard=replicated|partial=complete|dtype=default,33554432,act_live,267919360,33554432,101187584,0,0,0,4194304,0,0,33554432,0,0,0,0,0,0,406855680,33554432,True,[],[]
9,9,0,FWD,0,0,fwd,0,qkv,fwd_output@0:1,ALLOC,qkv|shard=2:tp|partial=complete|dtype=default,12582912,act_live,267919360,46137344,101187584,0,0,0,4194304,0,0,12582912,0,0,0,0,0,0,419438592,12582912,True,[],[]
10,10,0,FWD,0,0,fwd,0,qkv,fwd_comm@0:qkv,ALLOC,comm:0:1:qkv,33554432,communication,267919360,46137344,101187584,0,0,0,37748736,0,0,0,0,0,0,0,33554432,0,452993024,33554432,True,[],[]
11,11,0,FWD,0,0,fwd,0,qkv,fwd_op_execute@0:qkv,MARK,op:0:1:qkv,0,,267919360,46137344,101187584,0,0,0,37748736,0,0,0,0,0,0,0,0,0,452993024,0,False,[],[]
12,12,0,FWD,0,0,fwd,0,qkv,fwd_comm_end@0:qkv,FREE,comm:0:1:qkv,33554432,communication,267919360,46137344,101187584,0,0,0,4194304,0,0,0,0,0,0,0,-33554432,0,419438592,-33554432,False,[],[]
13,13,0,FWD,0,0,fwd,0,rope,fwd_op_execute@0:rope,MARK,op:0:2:rope,0,,267919360,46137344,101187584,0,0,0,4194304,0,0,0,0,0,0,0,0,0,419438592,0,False,[],[]
14,14,0,FWD,0,0,fwd,0,flash,fwd_output@0:3,ALLOC,attn|shard=2:tp|partial=complete|dtype=default,4194304,act_live,267919360,50331648,101187584,0,0,0,4194304,0,0,4194304,0,0,0,0,0,0,423632896,4194304,False,[],[]
15,15,0,FWD,0,0,fwd,0,flash,fwd_save@0:3,ALLOC,lse|shard=2:tp|partial=complete|dtype=default,32768,act_live,267919360,50364416,101187584,0,0,0,4194304,0,0,32768,0,0,0,0,0,0,423665664,32768,False,[],[]
16,16,0,FWD,0,0,fwd,0,flash,fwd_op@0:flash,ALLOC,workspace:0:3:flash,33554432,workspace,267919360,50364416,101187584,0,0,0,37748736,0,0,0,0,0,0,0,33554432,0,457220096,33554432,True,[],[]
17,17,0,FWD,0,0,fwd,0,flash,fwd_op_execute@0:flash,MARK,op:0:3:flash,0,,267919360,50364416,101187584,0,0,0,37748736,0,0,0,0,0,0,0,0,0,457220096,0,False,[],[]
18,18,0,FWD,0,0,fwd,0,flash,fwd_op_end@0:flash,FREE,workspace:0:3:flash,33554432,workspace,267919360,50364416,101187584,0,0,0,4194304,0,0,0,0,0,0,0,-33554432,0,423665664,-33554432,False,[],[]
19,19,0,FWD,0,0,fwd,0,o_proj,fwd_output@0:4,ALLOC,o|shard=replicated|partial=tp|dtype=default,33554432,workspace,267919360,50364416,101187584,0,0,0,37748736,0,0,0,0,0,0,0,33554432,0,457220096,33554432,False,[],[]
20,20,0,FWD,0,0,fwd,0,o_proj,fwd_op_execute@0:o_proj,MARK,op:0:4:o_proj,0,,267919360,50364416,101187584,0,0,0,37748736,0,0,0,0,0,0,0,0,0,457220096,0,False,[],[]
21,21,0,FWD,0,0,fwd,0,o_proj,fwd_value_end@0:o_proj,FREE,o|shard=replicated|partial=tp|dtype=default,33554432,workspace,267919360,50364416,101187584,0,0,0,4194304,0,0,0,0,0,0,0,-33554432,0,423665664,-33554432,False,[],[]
22,22,0,FWD,0,0,fwd,0,add1,fwd_input@0:5,ALLOC,o|shard=0:tp|partial=complete|dtype=default,4194304,workspace,267919360,50364416,101187584,0,0,0,8388608,0,0,0,0,0,0,0,4194304,0,427859968,4194304,False,[],[]
23,23,0,FWD,0,0,fwd,0,add1,fwd_output@0:5,ALLOC,h1|shard=0:tp|partial=complete|dtype=default,4194304,workspace,267919360,50364416,101187584,0,0,0,12582912,0,0,0,0,0,0,0,4194304,0,432054272,4194304,False,[],[]
24,24,0,FWD,0,0,fwd,0,add1,fwd_comm@0:add1,ALLOC,comm:0:5:add1,4194304,communication,267919360,50364416,101187584,0,0,0,16777216,0,0,0,0,0,0,0,4194304,0,436248576,4194304,False,[],[]
25,25,0,FWD,0,0,fwd,0,add1,fwd_op_execute@0:add1,MARK,op:0:5:add1,0,,267919360,50364416,101187584,0,0,0,16777216,0,0,0,0,0,0,0,0,0,436248576,0,False,[],[]
26,26,0,FWD,0,0,fwd,0,add1,fwd_comm_end@0:add1,FREE,comm:0:5:add1,4194304,communication,267919360,50364416,101187584,0,0,0,12582912,0,0,0,0,0,0,0,-4194304,0,432054272,-4194304,False,[],[]
27,27,0,FWD,0,0,fwd,0,add1,fwd_value_end@0:add1,FREE,o|shard=0:tp|partial=complete|dtype=default,4194304,workspace,267919360,50364416,101187584,0,0,0,8388608,0,0,0,0,0,0,0,-4194304,0,427859968,-4194304,False,[],[]
28,28,0,FWD,0,0,fwd,0,add1,fwd_value_end@0:add1,FREE,x|shard=0:tp|partial=complete|dtype=default,4194304,workspace,267919360,50364416,101187584,0,0,0,4194304,0,0,0,0,0,0,0,-4194304,0,423665664,-4194304,False,[],[]
29,29,0,FWD,0,0,fwd,0,ln2,fwd_output@0:6,ALLOC,ln2|shard=0:tp|partial=complete|dtype=default,4194304,workspace,267919360,50364416,101187584,0,0,0,8388608,0,0,0,0,0,0,0,4194304,0,427859968,4194304,False,[],[]
30,30,0,FWD,0,0,fwd,0,ln2,fwd_op_execute@0:ln2,MARK,op:0:6:ln2,0,,267919360,50364416,101187584,0,0,0,8388608,0,0,0,0,0,0,0,0,0,427859968,0,False,[],[]
31,31,0,FWD,0,0,fwd,0,ln2,fwd_value_end@0:ln2,FREE,ln2|shard=0:tp|partial=complete|dtype=default,4194304,workspace,267919360,50364416,101187584,0,0,0,4194304,0,0,0,0,0,0,0,-4194304,0,423665664,-4194304,False,[],[]
32,32,0,FWD,0,0,fwd,0,fc1,fwd_input@0:7,ALLOC,ln2|shard=replicated|partial=complete|dtype=default,33554432,act_live,267919360,83918848,101187584,0,0,0,4194304,0,0,33554432,0,0,0,0,0,0,457220096,33554432,False,[],[]
33,33,0,FWD,0,0,fwd,0,fc1,fwd_output@0:7,ALLOC,gate|shard=2:tp|partial=complete|dtype=default,22544384,workspace,267919360,83918848,101187584,0,0,0,26738688,0,0,0,0,0,0,0,22544384,0,479764480,22544384,True,[],[]
34,34,0,FWD,0,0,fwd,0,fc1,fwd_comm@0:fc1,ALLOC,comm:0:7:fc1,33554432,communication,267919360,83918848,101187584,0,0,0,60293120,0,0,0,0,0,0,0,33554432,0,513318912,33554432,True,[],[]
35,35,0,FWD,0,0,fwd,0,fc1,fwd_op_execute@0:fc1,MARK,op:0:7:fc1,0,,267919360,83918848,101187584,0,0,0,60293120,0,0,0,0,0,0,0,0,0,513318912,0,False,[],[]
36,36,0,FWD,0,0,fwd,0,fc1,fwd_comm_end@0:fc1,FREE,comm:0:7:fc1,33554432,communication,267919360,83918848,101187584,0,0,0,26738688,0,0,0,0,0,0,0,-33554432,0,479764480,-33554432,False,[],[]
37,37,0,FWD,0,0,fwd,0,swiglu,fwd_output@0:8,ALLOC,act|shard=2:tp|partial=complete|dtype=default,11272192,act_live,267919360,95191040,101187584,0,0,0,26738688,0,0,11272192,0,0,0,0,0,0,491036672,11272192,False,[],[]
38,38,0,FWD,0,0,fwd,0,swiglu,fwd_op_execute@0:swiglu,MARK,op:0:8:swiglu,0,,267919360,95191040,101187584,0,0,0,26738688,0,0,0,0,0,0,0,0,0,491036672,0,False,[],[]
39,39,0,FWD,0,0,fwd,0,swiglu,fwd_value_end@0:swiglu,FREE,gate|shard=2:tp|partial=complete|dtype=default,22544384,workspace,267919360,95191040,101187584,0,0,0,4194304,0,0,0,0,0,0,0,-22544384,0,468492288,-22544384,False,[],[]
40,40,0,FWD,0,0,fwd,0,fc2,fwd_output@0:9,ALLOC,o2|shard=replicated|partial=tp|dtype=default,33554432,workspace,267919360,95191040,101187584,0,0,0,37748736,0,0,0,0,0,0,0,33554432,0,502046720,33554432,False,[],[]
41,41,0,FWD,0,0,fwd,0,fc2,fwd_op_execute@0:fc2,MARK,op:0:9:fc2,0,,267919360,95191040,101187584,0,0,0,37748736,0,0,0,0,0,0,0,0,0,502046720,0,False,[],[]
42,42,0,FWD,0,0,fwd,0,fc2,fwd_value_end@0:fc2,FREE,o2|shard=replicated|partial=tp|dtype=default,33554432,workspace,267919360,95191040,101187584,0,0,0,4194304,0,0,0,0,0,0,0,-33554432,0,468492288,-33554432,False,[],[]
43,43,0,FWD,0,0,fwd,0,add2,fwd_input@0:10,ALLOC,o2|shard=0:tp|partial=complete|dtype=default,4194304,workspace,267919360,95191040,101187584,0,0,0,8388608,0,0,0,0,0,0,0,4194304,0,472686592,4194304,False,[],[]
44,44,0,FWD,0,0,fwd,0,add2,fwd_output@0:10,ALLOC,h2|shard=0:tp|partial=complete|dtype=default,4194304,workspace,267919360,95191040,101187584,0,0,0,12582912,0,0,0,0,0,0,0,4194304,0,476880896,4194304,False,[],[]
45,45,0,FWD,0,0,fwd,0,add2,fwd_comm@0:add2,ALLOC,comm:0:10:add2,4194304,communication,267919360,95191040,101187584,0,0,0,16777216,0,0,0,0,0,0,0,4194304,0,481075200,4194304,False,[],[]
46,46,0,FWD,0,0,fwd,0,add2,fwd_op_execute@0:add2,MARK,op:0:10:add2,0,,267919360,95191040,101187584,0,0,0,16777216,0,0,0,0,0,0,0,0,0,481075200,0,False,[],[]
47,47,0,FWD,0,0,fwd,0,add2,fwd_comm_end@0:add2,FREE,comm:0:10:add2,4194304,communication,267919360,95191040,101187584,0,0,0,12582912,0,0,0,0,0,0,0,-4194304,0,476880896,-4194304,False,[],[]
48,48,0,FWD,0,0,fwd,0,add2,fwd_value_end@0:add2,FREE,h2|shard=0:tp|partial=complete|dtype=default,4194304,workspace,267919360,95191040,101187584,0,0,0,8388608,0,0,0,0,0,0,0,-4194304,0,472686592,-4194304,False,[],[]
49,49,0,FWD,0,0,fwd,0,add2,fwd_value_end@0:add2,FREE,h1|shard=0:tp|partial=complete|dtype=default,4194304,workspace,267919360,95191040,101187584,0,0,0,4194304,0,0,0,0,0,0,0,-4194304,0,468492288,-4194304,False,[],[]
50,50,0,FWD,0,0,fwd,0,add2,fwd_value_end@0:add2,FREE,o2|shard=0:tp|partial=complete|dtype=default,4194304,workspace,267919360,95191040,101187584,0,0,0,0,0,0,0,0,0,0,0,-4194304,0,464297984,-4194304,False,[],[]
51,51,0,FWD,0,0,fwd,0,,fwd_end@0,,,0,,267919360,95191040,101187584,0,0,0,0,0,0,0,0,0,0,0,0,0,464297984,0,False,[],"[{""microbatch"": 0, ""layer_id"": 0, ""resident_bytes"": 95191040, ""offloaded_bytes"": 8388608}]"
52,52,0,FWD,0,0,fwd,1,,fwd_gather@1,,,0,,267919360,95191040,101187584,0,0,0,0,0,0,0,0,0,0,0,0,0,464297984,0,False,[],"[{""microbatch"": 0, ""layer_id"": 0, ""resident_bytes"": 95191040, ""offloaded_bytes"": 8388608}]"
53,53,0,FWD,0,0,fwd,1,ln1,fwd_input@1:0,ALLOC,x|shard=0:tp|partial=complete|dtype=default,4194304,workspace,267919360,95191040,101187584,0,0,0,4194304,0,0,0,0,0,0,0,4194304,0,468492288,4194304,False,[],"[{""microbatch"": 0, ""layer_id"": 0, ""resident_bytes"": 95191040, ""offloaded_bytes"": 8388608}]"
54,54,0,FWD,0,0,fwd,1,ln1,fwd_output@1:0,ALLOC,ln1|shard=0:tp|partial=complete|dtype=default,4194304,workspace,267919360,95191040,101187584,0,0,0,8388608,0,0,0,0,0,0,0,4194304,0,472686592,4194304,False,[],"[{""microbatch"": 0, ""layer_id"": 0, ""resident_bytes"": 95191040, ""offloaded_bytes"": 8388608}]"
55,55,0,FWD,0,0,fwd,1,ln1,fwd_op_execute@1:ln1,MARK,op:1:0:ln1,0,,267919360,95191040,101187584,0,0,0,8388608,0,0,0,0,0,0,0,0,0,472686592,0,False,[],"[{""microbatch"": 0, ""layer_id"": 0, ""resident_bytes"": 95191040, ""offloaded_bytes"": 8388608}]"
56,56,0,FWD,0,0,fwd,1,ln1,fwd_value_end@1:ln1,FREE,ln1|shard=0:tp|partial=complete|dtype=default,4194304,workspace,267919360,95191040,101187584,0,0,0,4194304,0,0,0,0,0,0,0,-4194304,0,468492288,-4194304,False,[],"[{""microbatch"": 0, ""layer_id"": 0, ""resident_bytes"": 95191040, ""offloaded_bytes"": 8388608}]"
57,57,0,FWD,0,0,fwd,1,qkv,fwd_input@1:1,ALLOC,ln1|shard=replicated|partial=complete|dtype=default,33554432,act_live,267919360,128745472,101187584,0,0,0,4194304,0,0,33554432,0,0,0,0,0,0,502046720,33554432,False,[],"[{""microbatch"": 0, ""layer_id"": 0, ""resident_bytes"": 95191040, ""offloaded_bytes"": 8388608}]"
58,58,0,FWD,0,0,fwd,1,qkv,fwd_output@1:1,ALLOC,qkv|shard=2:tp|partial=complete|dtype=default,12582912,act_live,267919360,141328384,101187584,0,0,0,4194304,0,0,12582912,0,0,0,0,0,0,514629632,12582912,True,[],"[{""microbatch"": 0, ""layer_id"": 0, ""resident_bytes"": 95191040, ""offloaded_bytes"": 8388608}]"
59,59,0,FWD,0,0,fwd,1,qkv,fwd_comm@1:qkv,ALLOC,comm:1:1:qkv,33554432,communication,267919360,141328384,101187584,0,0,0,37748736,0,0,0,0,0,0,0,33554432,0,548184064,33554432,True,[],"[{""microbatch"": 0, ""layer_id"": 0, ""resident_bytes"": 95191040, ""offloaded_bytes"": 8388608}]"
60,60,0,FWD,0,0,fwd,1,qkv,fwd_op_execute@1:qkv,MARK,op:1:1:qkv,0,,267919360,141328384,101187584,0,0,0,37748736,0,0,0,0,0,0,0,0,0,548184064,0,False,[],"[{""microbatch"": 0, ""layer_id"": 0, ""resident_bytes"": 95191040, ""offloaded_bytes"": 8388608}]"
61,61,0,FWD,0,0,fwd,1,qkv,fwd_comm_end@1:qkv,FREE,comm:1:1:qkv,33554432,communication,267919360,141328384,101187584,0,0,0,4194304,0,0,0,0,0,0,0,-33554432,0,514629632,-33554432,False,[],"[{""microbatch"": 0, ""layer_id"": 0, ""resident_bytes"": 95191040, ""offloaded_bytes"": 8388608}]"
62,62,0,FWD,0,0,fwd,1,rope,fwd_op_execute@1:rope,MARK,op:1:2:rope,0,,267919360,141328384,101187584,0,0,0,4194304,0,0,0,0,0,0,0,0,0,514629632,0,False,[],"[{""microbatch"": 0, ""layer_id"": 0, ""resident_bytes"": 95191040, ""offloaded_bytes"": 8388608}]"
63,63,0,FWD,0,0,fwd,1,flash,fwd_output@1:3,ALLOC,attn|shard=2:tp|partial=complete|dtype=default,4194304,act_live,267919360,145522688,101187584,0,0,0,4194304,0,0,4194304,0,0,0,0,0,0,518823936,4194304,False,[],"[{""microbatch"": 0, ""layer_id"": 0, ""resident_bytes"": 95191040, ""offloaded_bytes"": 8388608}]"
64,64,0,FWD,0,0,fwd,1,flash,fwd_save@1:3,ALLOC,lse|shard=2:tp|partial=complete|dtype=default,32768,workspace,267919360,145522688,101187584,0,0,0,4227072,0,0,0,0,0,0,0,32768,0,518856704,32768,False,[],"[{""microbatch"": 0, ""layer_id"": 0, ""resident_bytes"": 95191040, ""offloaded_bytes"": 8388608}]"
65,65,0,FWD,0,0,fwd,1,flash,fwd_op@1:flash,ALLOC,workspace:1:3:flash,33554432,workspace,267919360,145522688,101187584,0,0,0,37781504,0,0,0,0,0,0,0,33554432,0,552411136,33554432,True,[],"[{""microbatch"": 0, ""layer_id"": 0, ""resident_bytes"": 95191040, ""offloaded_bytes"": 8388608}]"
66,66,0,FWD,0,0,fwd,1,flash,fwd_op_execute@1:flash,MARK,op:1:3:flash,0,,267919360,145522688,101187584,0,0,0,37781504,0,0,0,0,0,0,0,0,0,552411136,0,False,[],"[{""microbatch"": 0, ""layer_id"": 0, ""resident_bytes"": 95191040, ""offloaded_bytes"": 8388608}]"
67,67,0,FWD,0,0,fwd,1,flash,fwd_op_end@1:flash,FREE,workspace:1:3:flash,33554432,workspace,267919360,145522688,101187584,0,0,0,4227072,0,0,0,0,0,0,0,-33554432,0,518856704,-33554432,False,[],"[{""microbatch"": 0, ""layer_id"": 0, ""resident_bytes"": 95191040, ""offloaded_bytes"": 8388608}]"
68,68,0,FWD,0,0,fwd,1,flash,fwd_value_end@1:flash,FREE,lse|shard=2:tp|partial=complete|dtype=default,32768,workspace,267919360,145522688,101187584,0,0,0,4194304,0,0,0,0,0,0,0,-32768,0,518823936,-32768,False,[],"[{""microbatch"": 0, ""layer_id"": 0, ""resident_bytes"": 95191040, ""offloaded_bytes"": 8388608}]"
69,69,0,FWD,0,0,fwd,1,o_proj,fwd_output@1:4,ALLOC,o|shard=replicated|partial=tp|dtype=default,33554432,workspace,267919360,145522688,101187584,0,0,0,37748736,0,0,0,0,0,0,0,33554432,0,552378368,33554432,False,[],"[{""microbatch"": 0, ""layer_id"": 0, ""resident_bytes"": 95191040, ""offloaded_bytes"": 8388608}]"
70,70,0,FWD,0,0,fwd,1,o_proj,fwd_op_execute@1:o_proj,MARK,op:1:4:o_proj,0,,267919360,145522688,101187584,0,0,0,37748736,0,0,0,0,0,0,0,0,0,552378368,0,False,[],"[{""microbatch"": 0, ""layer_id"": 0, ""resident_bytes"": 95191040, ""offloaded_bytes"": 8388608}]"
71,71,0,FWD,0,0,fwd,1,o_proj,fwd_value_end@1:o_proj,FREE,o|shard=replicated|partial=tp|dtype=default,33554432,workspace,267919360,145522688,101187584,0,0,0,4194304,0,0,0,0,0,0,0,-33554432,0,518823936,-33554432,False,[],"[{""microbatch"": 0, ""layer_id"": 0, ""resident_bytes"": 95191040, ""offloaded_bytes"": 8388608}]"
72,72,0,FWD,0,0,fwd,1,add1,fwd_input@1:5,ALLOC,o|shard=0:tp|partial=complete|dtype=default,4194304,workspace,267919360,145522688,101187584,0,0,0,8388608,0,0,0,0,0,0,0,4194304,0,523018240,4194304,False,[],"[{""microbatch"": 0, ""layer_id"": 0, ""resident_bytes"": 95191040, ""offloaded_bytes"": 8388608}]"
73,73,0,FWD,0,0,fwd,1,add1,fwd_output@1:5,ALLOC,h1|shard=0:tp|partial=complete|dtype=default,4194304,workspace,267919360,145522688,101187584,0,0,0,12582912,0,0,0,0,0,0,0,4194304,0,527212544,4194304,False,[],"[{""microbatch"": 0, ""layer_id"": 0, ""resident_bytes"": 95191040, ""offloaded_bytes"": 8388608}]"
74,74,0,FWD,0,0,fwd,1,add1,fwd_comm@1:add1,ALLOC,comm:1:5:add1,4194304,communication,267919360,145522688,101187584,0,0,0,16777216,0,0,0,0,0,0,0,4194304,0,531406848,4194304,False,[],"[{""microbatch"": 0, ""layer_id"": 0, ""resident_bytes"": 95191040, ""offloaded_bytes"": 8388608}]"
75,75,0,FWD,0,0,fwd,1,add1,fwd_op_execute@1:add1,MARK,op:1:5:add1,0,,267919360,145522688,101187584,0,0,0,16777216,0,0,0,0,0,0,0,0,0,531406848,0,False,[],"[{""microbatch"": 0, ""layer_id"": 0, ""resident_bytes"": 95191040, ""offloaded_bytes"": 8388608}]"
76,76,0,FWD,0,0,fwd,1,add1,fwd_comm_end@1:add1,FREE,comm:1:5:add1,4194304,communication,267919360,145522688,101187584,0,0,0,12582912,0,0,0,0,0,0,0,-4194304,0,527212544,-4194304,False,[],"[{""microbatch"": 0, ""layer_id"": 0, ""resident_bytes"": 95191040, ""offloaded_bytes"": 8388608}]"
77,77,0,FWD,0,0,fwd,1,add1,fwd_value_end@1:add1,FREE,o|shard=0:tp|partial=complete|dtype=default,4194304,workspace,267919360,145522688,101187584,0,0,0,8388608,0,0,0,0,0,0,0,-4194304,0,523018240,-4194304,False,[],"[{""microbatch"": 0, ""layer_id"": 0, ""resident_bytes"": 95191040, ""offloaded_bytes"": 8388608}]"
78,78,0,FWD,0,0,fwd,1,add1,fwd_value_end@1:add1,FREE,x|shard=0:tp|partial=complete|dtype=default,4194304,workspace,267919360,145522688,101187584,0,0,0,4194304,0,0,0,0,0,0,0,-4194304,0,518823936,-4194304,False,[],"[{""microbatch"": 0, ""layer_id"": 0, ""resident_bytes"": 95191040, ""offloaded_bytes"": 8388608}]"
79,79,0,FWD,0,0,fwd,1,ln2,fwd_output@1:6,ALLOC,ln2|shard=0:tp|partial=complete|dtype=default,4194304,workspace,267919360,145522688,101187584,0,0,0,8388608,0,0,0,0,0,0,0,4194304,0,523018240,4194304,False,[],"[{""microbatch"": 0, ""layer_id"": 0, ""resident_bytes"": 95191040, ""offloaded_bytes"": 8388608}]"
80,80,0,FWD,0,0,fwd,1,ln2,fwd_op_execute@1:ln2,MARK,op:1:6:ln2,0,,267919360,145522688,101187584,0,0,0,8388608,0,0,0,0,0,0,0,0,0,523018240,0,False,[],"[{""microbatch"": 0, ""layer_id"": 0, ""resident_bytes"": 95191040, ""offloaded_bytes"": 8388608}]"
81,81,0,FWD,0,0,fwd,1,ln2,fwd_value_end@1:ln2,FREE,ln2|shard=0:tp|partial=complete|dtype=default,4194304,workspace,267919360,145522688,101187584,0,0,0,4194304,0,0,0,0,0,0,0,-4194304,0,518823936,-4194304,False,[],"[{""microbatch"": 0, ""layer_id"": 0, ""resident_bytes"": 95191040, ""offloaded_bytes"": 8388608}]"
82,82,0,FWD,0,0,fwd,1,fc1,fwd_input@1:7,ALLOC,ln2|shard=replicated|partial=complete|dtype=default,33554432,act_live,267919360,179077120,101187584,0,0,0,4194304,0,0,33554432,0,0,0,0,0,0,552378368,33554432,False,[],"[{""microbatch"": 0, ""layer_id"": 0, ""resident_bytes"": 95191040, ""offloaded_bytes"": 8388608}]"
83,83,0,FWD,0,0,fwd,1,fc1,fwd_output@1:7,ALLOC,gate|shard=2:tp|partial=complete|dtype=default,22544384,workspace,267919360,179077120,101187584,0,0,0,26738688,0,0,0,0,0,0,0,22544384,0,574922752,22544384,True,[],"[{""microbatch"": 0, ""layer_id"": 0, ""resident_bytes"": 95191040, ""offloaded_bytes"": 8388608}]"
84,84,0,FWD,0,0,fwd,1,fc1,fwd_comm@1:fc1,ALLOC,comm:1:7:fc1,33554432,communication,267919360,179077120,101187584,0,0,0,60293120,0,0,0,0,0,0,0,33554432,0,608477184,33554432,True,[],"[{""microbatch"": 0, ""layer_id"": 0, ""resident_bytes"": 95191040, ""offloaded_bytes"": 8388608}]"
85,85,0,FWD,0,0,fwd,1,fc1,fwd_op_execute@1:fc1,MARK,op:1:7:fc1,0,,267919360,179077120,101187584,0,0,0,60293120,0,0,0,0,0,0,0,0,0,608477184,0,False,[],"[{""microbatch"": 0, ""layer_id"": 0, ""resident_bytes"": 95191040, ""offloaded_bytes"": 8388608}]"
86,86,0,FWD,0,0,fwd,1,fc1,fwd_comm_end@1:fc1,FREE,comm:1:7:fc1,33554432,communication,267919360,179077120,101187584,0,0,0,26738688,0,0,0,0,0,0,0,-33554432,0,574922752,-33554432,False,[],"[{""microbatch"": 0, ""layer_id"": 0, ""resident_bytes"": 95191040, ""offloaded_bytes"": 8388608}]"
87,87,0,FWD,0,0,fwd,1,swiglu,fwd_output@1:8,ALLOC,act|shard=2:tp|partial=complete|dtype=default,11272192,act_live,267919360,190349312,101187584,0,0,0,26738688,0,0,11272192,0,0,0,0,0,0,586194944,11272192,False,[],"[{""microbatch"": 0, ""layer_id"": 0, ""resident_bytes"": 95191040, ""offloaded_bytes"": 8388608}]"
88,88,0,FWD,0,0,fwd,1,swiglu,fwd_op_execute@1:swiglu,MARK,op:1:8:swiglu,0,,267919360,190349312,101187584,0,0,0,26738688,0,0,0,0,0,0,0,0,0,586194944,0,False,[],"[{""microbatch"": 0, ""layer_id"": 0, ""resident_bytes"": 95191040, ""offloaded_bytes"": 8388608}]"
89,89,0,FWD,0,0,fwd,1,swiglu,fwd_value_end@1:swiglu,FREE,gate|shard=2:tp|partial=complete|dtype=default,22544384,workspace,267919360,190349312,101187584,0,0,0,4194304,0,0,0,0,0,0,0,-22544384,0,563650560,-22544384,False,[],"[{""microbatch"": 0, ""layer_id"": 0, ""resident_bytes"": 95191040, ""offloaded_bytes"": 8388608}]"
90,90,0,FWD,0,0,fwd,1,fc2,fwd_output@1:9,ALLOC,o2|shard=replicated|partial=tp|dtype=default,33554432,workspace,267919360,190349312,101187584,0,0,0,37748736,0,0,0,0,0,0,0,33554432,0,597204992,33554432,False,[],"[{""microbatch"": 0, ""layer_id"": 0, ""resident_bytes"": 95191040, ""offloaded_bytes"": 8388608}]"
91,91,0,FWD,0,0,fwd,1,fc2,fwd_op_execute@1:fc2,MARK,op:1:9:fc2,0,,267919360,190349312,101187584,0,0,0,37748736,0,0,0,0,0,0,0,0,0,597204992,0,False,[],"[{""microbatch"": 0, ""layer_id"": 0, ""resident_bytes"": 95191040, ""offloaded_bytes"": 8388608}]"
92,92,0,FWD,0,0,fwd,1,fc2,fwd_value_end@1:fc2,FREE,o2|shard=replicated|partial=tp|dtype=default,33554432,workspace,267919360,190349312,101187584,0,0,0,4194304,0,0,0,0,0,0,0,-33554432,0,563650560,-33554432,False,[],"[{""microbatch"": 0, ""layer_id"": 0, ""resident_bytes"": 95191040, ""offloaded_bytes"": 8388608}]"
93,93,0,FWD,0,0,fwd,1,add2,fwd_input@1:10,ALLOC,o2|shard=0:tp|partial=complete|dtype=default,4194304,workspace,267919360,190349312,101187584,0,0,0,8388608,0,0,0,0,0,0,0,4194304,0,567844864,4194304,False,[],"[{""microbatch"": 0, ""layer_id"": 0, ""resident_bytes"": 95191040, ""offloaded_bytes"": 8388608}]"
94,94,0,FWD,0,0,fwd,1,add2,fwd_output@1:10,ALLOC,h2|shard=0:tp|partial=complete|dtype=default,4194304,workspace,267919360,190349312,101187584,0,0,0,12582912,0,0,0,0,0,0,0,4194304,0,572039168,4194304,False,[],"[{""microbatch"": 0, ""layer_id"": 0, ""resident_bytes"": 95191040, ""offloaded_bytes"": 8388608}]"
95,95,0,FWD,0,0,fwd,1,add2,fwd_comm@1:add2,ALLOC,comm:1:10:add2,4194304,communication,267919360,190349312,101187584,0,0,0,16777216,0,0,0,0,0,0,0,4194304,0,576233472,4194304,False,[],"[{""microbatch"": 0, ""layer_id"": 0, ""resident_bytes"": 95191040, ""offloaded_bytes"": 8388608}]"
96,96,0,FWD,0,0,fwd,1,add2,fwd_op_execute@1:add2,MARK,op:1:10:add2,0,,267919360,190349312,101187584,0,0,0,16777216,0,0,0,0,0,0,0,0,0,576233472,0,False,[],"[{""microbatch"": 0, ""layer_id"": 0, ""resident_bytes"": 95191040, ""offloaded_bytes"": 8388608}]"
97,97,0,FWD,0,0,fwd,1,add2,fwd_comm_end@1:add2,FREE,comm:1:10:add2,4194304,communication,267919360,190349312,101187584,0,0,0,12582912,0,0,0,0,0,0,0,-4194304,0,572039168,-4194304,False,[],"[{""microbatch"": 0, ""layer_id"": 0, ""resident_bytes"": 95191040, ""offloaded_bytes"": 8388608}]"
98,98,0,FWD,0,0,fwd,1,add2,fwd_value_end@1:add2,FREE,h2|shard=0:tp|partial=complete|dtype=default,4194304,workspace,267919360,190349312,101187584,0,0,0,8388608,0,0,0,0,0,0,0,-4194304,0,567844864,-4194304,False,[],"[{""microbatch"": 0, ""layer_id"": 0, ""resident_bytes"": 95191040, ""offloaded_bytes"": 8388608}]"
99,99,0,FWD,0,0,fwd,1,add2,fwd_value_end@1:add2,FREE,h1|shard=0:tp|partial=complete|dtype=default,4194304,workspace,267919360,190349312,101187584,0,0,0,4194304,0,0,0,0,0,0,0,-4194304,0,563650560,-4194304,False,[],"[{""microbatch"": 0, ""layer_id"": 0, ""resident_bytes"": 95191040, ""offloaded_bytes"": 8388608}]"
100,100,0,FWD,0,0,fwd,1,add2,fwd_value_end@1:add2,FREE,o2|shard=0:tp|partial=complete|dtype=default,4194304,workspace,267919360,190349312,101187584,0,0,0,0,0,0,0,0,0,0,0,-4194304,0,559456256,-4194304,False,[],"[{""microbatch"": 0, ""layer_id"": 0, ""resident_bytes"": 95191040, ""offloaded_bytes"": 8388608}]"
101,101,0,FWD,0,0,fwd,1,,fwd_end@1,,,0,,267919360,190349312,101187584,0,0,0,0,0,0,0,0,0,0,0,0,0,559456256,0,False,[],"[{""microbatch"": 0, ""layer_id"": 0, ""resident_bytes"": 95191040, ""offloaded_bytes"": 8388608}, {""microbatch"": 0, ""layer_id"": 1, ""resident_bytes"": 95158272, ""offloaded_bytes"": 8388608}]"
102,102,0,FWD,0,0,fwd,2,,fwd_gather@2,,,0,,267919360,190349312,101187584,0,0,0,0,0,0,0,0,0,0,0,0,0,559456256,0,False,[],"[{""microbatch"": 0, ""layer_id"": 0, ""resident_bytes"": 95191040, ""offloaded_bytes"": 8388608}, {""microbatch"": 0, ""layer_id"": 1, ""resident_bytes"": 95158272, ""offloaded_bytes"": 8388608}]"
103,103,0,FWD,0,0,fwd,2,ln1,fwd_input@2:0,ALLOC,x|shard=0:tp|partial=complete|dtype=default,4194304,workspace,267919360,190349312,101187584,0,0,0,4194304,0,0,0,0,0,0,0,4194304,0,563650560,4194304,False,[],"[{""microbatch"": 0, ""layer_id"": 0, ""resident_bytes"": 95191040, ""offloaded_bytes"": 8388608}, {""microbatch"": 0, ""layer_id"": 1, ""resident_bytes"": 95158272, ""offloaded_bytes"": 8388608}]"
104,104,0,FWD,0,0,fwd,2,ln1,fwd_output@2:0,ALLOC,ln1|shard=0:tp|partial=complete|dtype=default,4194304,workspace,267919360,190349312,101187584,0,0,0,8388608,0,0,0,0,0,0,0,4194304,0,567844864,4194304,False,[],"[{""microbatch"": 0, ""layer_id"": 0, ""resident_bytes"": 95191040, ""offloaded_bytes"": 8388608}, {""microbatch"": 0, ""layer_id"": 1, ""resident_bytes"": 95158272, ""offloaded_bytes"": 8388608}]"
105,105,0,FWD,0,0,fwd,2,ln1,fwd_op_execute@2:ln1,MARK,op:2:0:ln1,0,,267919360,190349312,101187584,0,0,0,8388608,0,0,0,0,0,0,0,0,0,567844864,0,False,[],"[{""microbatch"": 0, ""layer_id"": 0, ""resident_bytes"": 95191040, ""offloaded_bytes"": 8388608}, {""microbatch"": 0, ""layer_id"": 1, ""resident_bytes"": 95158272, ""offloaded_bytes"": 8388608}]"
106,106,0,FWD,0,0,fwd,2,ln1,fwd_value_end@2:ln1,FREE,ln1|shard=0:tp|partial=complete|dtype=default,4194304,workspace,267919360,190349312,101187584,0,0,0,4194304,0,0,0,0,0,0,0,-4194304,0,563650560,-4194304,False,[],"[{""microbatch"": 0, ""layer_id"": 0, ""resident_bytes"": 95191040, ""offloaded_bytes"": 8388608}, {""microbatch"": 0, ""layer_id"": 1, ""resident_bytes"": 95158272, ""offloaded_bytes"": 8388608}]"
107,107,0,FWD,0,0,fwd,2,qkv,fwd_input@2:1,ALLOC,ln1|shard=replicated|partial=complete|dtype=default,33554432,act_live,267919360,223903744,101187584,0,0,0,4194304,0,0,33554432,0,0,0,0,0,0,597204992,33554432,False,[],"[{""microbatch"": 0, ""layer_id"": 0, ""resident_bytes"": 95191040, ""offloaded_bytes"": 8388608}, {""microbatch"": 0, ""layer_id"": 1, ""resident_bytes"": 95158272, ""offloaded_bytes"": 8388608}]"
108,108,0,FWD,0,0,fwd,2,qkv,fwd_output@2:1,ALLOC,qkv|shard=2:tp|partial=complete|dtype=default,12582912,act_live,267919360,236486656,101187584,0,0,0,4194304,0,0,12582912,0,0,0,0,0,0,609787904,12582912,True,[],"[{""microbatch"": 0, ""layer_id"": 0, ""resident_bytes"": 95191040, ""offloaded_bytes"": 8388608}, {""microbatch"": 0, ""layer_id"": 1, ""resident_bytes"": 95158272, ""offloaded_bytes"": 8388608}]"
109,109,0,FWD,0,0,fwd,2,qkv,fwd_comm@2:qkv,ALLOC,comm:2:1:qkv,33554432,communication,267919360,236486656,101187584,0,0,0,37748736,0,0,0,0,0,0,0,33554432,0,643342336,33554432,True,[],"[{""microbatch"": 0, ""layer_id"": 0, ""resident_bytes"": 95191040, ""offloaded_bytes"": 8388608}, {""microbatch"": 0, ""layer_id"": 1, ""resident_bytes"": 95158272, ""offloaded_bytes"": 8388608}]"
110,110,0,FWD,0,0,fwd,2,qkv,fwd_op_execute@2:qkv,MARK,op:2:1:qkv,0,,267919360,236486656,101187584,0,0,0,37748736,0,0,0,0,0,0,0,0,0,643342336,0,False,[],"[{""microbatch"": 0, ""layer_id"": 0, ""resident_bytes"": 95191040, ""offloaded_bytes"": 8388608}, {""microbatch"": 0, ""layer_id"": 1, ""resident_bytes"": 95158272, ""offloaded_bytes"": 8388608}]"
111,111,0,FWD,0,0,fwd,2,qkv,fwd_comm_end@2:qkv,FREE,comm:2:1:qkv,33554432,communication,267919360,236486656,101187584,0,0,0,4194304,0,0,0,0,0,0,0,-33554432,0,609787904,-33554432,False,[],"[{""microbatch"": 0, ""layer_id"": 0, ""resident_bytes"": 95191040, ""offloaded_bytes"": 8388608}, {""microbatch"": 0, ""layer_id"": 1, ""resident_bytes"": 95158272, ""offloaded_bytes"": 8388608}]"
112,112,0,FWD,0,0,fwd,2,rope,fwd_op_execute@2:rope,MARK,op:2:2:rope,0,,267919360,236486656,101187584,0,0,0,4194304,0,0,0,0,0,0,0,0,0,609787904,0,False,[],"[{""microbatch"": 0, ""layer_id"": 0, ""resident_bytes"": 95191040, ""offloaded_bytes"": 8388608}, {""microbatch"": 0, ""layer_id"": 1, ""resident_bytes"": 95158272, ""offloaded_bytes"": 8388608}]"
113,113,0,FWD,0,0,fwd,2,flash,fwd_output@2:3,ALLOC,attn|shard=2:tp|partial=complete|dtype=default,4194304,act_live,267919360,240680960,101187584,0,0,0,4194304,0,0,4194304,0,0,0,0,0,0,613982208,4194304,False,[],"[{""microbatch"": 0, ""layer_id"": 0, ""resident_bytes"": 95191040, ""offloaded_bytes"": 8388608}, {""microbatch"": 0, ""layer_id"": 1, ""resident_bytes"": 95158272, ""offloaded_bytes"": 8388608}]"
114,114,0,FWD,0,0,fwd,2,flash,fwd_save@2:3,ALLOC,lse|shard=2:tp|partial=complete|dtype=default,32768,workspace,267919360,240680960,101187584,0,0,0,4227072,0,0,0,0,0,0,0,32768,0,614014976,32768,False,[],"[{""microbatch"": 0, ""layer_id"": 0, ""resident_bytes"": 95191040, ""offloaded_bytes"": 8388608}, {""microbatch"": 0, ""layer_id"": 1, ""resident_bytes"": 95158272, ""offloaded_bytes"": 8388608}]"
115,115,0,FWD,0,0,fwd,2,flash,fwd_op@2:flash,ALLOC,workspace:2:3:flash,33554432,workspace,267919360,240680960,101187584,0,0,0,37781504,0,0,0,0,0,0,0,33554432,0,647569408,33554432,True,[],"[{""microbatch"": 0, ""layer_id"": 0, ""resident_bytes"": 95191040, ""offloaded_bytes"": 8388608}, {""microbatch"": 0, ""layer_id"": 1, ""resident_bytes"": 95158272, ""offloaded_bytes"": 8388608}]"
116,116,0,FWD,0,0,fwd,2,flash,fwd_op_execute@2:flash,MARK,op:2:3:flash,0,,267919360,240680960,101187584,0,0,0,37781504,0,0,0,0,0,0,0,0,0,647569408,0,False,[],"[{""microbatch"": 0, ""layer_id"": 0, ""resident_bytes"": 95191040, ""offloaded_bytes"": 8388608}, {""microbatch"": 0, ""layer_id"": 1, ""resident_bytes"": 95158272, ""offloaded_bytes"": 8388608}]"
117,117,0,FWD,0,0,fwd,2,flash,fwd_op_end@2:flash,FREE,workspace:2:3:flash,33554432,workspace,267919360,240680960,101187584,0,0,0,4227072,0,0,0,0,0,0,0,-33554432,0,614014976,-33554432,False,[],"[{""microbatch"": 0, ""layer_id"": 0, ""resident_bytes"": 95191040, ""offloaded_bytes"": 8388608}, {""microbatch"": 0, ""layer_id"": 1, ""resident_bytes"": 95158272, ""offloaded_bytes"": 8388608}]"
118,118,0,FWD,0,0,fwd,2,flash,fwd_value_end@2:flash,FREE,lse|shard=2:tp|partial=complete|dtype=default,32768,workspace,267919360,240680960,101187584,0,0,0,4194304,0,0,0,0,0,0,0,-32768,0,613982208,-32768,False,[],"[{""microbatch"": 0, ""layer_id"": 0, ""resident_bytes"": 95191040, ""offloaded_bytes"": 8388608}, {""microbatch"": 0, ""layer_id"": 1, ""resident_bytes"": 95158272, ""offloaded_bytes"": 8388608}]"
119,119,0,FWD,0,0,fwd,2,o_proj,fwd_output@2:4,ALLOC,o|shard=replicated|partial=tp|dtype=default,33554432,workspace,267919360,240680960,101187584,0,0,0,37748736,0,0,0,0,0,0,0,33554432,0,647536640,33554432,False,[],"[{""microbatch"": 0, ""layer_id"": 0, ""resident_bytes"": 95191040, ""offloaded_bytes"": 8388608}, {""microbatch"": 0, ""layer_id"": 1, ""resident_bytes"": 95158272, ""offloaded_bytes"": 8388608}]"
120,120,0,FWD,0,0,fwd,2,o_proj,fwd_op_execute@2:o_proj,MARK,op:2:4:o_proj,0,,267919360,240680960,101187584,0,0,0,37748736,0,0,0,0,0,0,0,0,0,647536640,0,False,[],"[{""microbatch"": 0, ""layer_id"": 0, ""resident_bytes"": 95191040, ""offloaded_bytes"": 8388608}, {""microbatch"": 0, ""layer_id"": 1, ""resident_bytes"": 95158272, ""offloaded_bytes"": 8388608}]"
121,121,0,FWD,0,0,fwd,2,o_proj,fwd_value_end@2:o_proj,FREE,o|shard=replicated|partial=tp|dtype=default,33554432,workspace,267919360,240680960,101187584,0,0,0,4194304,0,0,0,0,0,0,0,-33554432,0,613982208,-33554432,False,[],"[{""microbatch"": 0, ""layer_id"": 0, ""resident_bytes"": 95191040, ""offloaded_bytes"": 8388608}, {""microbatch"": 0, ""layer_id"": 1, ""resident_bytes"": 95158272, ""offloaded_bytes"": 8388608}]"
122,122,0,FWD,0,0,fwd,2,add1,fwd_input@2:5,ALLOC,o|shard=0:tp|partial=complete|dtype=default,4194304,workspace,267919360,240680960,101187584,0,0,0,8388608,0,0,0,0,0,0,0,4194304,0,618176512,4194304,False,[],"[{""microbatch"": 0, ""layer_id"": 0, ""resident_bytes"": 95191040, ""offloaded_bytes"": 8388608}, {""microbatch"": 0, ""layer_id"": 1, ""resident_bytes"": 95158272, ""offloaded_bytes"": 8388608}]"
123,123,0,FWD,0,0,fwd,2,add1,fwd_output@2:5,ALLOC,h1|shard=0:tp|partial=complete|dtype=default,4194304,workspace,267919360,240680960,101187584,0,0,0,12582912,0,0,0,0,0,0,0,4194304,0,622370816,4194304,False,[],"[{""microbatch"": 0, ""layer_id"": 0, ""resident_bytes"": 95191040, ""offloaded_bytes"": 8388608}, {""microbatch"": 0, ""layer_id"": 1, ""resident_bytes"": 95158272, ""offloaded_bytes"": 8388608}]"
124,124,0,FWD,0,0,fwd,2,add1,fwd_comm@2:add1,ALLOC,comm:2:5:add1,4194304,communication,267919360,240680960,101187584,0,0,0,16777216,0,0,0,0,0,0,0,4194304,0,626565120,4194304,False,[],"[{""microbatch"": 0, ""layer_id"": 0, ""resident_bytes"": 95191040, ""offloaded_bytes"": 8388608}, {""microbatch"": 0, ""layer_id"": 1, ""resident_bytes"": 95158272, ""offloaded_bytes"": 8388608}]"
125,125,0,FWD,0,0,fwd,2,add1,fwd_op_execute@2:add1,MARK,op:2:5:add1,0,,267919360,240680960,101187584,0,0,0,16777216,0,0,0,0,0,0,0,0,0,626565120,0,False,[],"[{""microbatch"": 0, ""layer_id"": 0, ""resident_bytes"": 95191040, ""offloaded_bytes"": 8388608}, {""microbatch"": 0, ""layer_id"": 1, ""resident_bytes"": 95158272, ""offloaded_bytes"": 8388608}]"
126,126,0,FWD,0,0,fwd,2,add1,fwd_comm_end@2:add1,FREE,comm:2:5:add1,4194304,communication,267919360,240680960,101187584,0,0,0,12582912,0,0,0,0,0,0,0,-4194304,0,622370816,-4194304,False,[],"[{""microbatch"": 0, ""layer_id"": 0, ""resident_bytes"": 95191040, ""offloaded_bytes"": 8388608}, {""microbatch"": 0, ""layer_id"": 1, ""resident_bytes"": 95158272, ""offloaded_bytes"": 8388608}]"
127,127,0,FWD,0,0,fwd,2,add1,fwd_value_end@2:add1,FREE,o|shard=0:tp|partial=complete|dtype=default,4194304,workspace,267919360,240680960,101187584,0,0,0,8388608,0,0,0,0,0,0,0,-4194304,0,618176512,-4194304,False,[],"[{""microbatch"": 0, ""layer_id"": 0, ""resident_bytes"": 95191040, ""offloaded_bytes"": 8388608}, {""microbatch"": 0, ""layer_id"": 1, ""resident_bytes"": 95158272, ""offloaded_bytes"": 8388608}]"
128,128,0,FWD,0,0,fwd,2,add1,fwd_value_end@2:add1,FREE,x|shard=0:tp|partial=complete|dtype=default,4194304,workspace,267919360,240680960,101187584,0,0,0,4194304,0,0,0,0,0,0,0,-4194304,0,613982208,-4194304,False,[],"[{""microbatch"": 0, ""layer_id"": 0, ""resident_bytes"": 95191040, ""offloaded_bytes"": 8388608}, {""microbatch"": 0, ""layer_id"": 1, ""resident_bytes"": 95158272, ""offloaded_bytes"": 8388608}]"
129,129,0,FWD,0,0,fwd,2,ln2,fwd_output@2:6,ALLOC,ln2|shard=0:tp|partial=complete|dtype=default,4194304,workspace,267919360,240680960,101187584,0,0,0,8388608,0,0,0,0,0,0,0,4194304,0,618176512,4194304,False,[],"[{""microbatch"": 0, ""layer_id"": 0, ""resident_bytes"": 95191040, ""offloaded_bytes"": 8388608}, {""microbatch"": 0, ""layer_id"": 1, ""resident_bytes"": 95158272, ""offloaded_bytes"": 8388608}]"
130,130,0,FWD,0,0,fwd,2,ln2,fwd_op_execute@2:ln2,MARK,op:2:6:ln2,0,,267919360,240680960,101187584,0,0,0,8388608,0,0,0,0,0,0,0,0,0,618176512,0,False,[],"[{""microbatch"": 0, ""layer_id"": 0, ""resident_bytes"": 95191040, ""offloaded_bytes"": 8388608}, {""microbatch"": 0, ""layer_id"": 1, ""resident_bytes"": 95158272, ""offloaded_bytes"": 8388608}]"
131,131,0,FWD,0,0,fwd,2,ln2,fwd_value_end@2:ln2,FREE,ln2|shard=0:tp|partial=complete|dtype=default,4194304,workspace,267919360,240680960,101187584,0,0,0,4194304,0,0,0,0,0,0,0,-4194304,0,613982208,-4194304,False,[],"[{""microbatch"": 0, ""layer_id"": 0, ""resident_bytes"": 95191040, ""offloaded_bytes"": 8388608}, {""microbatch"": 0, ""layer_id"": 1, ""resident_bytes"": 95158272, ""offloaded_bytes"": 8388608}]"
132,132,0,FWD,0,0,fwd,2,fc1,fwd_input@2:7,ALLOC,ln2|shard=replicated|partial=complete|dtype=default,33554432,act_live,267919360,274235392,101187584,0,0,0,4194304,0,0,33554432,0,0,0,0,0,0,647536640,33554432,False,[],"[{""microbatch"": 0, ""layer_id"": 0, ""resident_bytes"": 95191040, ""offloaded_bytes"": 8388608}, {""microbatch"": 0, ""layer_id"": 1, ""resident_bytes"": 95158272, ""offloaded_bytes"": 8388608}]"
133,133,0,FWD,0,0,fwd,2,fc1,fwd_output@2:7,ALLOC,gate|shard=2:tp|partial=complete|dtype=default,22544384,workspace,267919360,274235392,101187584,0,0,0,26738688,0,0,0,0,0,0,0,22544384,0,670081024,22544384,True,[],"[{""microbatch"": 0, ""layer_id"": 0, ""resident_bytes"": 95191040, ""offloaded_bytes"": 8388608}, {""microbatch"": 0, ""layer_id"": 1, ""resident_bytes"": 95158272, ""offloaded_bytes"": 8388608}]"
134,134,0,FWD,0,0,fwd,2,fc1,fwd_comm@2:fc1,ALLOC,comm:2:7:fc1,33554432,communication,267919360,274235392,101187584,0,0,0,60293120,0,0,0,0,0,0,0,33554432,0,703635456,33554432,True,[],"[{""microbatch"": 0, ""layer_id"": 0, ""resident_bytes"": 95191040, ""offloaded_bytes"": 8388608}, {""microbatch"": 0, ""layer_id"": 1, ""resident_bytes"": 95158272, ""offloaded_bytes"": 8388608}]"
135,135,0,FWD,0,0,fwd,2,fc1,fwd_op_execute@2:fc1,MARK,op:2:7:fc1,0,,267919360,274235392,101187584,0,0,0,60293120,0,0,0,0,0,0,0,0,0,703635456,0,False,[],"[{""microbatch"": 0, ""layer_id"": 0, ""resident_bytes"": 95191040, ""offloaded_bytes"": 8388608}, {""microbatch"": 0, ""layer_id"": 1, ""resident_bytes"": 95158272, ""offloaded_bytes"": 8388608}]"
136,136,0,FWD,0,0,fwd,2,fc1,fwd_comm_end@2:fc1,FREE,comm:2:7:fc1,33554432,communication,267919360,274235392,101187584,0,0,0,26738688,0,0,0,0,0,0,0,-33554432,0,670081024,-33554432,False,[],"[{""microbatch"": 0, ""layer_id"": 0, ""resident_bytes"": 95191040, ""offloaded_bytes"": 8388608}, {""microbatch"": 0, ""layer_id"": 1, ""resident_bytes"": 95158272, ""offloaded_bytes"": 8388608}]"
137,137,0,FWD,0,0,fwd,2,swiglu,fwd_output@2:8,ALLOC,act|shard=2:tp|partial=complete|dtype=default,11272192,act_live,267919360,285507584,101187584,0,0,0,26738688,0,0,11272192,0,0,0,0,0,0,681353216,11272192,False,[],"[{""microbatch"": 0, ""layer_id"": 0, ""resident_bytes"": 95191040, ""offloaded_bytes"": 8388608}, {""microbatch"": 0, ""layer_id"": 1, ""resident_bytes"": 95158272, ""offloaded_bytes"": 8388608}]"
138,138,0,FWD,0,0,fwd,2,swiglu,fwd_op_execute@2:swiglu,MARK,op:2:8:swiglu,0,,267919360,285507584,101187584,0,0,0,26738688,0,0,0,0,0,0,0,0,0,681353216,0,False,[],"[{""microbatch"": 0, ""layer_id"": 0, ""resident_bytes"": 95191040, ""offloaded_bytes"": 8388608}, {""microbatch"": 0, ""layer_id"": 1, ""resident_bytes"": 95158272, ""offloaded_bytes"": 8388608}]"
139,139,0,FWD,0,0,fwd,2,swiglu,fwd_value_end@2:swiglu,FREE,gate|shard=2:tp|partial=complete|dtype=default,22544384,workspace,267919360,285507584,101187584,0,0,0,4194304,0,0,0,0,0,0,0,-22544384,0,658808832,-22544384,False,[],"[{""microbatch"": 0, ""layer_id"": 0, ""resident_bytes"": 95191040, ""offloaded_bytes"": 8388608}, {""microbatch"": 0, ""layer_id"": 1, ""resident_bytes"": 95158272, ""offloaded_bytes"": 8388608}]"
140,140,0,FWD,0,0,fwd,2,fc2,fwd_output@2:9,ALLOC,o2|shard=replicated|partial=tp|dtype=default,33554432,workspace,267919360,285507584,101187584,0,0,0,37748736,0,0,0,0,0,0,0,33554432,0,692363264,33554432,False,[],"[{""microbatch"": 0, ""layer_id"": 0, ""resident_bytes"": 95191040, ""offloaded_bytes"": 8388608}, {""microbatch"": 0, ""layer_id"": 1, ""resident_bytes"": 95158272, ""offloaded_bytes"": 8388608}]"
141,141,0,FWD,0,0,fwd,2,fc2,fwd_op_execute@2:fc2,MARK,op:2:9:fc2,0,,267919360,285507584,101187584,0,0,0,37748736,0,0,0,0,0,0,0,0,0,692363264,0,False,[],"[{""microbatch"": 0, ""layer_id"": 0, ""resident_bytes"": 95191040, ""offloaded_bytes"": 8388608}, {""microbatch"": 0, ""layer_id"": 1, ""resident_bytes"": 95158272, ""offloaded_bytes"": 8388608}]"
142,142,0,FWD,0,0,fwd,2,fc2,fwd_value_end@2:fc2,FREE,o2|shard=replicated|partial=tp|dtype=default,33554432,workspace,267919360,285507584,101187584,0,0,0,4194304,0,0,0,0,0,0,0,-33554432,0,658808832,-33554432,False,[],"[{""microbatch"": 0, ""layer_id"": 0, ""resident_bytes"": 95191040, ""offloaded_bytes"": 8388608}, {""microbatch"": 0, ""layer_id"": 1, ""resident_bytes"": 95158272, ""offloaded_bytes"": 8388608}]"
143,143,0,FWD,0,0,fwd,2,add2,fwd_input@2:10,ALLOC,o2|shard=0:tp|partial=complete|dtype=default,4194304,workspace,267919360,285507584,101187584,0,0,0,8388608,0,0,0,0,0,0,0,4194304,0,663003136,4194304,False,[],"[{""microbatch"": 0, ""layer_id"": 0, ""resident_bytes"": 95191040, ""offloaded_bytes"": 8388608}, {""microbatch"": 0, ""layer_id"": 1, ""resident_bytes"": 95158272, ""offloaded_bytes"": 8388608}]"
144,144,0,FWD,0,0,fwd,2,add2,fwd_output@2:10,ALLOC,h2|shard=0:tp|partial=complete|dtype=default,4194304,workspace,267919360,285507584,101187584,0,0,0,12582912,0,0,0,0,0,0,0,4194304,0,667197440,4194304,False,[],"[{""microbatch"": 0, ""layer_id"": 0, ""resident_bytes"": 95191040, ""offloaded_bytes"": 8388608}, {""microbatch"": 0, ""layer_id"": 1, ""resident_bytes"": 95158272, ""offloaded_bytes"": 8388608}]"
145,145,0,FWD,0,0,fwd,2,add2,fwd_comm@2:add2,ALLOC,comm:2:10:add2,4194304,communication,267919360,285507584,101187584,0,0,0,16777216,0,0,0,0,0,0,0,4194304,0,671391744,4194304,False,[],"[{""microbatch"": 0, ""layer_id"": 0, ""resident_bytes"": 95191040, ""offloaded_bytes"": 8388608}, {""microbatch"": 0, ""layer_id"": 1, ""resident_bytes"": 95158272, ""offloaded_bytes"": 8388608}]"
146,146,0,FWD,0,0,fwd,2,add2,fwd_op_execute@2:add2,MARK,op:2:10:add2,0,,267919360,285507584,101187584,0,0,0,16777216,0,0,0,0,0,0,0,0,0,671391744,0,False,[],"[{""microbatch"": 0, ""layer_id"": 0, ""resident_bytes"": 95191040, ""offloaded_bytes"": 8388608}, {""microbatch"": 0, ""layer_id"": 1, ""resident_bytes"": 95158272, ""offloaded_bytes"": 8388608}]"
147,147,0,FWD,0,0,fwd,2,add2,fwd_comm_end@2:add2,FREE,comm:2:10:add2,4194304,communication,267919360,285507584,101187584,0,0,0,12582912,0,0,0,0,0,0,0,-4194304,0,667197440,-4194304,False,[],"[{""microbatch"": 0, ""layer_id"": 0, ""resident_bytes"": 95191040, ""offloaded_bytes"": 8388608}, {""microbatch"": 0, ""layer_id"": 1, ""resident_bytes"": 95158272, ""offloaded_bytes"": 8388608}]"
148,148,0,FWD,0,0,fwd,2,add2,fwd_value_end@2:add2,FREE,h2|shard=0:tp|partial=complete|dtype=default,4194304,workspace,267919360,285507584,101187584,0,0,0,8388608,0,0,0,0,0,0,0,-4194304,0,663003136,-4194304,False,[],"[{""microbatch"": 0, ""layer_id"": 0, ""resident_bytes"": 95191040, ""offloaded_bytes"": 8388608}, {""microbatch"": 0, ""layer_id"": 1, ""resident_bytes"": 95158272, ""offloaded_bytes"": 8388608}]"
149,149,0,FWD,0,0,fwd,2,add2,fwd_value_end@2:add2,FREE,h1|shard=0:tp|partial=complete|dtype=default,4194304,workspace,267919360,285507584,101187584,0,0,0,4194304,0,0,0,0,0,0,0,-4194304,0,658808832,-4194304,False,[],"[{""microbatch"": 0, ""layer_id"": 0, ""resident_bytes"": 95191040, ""offloaded_bytes"": 8388608}, {""microbatch"": 0, ""layer_id"": 1, ""resident_bytes"": 95158272, ""offloaded_bytes"": 8388608}]"
150,150,0,FWD,0,0,fwd,2,add2,fwd_value_end@2:add2,FREE,o2|shard=0:tp|partial=complete|dtype=default,4194304,workspace,267919360,285507584,101187584,0,0,0,0,0,0,0,0,0,0,0,-4194304,0,654614528,-4194304,False,[],"[{""microbatch"": 0, ""layer_id"": 0, ""resident_bytes"": 95191040, ""offloaded_bytes"": 8388608}, {""microbatch"": 0, ""layer_id"": 1, ""resident_bytes"": 95158272, ""offloaded_bytes"": 8388608}]"
151,151,0,FWD,0,0,fwd,2,,fwd_end@2,,,0,,267919360,285507584,101187584,0,0,0,0,0,0,0,0,0,0,0,0,0,654614528,0,False,[],"[{""microbatch"": 0, ""layer_id"": 0, ""resident_bytes"": 95191040, ""offloaded_bytes"": 8388608}, {""microbatch"": 0, ""layer_id"": 1, ""resident_bytes"": 95158272, ""offloaded_bytes"": 8388608}, {""microbatch"": 0, ""layer_id"": 2, ""resident_bytes"": 95158272, ""offloaded_bytes"": 8388608}]"
152,152,0,FWD,0,0,fwd,3,,fwd_gather@3,,,0,,267919360,285507584,50593792,0,0,0,0,0,0,0,-50593792,0,0,0,0,0,604020736,-50593792,False,[],"[{""microbatch"": 0, ""layer_id"": 0, ""resident_bytes"": 95191040, ""offloaded_bytes"": 8388608}, {""microbatch"": 0, ""layer_id"": 1, ""resident_bytes"": 95158272, ""offloaded_bytes"": 8388608}, {""microbatch"": 0, ""layer_id"": 2, ""resident_bytes"": 95158272, ""offloaded_bytes"": 8388608}]"
153,153,0,FWD,0,0,fwd,3,ln1,fwd_input@3:0,ALLOC,x|shard=0:tp|partial=complete|dtype=default,4194304,workspace,267919360,285507584,50593792,0,0,0,4194304,0,0,0,0,0,0,0,4194304,0,608215040,4194304,False,[],"[{""microbatch"": 0, ""layer_id"": 0, ""resident_bytes"": 95191040, ""offloaded_bytes"": 8388608}, {""microbatch"": 0, ""layer_id"": 1, ""resident_bytes"": 95158272, ""offloaded_bytes"": 8388608}, {""microbatch"": 0, ""layer_id"": 2, ""resident_bytes"": 95158272, ""offloaded_bytes"": 8388608}]"
154,154,0,FWD,0,0,fwd,3,ln1,fwd_output@3:0,ALLOC,ln1|shard=0:tp|partial=complete|dtype=default,4194304,workspace,267919360,285507584,50593792,0,0,0,8388608,0,0,0,0,0,0,0,4194304,0,612409344,4194304,False,[],"[{""microbatch"": 0, ""layer_id"": 0, ""resident_bytes"": 95191040, ""offloaded_bytes"": 8388608}, {""microbatch"": 0, ""layer_id"": 1, ""resident_bytes"": 95158272, ""offloaded_bytes"": 8388608}, {""microbatch"": 0, ""layer_id"": 2, ""resident_bytes"": 95158272, ""offloaded_bytes"": 8388608}]"
155,155,0,FWD,0,0,fwd,3,ln1,fwd_op_execute@3:ln1,MARK,op:3:0:ln1,0,,267919360,285507584,50593792,0,0,0,8388608,0,0,0,0,0,0,0,0,0,612409344,0,False,[],"[{""microbatch"": 0, ""layer_id"": 0, ""resident_bytes"": 95191040, ""offloaded_bytes"": 8388608}, {""microbatch"": 0, ""layer_id"": 1, ""resident_bytes"": 95158272, ""offloaded_bytes"": 8388608}, {""microbatch"": 0, ""layer_id"": 2, ""resident_bytes"": 95158272, ""offloaded_bytes"": 8388608}]"
156,156,0,FWD,0,0,fwd,3,ln1,fwd_value_end@3:ln1,FREE,ln1|shard=0:tp|partial=complete|dtype=default,4194304,workspace,267919360,285507584,50593792,0,0,0,4194304,0,0,0,0,0,0,0,-4194304,0,608215040,-4194304,False,[],"[{""microbatch"": 0, ""layer_id"": 0, ""resident_bytes"": 95191040, ""offloaded_bytes"": 8388608}, {""microbatch"": 0, ""layer_id"": 1, ""resident_bytes"": 95158272, ""offloaded_bytes"": 8388608}, {""microbatch"": 0, ""layer_id"": 2, ""resident_bytes"": 95158272, ""offloaded_bytes"": 8388608}]"
157,157,0,FWD,0,0,fwd,3,qkv,fwd_input@3:1,ALLOC,ln1|shard=replicated|partial=complete|dtype=default,33554432,act_live,267919360,319062016,50593792,0,0,0,4194304,0,0,33554432,0,0,0,0,0,0,641769472,33554432,False,[],"[{""microbatch"": 0, ""layer_id"": 0, ""resident_bytes"": 95191040, ""offloaded_bytes"": 8388608}, {""microbatch"": 0, ""layer_id"": 1, ""resident_bytes"": 95158272, ""offloaded_bytes"": 8388608}, {""microbatch"": 0, ""layer_id"": 2, ""resident_bytes"": 95158272, ""offloaded_bytes"": 8388608}]"
158,158,0,FWD,0,0,fwd,3,qkv,fwd_output@3:1,ALLOC,qkv|shard=2:tp|partial=complete|dtype=default,12582912,act_live,267919360,331644928,50593792,0,0,0,4194304,0,0,12582912,0,0,0,0,0,0,654352384,12582912,False,[],"[{""microbatch"": 0, ""layer_id"": 0, ""resident_bytes"": 95191040, ""offloaded_bytes"": 8388608}, {""microbatch"": 0, ""layer_id"": 1, ""resident_bytes"": 95158272, ""offloaded_bytes"": 8388608}, {""microbatch"": 0, ""layer_id"": 2, ""resident_bytes"": 95158272, ""offloaded_bytes"": 8388608}]"
159,159,0,FWD,0,0,fwd,3,qkv,fwd_comm@3:qkv,ALLOC,comm:3:1:qkv,33554432,communication,267919360,331644928,50593792,0,0,0,37748736,0,0,0,0,0,0,0,33554432,0,687906816,33554432,False,[],"[{""microbatch"": 0, ""layer_id"": 0, ""resident_bytes"": 95191040, ""offloaded_bytes"": 8388608}, {""microbatch"": 0, ""layer_id"": 1, ""resident_bytes"": 95158272, ""offloaded_bytes"": 8388608}, {""microbatch"": 0, ""layer_id"": 2, ""resident_bytes"": 95158272, ""offloaded_bytes"": 8388608}]"
160,160,0,FWD,0,0,fwd,3,qkv,fwd_op_execute@3:qkv,MARK,op:3:1:qkv,0,,267919360,331644928,50593792,0,0,0,37748736,0,0,0,0,0,0,0,0,0,687906816,0,False,[],"[{""microbatch"": 0, ""layer_id"": 0, ""resident_bytes"": 95191040, ""offloaded_bytes"": 8388608}, {""microbatch"": 0, ""layer_id"": 1, ""resident_bytes"": 95158272, ""offloaded_bytes"": 8388608}, {""microbatch"": 0, ""layer_id"": 2, ""resident_bytes"": 95158272, ""offloaded_bytes"": 8388608}]"
161,161,0,FWD,0,0,fwd,3,qkv,fwd_comm_end@3:qkv,FREE,comm:3:1:qkv,33554432,communication,267919360,331644928,50593792,0,0,0,4194304,0,0,0,0,0,0,0,-33554432,0,654352384,-33554432,False,[],"[{""microbatch"": 0, ""layer_id"": 0, ""resident_bytes"": 95191040, ""offloaded_bytes"": 8388608}, {""microbatch"": 0, ""layer_id"": 1, ""resident_bytes"": 95158272, ""offloaded_bytes"": 8388608}, {""microbatch"": 0, ""layer_id"": 2, ""resident_bytes"": 95158272, ""offloaded_bytes"": 8388608}]"
162,162,0,FWD,0,0,fwd,3,rope,fwd_op_execute@3:rope,MARK,op:3:2:rope,0,,267919360,331644928,50593792,0,0,0,4194304,0,0,0,0,0,0,0,0,0,654352384,0,False,[],"[{""microbatch"": 0, ""layer_id"": 0, ""resident_bytes"": 95191040, ""offloaded_bytes"": 8388608}, {""microbatch"": 0, ""layer_id"": 1, ""resident_bytes"": 95158272, ""offloaded_bytes"": 8388608}, {""microbatch"": 0, ""layer_id"": 2, ""resident_bytes"": 95158272, ""offloaded_bytes"": 8388608}]"
163,163,0,FWD,0,0,fwd,3,flash,fwd_output@3:3,ALLOC,attn|shard=2:tp|partial=complete|dtype=default,4194304,act_live,267919360,335839232,50593792,0,0,0,4194304,0,0,4194304,0,0,0,0,0,0,658546688,4194304,False,[],"[{""microbatch"": 0, ""layer_id"": 0, ""resident_bytes"": 95191040, ""offloaded_bytes"": 8388608}, {""microbatch"": 0, ""layer_id"": 1, ""resident_bytes"": 95158272, ""offloaded_bytes"": 8388608}, {""microbatch"": 0, ""layer_id"": 2, ""resident_bytes"": 95158272, ""offloaded_bytes"": 8388608}]"
164,164,0,FWD,0,0,fwd,3,flash,fwd_save@3:3,ALLOC,lse|shard=2:tp|partial=complete|dtype=default,32768,workspace,267919360,335839232,50593792,0,0,0,4227072,0,0,0,0,0,0,0,32768,0,658579456,32768,False,[],"[{""microbatch"": 0, ""layer_id"": 0, ""resident_bytes"": 95191040, ""offloaded_bytes"": 8388608}, {""microbatch"": 0, ""layer_id"": 1, ""resident_bytes"": 95158272, ""offloaded_bytes"": 8388608}, {""microbatch"": 0, ""layer_id"": 2, ""resident_bytes"": 95158272, ""offloaded_bytes"": 8388608}]"
165,165,0,FWD,0,0,fwd,3,flash,fwd_op@3:flash,ALLOC,workspace:3:3:flash,33554432,workspace,267919360,335839232,50593792,0,0,0,37781504,0,0,0,0,0,0,0,33554432,0,692133888,33554432,False,[],"[{""microbatch"": 0, ""layer_id"": 0, ""resident_bytes"": 95191040, ""offloaded_bytes"": 8388608}, {""microbatch"": 0, ""layer_id"": 1, ""resident_bytes"": 95158272, ""offloaded_bytes"": 8388608}, {""microbatch"": 0, ""layer_id"": 2, ""resident_bytes"": 95158272, ""offloaded_bytes"": 8388608}]"
166,166,0,FWD,0,0,fwd,3,flash,fwd_op_execute@3:flash,MARK,op:3:3:flash,0,,267919360,335839232,50593792,0,0,0,37781504,0,0,0,0,0,0,0,0,0,692133888,0,False,[],"[{""microbatch"": 0, ""layer_id"": 0, ""resident_bytes"": 95191040, ""offloaded_bytes"": 8388608}, {""microbatch"": 0, ""layer_id"": 1, ""resident_bytes"": 95158272, ""offloaded_bytes"": 8388608}, {""microbatch"": 0, ""layer_id"": 2, ""resident_bytes"": 95158272, ""offloaded_bytes"": 8388608}]"
167,167,0,FWD,0,0,fwd,3,flash,fwd_op_end@3:flash,FREE,workspace:3:3:flash,33554432,workspace,267919360,335839232,50593792,0,0,0,4227072,0,0,0,0,0,0,0,-33554432,0,658579456,-33554432,False,[],"[{""microbatch"": 0, ""layer_id"": 0, ""resident_bytes"": 95191040, ""offloaded_bytes"": 8388608}, {""microbatch"": 0, ""layer_id"": 1, ""resident_bytes"": 95158272, ""offloaded_bytes"": 8388608}, {""microbatch"": 0, ""layer_id"": 2, ""resident_bytes"": 95158272, ""offloaded_bytes"": 8388608}]"
168,168,0,FWD,0,0,fwd,3,flash,fwd_value_end@3:flash,FREE,lse|shard=2:tp|partial=complete|dtype=default,32768,workspace,267919360,335839232,50593792,0,0,0,4194304,0,0,0,0,0,0,0,-32768,0,658546688,-32768,False,[],"[{""microbatch"": 0, ""layer_id"": 0, ""resident_bytes"": 95191040, ""offloaded_bytes"": 8388608}, {""microbatch"": 0, ""layer_id"": 1, ""resident_bytes"": 95158272, ""offloaded_bytes"": 8388608}, {""microbatch"": 0, ""layer_id"": 2, ""resident_bytes"": 95158272, ""offloaded_bytes"": 8388608}]"
169,169,0,FWD,0,0,fwd,3,o_proj,fwd_output@3:4,ALLOC,o|shard=replicated|partial=tp|dtype=default,33554432,workspace,267919360,335839232,50593792,0,0,0,37748736,0,0,0,0,0,0,0,33554432,0,692101120,33554432,False,[],"[{""microbatch"": 0, ""layer_id"": 0, ""resident_bytes"": 95191040, ""offloaded_bytes"": 8388608}, {""microbatch"": 0, ""layer_id"": 1, ""resident_bytes"": 95158272, ""offloaded_bytes"": 8388608}, {""microbatch"": 0, ""layer_id"": 2, ""resident_bytes"": 95158272, ""offloaded_bytes"": 8388608}]"
170,170,0,FWD,0,0,fwd,3,o_proj,fwd_op_execute@3:o_proj,MARK,op:3:4:o_proj,0,,267919360,335839232,50593792,0,0,0,37748736,0,0,0,0,0,0,0,0,0,692101120,0,False,[],"[{""microbatch"": 0, ""layer_id"": 0, ""resident_bytes"": 95191040, ""offloaded_bytes"": 8388608}, {""microbatch"": 0, ""layer_id"": 1, ""resident_bytes"": 95158272, ""offloaded_bytes"": 8388608}, {""microbatch"": 0, ""layer_id"": 2, ""resident_bytes"": 95158272, ""offloaded_bytes"": 8388608}]"
171,171,0,FWD,0,0,fwd,3,o_proj,fwd_value_end@3:o_proj,FREE,o|shard=replicated|partial=tp|dtype=default,33554432,workspace,267919360,335839232,50593792,0,0,0,4194304,0,0,0,0,0,0,0,-33554432,0,658546688,-33554432,False,[],"[{""microbatch"": 0, ""layer_id"": 0, ""resident_bytes"": 95191040, ""offloaded_bytes"": 8388608}, {""microbatch"": 0, ""layer_id"": 1, ""resident_bytes"": 95158272, ""offloaded_bytes"": 8388608}, {""microbatch"": 0, ""layer_id"": 2, ""resident_bytes"": 95158272, ""offloaded_bytes"": 8388608}]"
172,172,0,FWD,0,0,fwd,3,add1,fwd_input@3:5,ALLOC,o|shard=0:tp|partial=complete|dtype=default,4194304,workspace,267919360,335839232,50593792,0,0,0,8388608,0,0,0,0,0,0,0,4194304,0,662740992,4194304,False,[],"[{""microbatch"": 0, ""layer_id"": 0, ""resident_bytes"": 95191040, ""offloaded_bytes"": 8388608}, {""microbatch"": 0, ""layer_id"": 1, ""resident_bytes"": 95158272, ""offloaded_bytes"": 8388608}, {""microbatch"": 0, ""layer_id"": 2, ""resident_bytes"": 95158272, ""offloaded_bytes"": 8388608}]"
173,173,0,FWD,0,0,fwd,3,add1,fwd_output@3:5,ALLOC,h1|shard=0:tp|partial=complete|dtype=default,4194304,workspace,267919360,335839232,50593792,0,0,0,12582912,0,0,0,0,0,0,0,4194304,0,666935296,4194304,False,[],"[{""microbatch"": 0, ""layer_id"": 0, ""resident_bytes"": 95191040, ""offloaded_bytes"": 8388608}, {""microbatch"": 0, ""layer_id"": 1, ""resident_bytes"": 95158272, ""offloaded_bytes"": 8388608}, {""microbatch"": 0, ""layer_id"": 2, ""resident_bytes"": 95158272, ""offloaded_bytes"": 8388608}]"
174,174,0,FWD,0,0,fwd,3,add1,fwd_comm@3:add1,ALLOC,comm:3:5:add1,4194304,communication,267919360,335839232,50593792,0,0,0,16777216,0,0,0,0,0,0,0,4194304,0,671129600,4194304,False,[],"[{""microbatch"": 0, ""layer_id"": 0, ""resident_bytes"": 95191040, ""offloaded_bytes"": 8388608}, {""microbatch"": 0, ""layer_id"": 1, ""resident_bytes"": 95158272, ""offloaded_bytes"": 8388608}, {""microbatch"": 0, ""layer_id"": 2, ""resident_bytes"": 95158272, ""offloaded_bytes"": 8388608}]"
175,175,0,FWD,0,0,fwd,3,add1,fwd_op_execute@3:add1,MARK,op:3:5:add1,0,,267919360,335839232,50593792,0,0,0,16777216,0,0,0,0,0,0,0,0,0,671129600,0,False,[],"[{""microbatch"": 0, ""layer_id"": 0, ""resident_bytes"": 95191040, ""offloaded_bytes"": 8388608}, {""microbatch"": 0, ""layer_id"": 1, ""resident_bytes"": 95158272, ""offloaded_bytes"": 8388608}, {""microbatch"": 0, ""layer_id"": 2, ""resident_bytes"": 95158272, ""offloaded_bytes"": 8388608}]"
176,176,0,FWD,0,0,fwd,3,add1,fwd_comm_end@3:add1,FREE,comm:3:5:add1,4194304,communication,267919360,335839232,50593792,0,0,0,12582912,0,0,0,0,0,0,0,-4194304,0,666935296,-4194304,False,[],"[{""microbatch"": 0, ""layer_id"": 0, ""resident_bytes"": 95191040, ""offloaded_bytes"": 8388608}, {""microbatch"": 0, ""layer_id"": 1, ""resident_bytes"": 95158272, ""offloaded_bytes"": 8388608}, {""microbatch"": 0, ""layer_id"": 2, ""resident_bytes"": 95158272, ""offloaded_bytes"": 8388608}]"
177,177,0,FWD,0,0,fwd,3,add1,fwd_value_end@3:add1,FREE,o|shard=0:tp|partial=complete|dtype=default,4194304,workspace,267919360,335839232,50593792,0,0,0,8388608,0,0,0,0,0,0,0,-4194304,0,662740992,-4194304,False,[],"[{""microbatch"": 0, ""layer_id"": 0, ""resident_bytes"": 95191040, ""offloaded_bytes"": 8388608}, {""microbatch"": 0, ""layer_id"": 1, ""resident_bytes"": 95158272, ""offloaded_bytes"": 8388608}, {""microbatch"": 0, ""layer_id"": 2, ""resident_bytes"": 95158272, ""offloaded_bytes"": 8388608}]"
178,178,0,FWD,0,0,fwd,3,add1,fwd_value_end@3:add1,FREE,x|shard=0:tp|partial=complete|dtype=default,4194304,workspace,267919360,335839232,50593792,0,0,0,4194304,0,0,0,0,0,0,0,-4194304,0,658546688,-4194304,False,[],"[{""microbatch"": 0, ""layer_id"": 0, ""resident_bytes"": 95191040, ""offloaded_bytes"": 8388608}, {""microbatch"": 0, ""layer_id"": 1, ""resident_bytes"": 95158272, ""offloaded_bytes"": 8388608}, {""microbatch"": 0, ""layer_id"": 2, ""resident_bytes"": 95158272, ""offloaded_bytes"": 8388608}]"
179,179,0,FWD,0,0,fwd,3,ln2,fwd_output@3:6,ALLOC,ln2|shard=0:tp|partial=complete|dtype=default,4194304,workspace,267919360,335839232,50593792,0,0,0,8388608,0,0,0,0,0,0,0,4194304,0,662740992,4194304,False,[],"[{""microbatch"": 0, ""layer_id"": 0, ""resident_bytes"": 95191040, ""offloaded_bytes"": 8388608}, {""microbatch"": 0, ""layer_id"": 1, ""resident_bytes"": 95158272, ""offloaded_bytes"": 8388608}, {""microbatch"": 0, ""layer_id"": 2, ""resident_bytes"": 95158272, ""offloaded_bytes"": 8388608}]"
180,180,0,FWD,0,0,fwd,3,ln2,fwd_op_execute@3:ln2,MARK,op:3:6:ln2,0,,267919360,335839232,50593792,0,0,0,8388608,0,0,0,0,0,0,0,0,0,662740992,0,False,[],"[{""microbatch"": 0, ""layer_id"": 0, ""resident_bytes"": 95191040, ""offloaded_bytes"": 8388608}, {""microbatch"": 0, ""layer_id"": 1, ""resident_bytes"": 95158272, ""offloaded_bytes"": 8388608}, {""microbatch"": 0, ""layer_id"": 2, ""resident_bytes"": 95158272, ""offloaded_bytes"": 8388608}]"
181,181,0,FWD,0,0,fwd,3,ln2,fwd_value_end@3:ln2,FREE,ln2|shard=0:tp|partial=complete|dtype=default,4194304,workspace,267919360,335839232,50593792,0,0,0,4194304,0,0,0,0,0,0,0,-4194304,0,658546688,-4194304,False,[],"[{""microbatch"": 0, ""layer_id"": 0, ""resident_bytes"": 95191040, ""offloaded_bytes"": 8388608}, {""microbatch"": 0, ""layer_id"": 1, ""resident_bytes"": 95158272, ""offloaded_bytes"": 8388608}, {""microbatch"": 0, ""layer_id"": 2, ""resident_bytes"": 95158272, ""offloaded_bytes"": 8388608}]"
182,182,0,FWD,0,0,fwd,3,fc1,fwd_input@3:7,ALLOC,ln2|shard=replicated|partial=complete|dtype=default,33554432,act_live,267919360,369393664,50593792,0,0,0,4194304,0,0,33554432,0,0,0,0,0,0,692101120,33554432,False,[],"[{""microbatch"": 0, ""layer_id"": 0, ""resident_bytes"": 95191040, ""offloaded_bytes"": 8388608}, {""microbatch"": 0, ""layer_id"": 1, ""resident_bytes"": 95158272, ""offloaded_bytes"": 8388608}, {""microbatch"": 0, ""layer_id"": 2, ""resident_bytes"": 95158272, ""offloaded_bytes"": 8388608}]"
183,183,0,FWD,0,0,fwd,3,fc1,fwd_output@3:7,ALLOC,gate|shard=2:tp|partial=complete|dtype=default,22544384,workspace,267919360,369393664,50593792,0,0,0,26738688,0,0,0,0,0,0,0,22544384,0,714645504,22544384,True,[],"[{""microbatch"": 0, ""layer_id"": 0, ""resident_bytes"": 95191040, ""offloaded_bytes"": 8388608}, {""microbatch"": 0, ""layer_id"": 1, ""resident_bytes"": 95158272, ""offloaded_bytes"": 8388608}, {""microbatch"": 0, ""layer_id"": 2, ""resident_bytes"": 95158272, ""offloaded_bytes"": 8388608}]"
184,184,0,FWD,0,0,fwd,3,fc1,fwd_comm@3:fc1,ALLOC,comm:3:7:fc1,33554432,communication,267919360,369393664,50593792,0,0,0,60293120,0,0,0,0,0,0,0,33554432,0,748199936,33554432,True,[],"[{""microbatch"": 0, ""layer_id"": 0, ""resident_bytes"": 95191040, ""offloaded_bytes"": 8388608}, {""microbatch"": 0, ""layer_id"": 1, ""resident_bytes"": 95158272, ""offloaded_bytes"": 8388608}, {""microbatch"": 0, ""layer_id"": 2, ""resident_bytes"": 95158272, ""offloaded_bytes"": 8388608}]"
185,185,0,FWD,0,0,fwd,3,fc1,fwd_op_execute@3:fc1,MARK,op:3:7:fc1,0,,267919360,369393664,50593792,0,0,0,60293120,0,0,0,0,0,0,0,0,0,748199936,0,False,[],"[{""microbatch"": 0, ""layer_id"": 0, ""resident_bytes"": 95191040, ""offloaded_bytes"": 8388608}, {""microbatch"": 0, ""layer_id"": 1, ""resident_bytes"": 95158272, ""offloaded_bytes"": 8388608}, {""microbatch"": 0, ""layer_id"": 2, ""resident_bytes"": 95158272, ""offloaded_bytes"": 8388608}]"
186,186,0,FWD,0,0,fwd,3,fc1,fwd_comm_end@3:fc1,FREE,comm:3:7:fc1,33554432,communication,267919360,369393664,50593792,0,0,0,26738688,0,0,0,0,0,0,0,-33554432,0,714645504,-33554432,False,[],"[{""microbatch"": 0, ""layer_id"": 0, ""resident_bytes"": 95191040, ""offloaded_bytes"": 8388608}, {""microbatch"": 0, ""layer_id"": 1, ""resident_bytes"": 95158272, ""offloaded_bytes"": 8388608}, {""microbatch"": 0, ""layer_id"": 2, ""resident_bytes"": 95158272, ""offloaded_bytes"": 8388608}]"
187,187,0,FWD,0,0,fwd,3,swiglu,fwd_output@3:8,ALLOC,act|shard=2:tp|partial=complete|dtype=default,11272192,act_live,267919360,380665856,50593792,0,0,0,26738688,0,0,11272192,0,0,0,0,0,0,725917696,11272192,False,[],"[{""microbatch"": 0, ""layer_id"": 0, ""resident_bytes"": 95191040, ""offloaded_bytes"": 8388608}, {""microbatch"": 0, ""layer_id"": 1, ""resident_bytes"": 95158272, ""offloaded_bytes"": 8388608}, {""microbatch"": 0, ""layer_id"": 2, ""resident_bytes"": 95158272, ""offloaded_bytes"": 8388608}]"
188,188,0,FWD,0,0,fwd,3,swiglu,fwd_op_execute@3:swiglu,MARK,op:3:8:swiglu,0,,267919360,380665856,50593792,0,0,0,26738688,0,0,0,0,0,0,0,0,0,725917696,0,False,[],"[{""microbatch"": 0, ""layer_id"": 0, ""resident_bytes"": 95191040, ""offloaded_bytes"": 8388608}, {""microbatch"": 0, ""layer_id"": 1, ""resident_bytes"": 95158272, ""offloaded_bytes"": 8388608}, {""microbatch"": 0, ""layer_id"": 2, ""resident_bytes"": 95158272, ""offloaded_bytes"": 8388608}]"
189,189,0,FWD,0,0,fwd,3,swiglu,fwd_value_end@3:swiglu,FREE,gate|shard=2:tp|partial=complete|dtype=default,22544384,workspace,267919360,380665856,50593792,0,0,0,4194304,0,0,0,0,0,0,0,-22544384,0,703373312,-22544384,False,[],"[{""microbatch"": 0, ""layer_id"": 0, ""resident_bytes"": 95191040, ""offloaded_bytes"": 8388608}, {""microbatch"": 0, ""layer_id"": 1, ""resident_bytes"": 95158272, ""offloaded_bytes"": 8388608}, {""microbatch"": 0, ""layer_id"": 2, ""resident_bytes"": 95158272, ""offloaded_bytes"": 8388608}]"
190,190,0,FWD,0,0,fwd,3,fc2,fwd_output@3:9,ALLOC,o2|shard=replicated|partial=tp|dtype=default,33554432,workspace,267919360,380665856,50593792,0,0,0,37748736,0,0,0,0,0,0,0,33554432,0,736927744,33554432,False,[],"[{""microbatch"": 0, ""layer_id"": 0, ""resident_bytes"": 95191040, ""offloaded_bytes"": 8388608}, {""microbatch"": 0, ""layer_id"": 1, ""resident_bytes"": 95158272, ""offloaded_bytes"": 8388608}, {""microbatch"": 0, ""layer_id"": 2, ""resident_bytes"": 95158272, ""offloaded_bytes"": 8388608}]"
191,191,0,FWD,0,0,fwd,3,fc2,fwd_op_execute@3:fc2,MARK,op:3:9:fc2,0,,267919360,380665856,50593792,0,0,0,37748736,0,0,0,0,0,0,0,0,0,736927744,0,False,[],"[{""microbatch"": 0, ""layer_id"": 0, ""resident_bytes"": 95191040, ""offloaded_bytes"": 8388608}, {""microbatch"": 0, ""layer_id"": 1, ""resident_bytes"": 95158272, ""offloaded_bytes"": 8388608}, {""microbatch"": 0, ""layer_id"": 2, ""resident_bytes"": 95158272, ""offloaded_bytes"": 8388608}]"
192,192,0,FWD,0,0,fwd,3,fc2,fwd_value_end@3:fc2,FREE,o2|shard=replicated|partial=tp|dtype=default,33554432,workspace,267919360,380665856,50593792,0,0,0,4194304,0,0,0,0,0,0,0,-33554432,0,703373312,-33554432,False,[],"[{""microbatch"": 0, ""layer_id"": 0, ""resident_bytes"": 95191040, ""offloaded_bytes"": 8388608}, {""microbatch"": 0, ""layer_id"": 1, ""resident_bytes"": 95158272, ""offloaded_bytes"": 8388608}, {""microbatch"": 0, ""layer_id"": 2, ""resident_bytes"": 95158272, ""offloaded_bytes"": 8388608}]"
193,193,0,FWD,0,0,fwd,3,add2,fwd_input@3:10,ALLOC,o2|shard=0:tp|partial=complete|dtype=default,4194304,workspace,267919360,380665856,50593792,0,0,0,8388608,0,0,0,0,0,0,0,4194304,0,707567616,4194304,False,[],"[{""microbatch"": 0, ""layer_id"": 0, ""resident_bytes"": 95191040, ""offloaded_bytes"": 8388608}, {""microbatch"": 0, ""layer_id"": 1, ""resident_bytes"": 95158272, ""offloaded_bytes"": 8388608}, {""microbatch"": 0, ""layer_id"": 2, ""resident_bytes"": 95158272, ""offloaded_bytes"": 8388608}]"
194,194,0,FWD,0,0,fwd,3,add2,fwd_output@3:10,ALLOC,h2|shard=0:tp|partial=complete|dtype=default,4194304,workspace,267919360,380665856,50593792,0,0,0,12582912,0,0,0,0,0,0,0,4194304,0,711761920,4194304,False,[],"[{""microbatch"": 0, ""layer_id"": 0, ""resident_bytes"": 95191040, ""offloaded_bytes"": 8388608}, {""microbatch"": 0, ""layer_id"": 1, ""resident_bytes"": 95158272, ""offloaded_bytes"": 8388608}, {""microbatch"": 0, ""layer_id"": 2, ""resident_bytes"": 95158272, ""offloaded_bytes"": 8388608}]"
195,195,0,FWD,0,0,fwd,3,add2,fwd_comm@3:add2,ALLOC,comm:3:10:add2,4194304,communication,267919360,380665856,50593792,0,0,0,16777216,0,0,0,0,0,0,0,4194304,0,715956224,4194304,False,[],"[{""microbatch"": 0, ""layer_id"": 0, ""resident_bytes"": 95191040, ""offloaded_bytes"": 8388608}, {""microbatch"": 0, ""layer_id"": 1, ""resident_bytes"": 95158272, ""offloaded_bytes"": 8388608}, {""microbatch"": 0, ""layer_id"": 2, ""resident_bytes"": 95158272, ""offloaded_bytes"": 8388608}]"
196,196,0,FWD,0,0,fwd,3,add2,fwd_op_execute@3:add2,MARK,op:3:10:add2,0,,267919360,380665856,50593792,0,0,0,16777216,0,0,0,0,0,0,0,0,0,715956224,0,False,[],"[{""microbatch"": 0, ""layer_id"": 0, ""resident_bytes"": 95191040, ""offloaded_bytes"": 8388608}, {""microbatch"": 0, ""layer_id"": 1, ""resident_bytes"": 95158272, ""offloaded_bytes"": 8388608}, {""microbatch"": 0, ""layer_id"": 2, ""resident_bytes"": 95158272, ""offloaded_bytes"": 8388608}]"
197,197,0,FWD,0,0,fwd,3,add2,fwd_comm_end@3:add2,FREE,comm:3:10:add2,4194304,communication,267919360,380665856,50593792,0,0,0,12582912,0,0,0,0,0,0,0,-4194304,0,711761920,-4194304,False,[],"[{""microbatch"": 0, ""layer_id"": 0, ""resident_bytes"": 95191040, ""offloaded_bytes"": 8388608}, {""microbatch"": 0, ""layer_id"": 1, ""resident_bytes"": 95158272, ""offloaded_bytes"": 8388608}, {""microbatch"": 0, ""layer_id"": 2, ""resident_bytes"": 95158272, ""offloaded_bytes"": 8388608}]"
198,198,0,FWD,0,0,fwd,3,add2,fwd_value_end@3:add2,FREE,h2|shard=0:tp|partial=complete|dtype=default,4194304,workspace,267919360,380665856,50593792,0,0,0,8388608,0,0,0,0,0,0,0,-4194304,0,707567616,-4194304,False,[],"[{""microbatch"": 0, ""layer_id"": 0, ""resident_bytes"": 95191040, ""offloaded_bytes"": 8388608}, {""microbatch"": 0, ""layer_id"": 1, ""resident_bytes"": 95158272, ""offloaded_bytes"": 8388608}, {""microbatch"": 0, ""layer_id"": 2, ""resident_bytes"": 95158272, ""offloaded_bytes"": 8388608}]"
199,199,0,FWD,0,0,fwd,3,add2,fwd_value_end@3:add2,FREE,h1|shard=0:tp|partial=complete|dtype=default,4194304,workspace,267919360,380665856,50593792,0,0,0,4194304,0,0,0,0,0,0,0,-4194304,0,703373312,-4194304,False,[],"[{""microbatch"": 0, ""layer_id"": 0, ""resident_bytes"": 95191040, ""offloaded_bytes"": 8388608}, {""microbatch"": 0, ""layer_id"": 1, ""resident_bytes"": 95158272, ""offloaded_bytes"": 8388608}, {""microbatch"": 0, ""layer_id"": 2, ""resident_bytes"": 95158272, ""offloaded_bytes"": 8388608}]"
200,200,0,FWD,0,0,fwd,3,add2,fwd_value_end@3:add2,FREE,o2|shard=0:tp|partial=complete|dtype=default,4194304,workspace,267919360,380665856,50593792,0,0,0,0,0,0,0,0,0,0,0,-4194304,0,699179008,-4194304,False,[],"[{""microbatch"": 0, ""layer_id"": 0, ""resident_bytes"": 95191040, ""offloaded_bytes"": 8388608}, {""microbatch"": 0, ""layer_id"": 1, ""resident_bytes"": 95158272, ""offloaded_bytes"": 8388608}, {""microbatch"": 0, ""layer_id"": 2, ""resident_bytes"": 95158272, ""offloaded_bytes"": 8388608}]"
201,201,0,FWD,0,0,fwd,3,,fwd_end@3,,,0,,267919360,380665856,50593792,0,0,0,0,0,0,0,0,0,0,0,0,0,699179008,0,False,[],"[{""microbatch"": 0, ""layer_id"": 0, ""resident_bytes"": 95191040, ""offloaded_bytes"": 8388608}, {""microbatch"": 0, ""layer_id"": 1, ""resident_bytes"": 95158272, ""offloaded_bytes"": 8388608}, {""microbatch"": 0, ""layer_id"": 2, ""resident_bytes"": 95158272, ""offloaded_bytes"": 8388608}, {""microbatch"": 0, ""layer_id"": 3, ""resident_bytes"": 95158272, ""offloaded_bytes"": 8388608}]"
202,202,0,FWD,0,0,fwd,-1,final_norm,fwd_input@-1:0,ALLOC,final_hidden|shard=0:tp|partial=complete|dtype=default,4194304,act_live,267919360,384860160,16384,0,0,0,0,0,0,4194304,-50577408,0,0,0,0,0,652795904,-46383104,False,[],"[{""microbatch"": 0, ""layer_id"": 0, ""resident_bytes"": 95191040, ""offloaded_bytes"": 8388608}, {""microbatch"": 0, ""layer_id"": 1, ""resident_bytes"": 95158272, ""offloaded_bytes"": 8388608}, {""microbatch"": 0, ""layer_id"": 2, ""resident_bytes"": 95158272, ""offloaded_bytes"": 8388608}, {""microbatch"": 0, ""layer_id"": 3, ""resident_bytes"": 95158272, ""offloaded_bytes"": 8388608}]"
203,203,0,FWD,0,0,fwd,-1,final_norm,fwd_output@-1:0,ALLOC,normalized_hidden|shard=0:tp|partial=complete|dtype=default,4194304,act_live,267919360,389054464,16384,0,0,0,0,0,0,4194304,0,0,0,0,0,0,656990208,4194304,False,[],"[{""microbatch"": 0, ""layer_id"": 0, ""resident_bytes"": 95191040, ""offloaded_bytes"": 8388608}, {""microbatch"": 0, ""layer_id"": 1, ""resident_bytes"": 95158272, ""offloaded_bytes"": 8388608}, {""microbatch"": 0, ""layer_id"": 2, ""resident_bytes"": 95158272, ""offloaded_bytes"": 8388608}, {""microbatch"": 0, ""layer_id"": 3, ""resident_bytes"": 95158272, ""offloaded_bytes"": 8388608}]"
204,204,0,FWD,0,0,fwd,-1,final_norm,fwd_op_execute@-1:final_norm,MARK,op:-1:0:final_norm,0,,267919360,389054464,16384,0,0,0,0,0,0,0,0,0,0,0,0,0,656990208,0,False,[],"[{""microbatch"": 0, ""layer_id"": 0, ""resident_bytes"": 95191040, ""offloaded_bytes"": 8388608}, {""microbatch"": 0, ""layer_id"": 1, ""resident_bytes"": 95158272, ""offloaded_bytes"": 8388608}, {""microbatch"": 0, ""layer_id"": 2, ""resident_bytes"": 95158272, ""offloaded_bytes"": 8388608}, {""microbatch"": 0, ""layer_id"": 3, ""resident_bytes"": 95158272, ""offloaded_bytes"": 8388608}]"
205,205,0,FWD,0,0,fwd,-1,lm_head,loss_logits,ALLOC,logits|shard=0:tp|partial=complete|dtype=default,32768000,workspace,267919360,389054464,32768000,0,0,0,32768000,0,0,0,32751616,0,0,0,32768000,0,722509824,65519616,False,[],"[{""microbatch"": 0, ""layer_id"": 0, ""resident_bytes"": 95191040, ""offloaded_bytes"": 8388608}, {""microbatch"": 0, ""layer_id"": 1, ""resident_bytes"": 95158272, ""offloaded_bytes"": 8388608}, {""microbatch"": 0, ""layer_id"": 2, ""resident_bytes"": 95158272, ""offloaded_bytes"": 8388608}, {""microbatch"": 0, ""layer_id"": 3, ""resident_bytes"": 95158272, ""offloaded_bytes"": 8388608}]"
206,206,0,FWD,0,0,fwd,-1,lm_head,loss_logits,ALLOC,comm:-1:1:lm_head,32768000,communication,267919360,389054464,32768000,0,0,0,65536000,0,0,0,0,0,0,0,32768000,0,755277824,32768000,True,[],"[{""microbatch"": 0, ""layer_id"": 0, ""resident_bytes"": 95191040, ""offloaded_bytes"": 8388608}, {""microbatch"": 0, ""layer_id"": 1, ""resident_bytes"": 95158272, ""offloaded_bytes"": 8388608}, {""microbatch"": 0, ""layer_id"": 2, ""resident_bytes"": 95158272, ""offloaded_bytes"": 8388608}, {""microbatch"": 0, ""layer_id"": 3, ""resident_bytes"": 95158272, ""offloaded_bytes"": 8388608}]"
207,207,0,FWD,0,0,fwd,-1,lm_head,loss_logits,MARK,op:-1:1:lm_head,0,,267919360,389054464,32768000,0,0,0,65536000,0,0,0,0,0,0,0,0,0,755277824,0,False,[],"[{""microbatch"": 0, ""layer_id"": 0, ""resident_bytes"": 95191040, ""offloaded_bytes"": 8388608}, {""microbatch"": 0, ""layer_id"": 1, ""resident_bytes"": 95158272, ""offloaded_bytes"": 8388608}, {""microbatch"": 0, ""layer_id"": 2, ""resident_bytes"": 95158272, ""offloaded_bytes"": 8388608}, {""microbatch"": 0, ""layer_id"": 3, ""resident_bytes"": 95158272, ""offloaded_bytes"": 8388608}]"
208,208,0,FWD,0,0,fwd,-1,lm_head,loss_logits,FREE,comm:-1:1:lm_head,32768000,communication,267919360,389054464,32768000,0,0,0,32768000,0,0,0,0,0,0,0,-32768000,0,722509824,-32768000,False,[],"[{""microbatch"": 0, ""layer_id"": 0, ""resident_bytes"": 95191040, ""offloaded_bytes"": 8388608}, {""microbatch"": 0, ""layer_id"": 1, ""resident_bytes"": 95158272, ""offloaded_bytes"": 8388608}, {""microbatch"": 0, ""layer_id"": 2, ""resident_bytes"": 95158272, ""offloaded_bytes"": 8388608}, {""microbatch"": 0, ""layer_id"": 3, ""resident_bytes"": 95158272, ""offloaded_bytes"": 8388608}]"
209,209,0,FWD,0,0,fwd,-1,loss_cast_fp32,fwd_output@-1:2,ALLOC,loss_logits_fp32|shard=0:tp|partial=complete|dtype=4,65536000,workspace,267919360,389054464,0,0,0,0,98304000,0,0,0,-32768000,0,0,0,65536000,0,755277824,32768000,False,[],"[{""microbatch"": 0, ""layer_id"": 0, ""resident_bytes"": 95191040, ""offloaded_bytes"": 8388608}, {""microbatch"": 0, ""layer_id"": 1, ""resident_bytes"": 95158272, ""offloaded_bytes"": 8388608}, {""microbatch"": 0, ""layer_id"": 2, ""resident_bytes"": 95158272, ""offloaded_bytes"": 8388608}, {""microbatch"": 0, ""layer_id"": 3, ""resident_bytes"": 95158272, ""offloaded_bytes"": 8388608}]"
210,210,0,FWD,0,0,fwd,-1,loss_cast_fp32,fwd_op_execute@-1:loss_cast_fp32,MARK,op:-1:2:loss_cast_fp32,0,,267919360,389054464,0,0,0,0,98304000,0,0,0,0,0,0,0,0,0,755277824,0,False,[],"[{""microbatch"": 0, ""layer_id"": 0, ""resident_bytes"": 95191040, ""offloaded_bytes"": 8388608}, {""microbatch"": 0, ""layer_id"": 1, ""resident_bytes"": 95158272, ""offloaded_bytes"": 8388608}, {""microbatch"": 0, ""layer_id"": 2, ""resident_bytes"": 95158272, ""offloaded_bytes"": 8388608}, {""microbatch"": 0, ""layer_id"": 3, ""resident_bytes"": 95158272, ""offloaded_bytes"": 8388608}]"
211,211,0,FWD,0,0,fwd,-1,loss_cast_fp32,fwd_value_end@-1:loss_cast_fp32,FREE,logits|shard=0:tp|partial=complete|dtype=default,32768000,workspace,267919360,389054464,0,0,0,0,65536000,0,0,0,0,0,0,0,-32768000,0,722509824,-32768000,False,[],"[{""microbatch"": 0, ""layer_id"": 0, ""resident_bytes"": 95191040, ""offloaded_bytes"": 8388608}, {""microbatch"": 0, ""layer_id"": 1, ""resident_bytes"": 95158272, ""offloaded_bytes"": 8388608}, {""microbatch"": 0, ""layer_id"": 2, ""resident_bytes"": 95158272, ""offloaded_bytes"": 8388608}, {""microbatch"": 0, ""layer_id"": 3, ""resident_bytes"": 95158272, ""offloaded_bytes"": 8388608}]"
212,212,0,FWD,0,0,fwd,-1,loss_fwd_softmax,fwd_output@-1:3,ALLOC,loss_probabilities|shard=0:tp|partial=complete|dtype=4,65536000,act_live,267919360,454590464,0,0,0,0,65536000,0,0,65536000,0,0,0,0,0,0,788045824,65536000,True,[],"[{""microbatch"": 0, ""layer_id"": 0, ""resident_bytes"": 95191040, ""offloaded_bytes"": 8388608}, {""microbatch"": 0, ""layer_id"": 1, ""resident_bytes"": 95158272, ""offloaded_bytes"": 8388608}, {""microbatch"": 0, ""layer_id"": 2, ""resident_bytes"": 95158272, ""offloaded_bytes"": 8388608}, {""microbatch"": 0, ""layer_id"": 3, ""resident_bytes"": 95158272, ""offloaded_bytes"": 8388608}]"
213,213,0,FWD,0,0,fwd,-1,loss_fwd_softmax,fwd_save@-1:3,ALLOC,loss_stats|shard=0:tp|partial=complete|dtype=4,4096,act_live,267919360,454594560,0,0,0,0,65536000,0,0,4096,0,0,0,0,0,0,788049920,4096,True,[],"[{""microbatch"": 0, ""layer_id"": 0, ""resident_bytes"": 95191040, ""offloaded_bytes"": 8388608}, {""microbatch"": 0, ""layer_id"": 1, ""resident_bytes"": 95158272, ""offloaded_bytes"": 8388608}, {""microbatch"": 0, ""layer_id"": 2, ""resident_bytes"": 95158272, ""offloaded_bytes"": 8388608}, {""microbatch"": 0, ""layer_id"": 3, ""resident_bytes"": 95158272, ""offloaded_bytes"": 8388608}]"
214,214,0,FWD,0,0,fwd,-1,loss_fwd_softmax,fwd_op@-1:loss_fwd_softmax,ALLOC,workspace:-1:3:loss_fwd_softmax,32768,workspace,267919360,454594560,0,0,0,0,65568768,0,0,0,0,0,0,0,32768,0,788082688,32768,True,[],"[{""microbatch"": 0, ""layer_id"": 0, ""resident_bytes"": 95191040, ""offloaded_bytes"": 8388608}, {""microbatch"": 0, ""layer_id"": 1, ""resident_bytes"": 95158272, ""offloaded_bytes"": 8388608}, {""microbatch"": 0, ""layer_id"": 2, ""resident_bytes"": 95158272, ""offloaded_bytes"": 8388608}, {""microbatch"": 0, ""layer_id"": 3, ""resident_bytes"": 95158272, ""offloaded_bytes"": 8388608}]"
215,215,0,FWD,0,0,fwd,-1,loss_fwd_softmax,fwd_op_execute@-1:loss_fwd_softmax,MARK,op:-1:3:loss_fwd_softmax,0,,267919360,454594560,0,0,0,0,65568768,0,0,0,0,0,0,0,0,0,788082688,0,False,[],"[{""microbatch"": 0, ""layer_id"": 0, ""resident_bytes"": 95191040, ""offloaded_bytes"": 8388608}, {""microbatch"": 0, ""layer_id"": 1, ""resident_bytes"": 95158272, ""offloaded_bytes"": 8388608}, {""microbatch"": 0, ""layer_id"": 2, ""resident_bytes"": 95158272, ""offloaded_bytes"": 8388608}, {""microbatch"": 0, ""layer_id"": 3, ""resident_bytes"": 95158272, ""offloaded_bytes"": 8388608}]"
216,216,0,FWD,0,0,fwd,-1,loss_fwd_softmax,fwd_op_end@-1:loss_fwd_softmax,FREE,workspace:-1:3:loss_fwd_softmax,32768,workspace,267919360,454594560,0,0,0,0,65536000,0,0,0,0,0,0,0,-32768,0,788049920,-32768,False,[],"[{""microbatch"": 0, ""layer_id"": 0, ""resident_bytes"": 95191040, ""offloaded_bytes"": 8388608}, {""microbatch"": 0, ""layer_id"": 1, ""resident_bytes"": 95158272, ""offloaded_bytes"": 8388608}, {""microbatch"": 0, ""layer_id"": 2, ""resident_bytes"": 95158272, ""offloaded_bytes"": 8388608}, {""microbatch"": 0, ""layer_id"": 3, ""resident_bytes"": 95158272, ""offloaded_bytes"": 8388608}]"
217,217,0,FWD,0,0,fwd,-1,loss_fwd_softmax,fwd_value_end@-1:loss_fwd_softmax,FREE,loss_logits_fp32|shard=0:tp|partial=complete|dtype=4,65536000,workspace,267919360,454594560,0,0,0,0,0,0,0,0,0,0,0,0,-65536000,0,722513920,-65536000,False,[],"[{""microbatch"": 0, ""layer_id"": 0, ""resident_bytes"": 95191040, ""offloaded_bytes"": 8388608}, {""microbatch"": 0, ""layer_id"": 1, ""resident_bytes"": 95158272, ""offloaded_bytes"": 8388608}, {""microbatch"": 0, ""layer_id"": 2, ""resident_bytes"": 95158272, ""offloaded_bytes"": 8388608}, {""microbatch"": 0, ""layer_id"": 3, ""resident_bytes"": 95158272, ""offloaded_bytes"": 8388608}]"
218,218,0,FWD,0,0,fwd,-1,loss_reduce,fwd_input@-1:4,ALLOC,labels|shard=0:tp|partial=complete|dtype=4,2048,act_live,267919360,454596608,0,0,0,0,0,0,0,2048,0,0,0,0,0,0,722515968,2048,False,[],"[{""microbatch"": 0, ""layer_id"": 0, ""resident_bytes"": 95191040, ""offloaded_bytes"": 8388608}, {""microbatch"": 0, ""layer_id"": 1, ""resident_bytes"": 95158272, ""offloaded_bytes"": 8388608}, {""microbatch"": 0, ""layer_id"": 2, ""resident_bytes"": 95158272, ""offloaded_bytes"": 8388608}, {""microbatch"": 0, ""layer_id"": 3, ""resident_bytes"": 95158272, ""offloaded_bytes"": 8388608}]"
219,219,0,FWD,0,0,fwd,-1,loss_reduce,fwd_input@-1:4,ALLOC,loss_mask|shard=0:tp|partial=complete|dtype=4,2048,act_live,267919360,454598656,0,0,0,0,0,0,0,2048,0,0,0,0,0,0,722518016,2048,False,[],"[{""microbatch"": 0, ""layer_id"": 0, ""resident_bytes"": 95191040, ""offloaded_bytes"": 8388608}, {""microbatch"": 0, ""layer_id"": 1, ""resident_bytes"": 95158272, ""offloaded_bytes"": 8388608}, {""microbatch"": 0, ""layer_id"": 2, ""resident_bytes"": 95158272, ""offloaded_bytes"": 8388608}, {""microbatch"": 0, ""layer_id"": 3, ""resident_bytes"": 95158272, ""offloaded_bytes"": 8388608}]"
220,220,0,FWD,0,0,fwd,-1,loss_reduce,fwd_output@-1:4,ALLOC,loss|shard=replicated|partial=complete|dtype=4,4,workspace,267919360,454598656,0,0,0,0,4,0,0,0,0,0,0,0,4,0,722518020,4,False,[],"[{""microbatch"": 0, ""layer_id"": 0, ""resident_bytes"": 95191040, ""offloaded_bytes"": 8388608}, {""microbatch"": 0, ""layer_id"": 1, ""resident_bytes"": 95158272, ""offloaded_bytes"": 8388608}, {""microbatch"": 0, ""layer_id"": 2, ""resident_bytes"": 95158272, ""offloaded_bytes"": 8388608}, {""microbatch"": 0, ""layer_id"": 3, ""resident_bytes"": 95158272, ""offloaded_bytes"": 8388608}]"
221,221,0,FWD,0,0,fwd,-1,loss_reduce,fwd_op_execute@-1:loss_reduce,MARK,op:-1:4:loss_reduce,0,,267919360,454598656,0,0,0,0,4,0,0,0,0,0,0,0,0,0,722518020,0,False,[],"[{""microbatch"": 0, ""layer_id"": 0, ""resident_bytes"": 95191040, ""offloaded_bytes"": 8388608}, {""microbatch"": 0, ""layer_id"": 1, ""resident_bytes"": 95158272, ""offloaded_bytes"": 8388608}, {""microbatch"": 0, ""layer_id"": 2, ""resident_bytes"": 95158272, ""offloaded_bytes"": 8388608}, {""microbatch"": 0, ""layer_id"": 3, ""resident_bytes"": 95158272, ""offloaded_bytes"": 8388608}]"
222,222,0,FWD,0,0,fwd,-1,loss_reduce,fwd_value_end@-1:loss_reduce,FREE,loss|shard=replicated|partial=complete|dtype=4,4,workspace,267919360,454598656,0,0,0,0,0,0,0,0,0,0,0,0,-4,0,722518016,-4,False,[],"[{""microbatch"": 0, ""layer_id"": 0, ""resident_bytes"": 95191040, ""offloaded_bytes"": 8388608}, {""microbatch"": 0, ""layer_id"": 1, ""resident_bytes"": 95158272, ""offloaded_bytes"": 8388608}, {""microbatch"": 0, ""layer_id"": 2, ""resident_bytes"": 95158272, ""offloaded_bytes"": 8388608}, {""microbatch"": 0, ""layer_id"": 3, ""resident_bytes"": 95158272, ""offloaded_bytes"": 8388608}]"
223,223,0,FWD,0,0,fwd,,,fwd_end,,,0,,267919360,454600704,0,0,0,0,0,0,0,2048,0,0,0,0,0,0,722520064,2048,False,[],"[{""microbatch"": 0, ""layer_id"": -1, ""resident_bytes"": 73934848, ""offloaded_bytes"": 0}, {""microbatch"": 0, ""layer_id"": 0, ""resident_bytes"": 95191040, ""offloaded_bytes"": 8388608}, {""microbatch"": 0, ""layer_id"": 1, ""resident_bytes"": 95158272, ""offloaded_bytes"": 8388608}, {""microbatch"": 0, ""layer_id"": 2, ""resident_bytes"": 95158272, ""offloaded_bytes"": 8388608}, {""microbatch"": 0, ""layer_id"": 3, ""resident_bytes"": 95158272, ""offloaded_bytes"": 8388608}]"
224,224,0,BWD,0,0,bwd,,,bwd_edge_gather@loss_reduce,,,0,,267919360,454600704,0,0,0,0,0,0,0,0,0,0,0,0,0,0,722520064,0,False,[],"[{""microbatch"": 0, ""layer_id"": -1, ""resident_bytes"": 73934848, ""offloaded_bytes"": 0}, {""microbatch"": 0, ""layer_id"": 0, ""resident_bytes"": 95191040, ""offloaded_bytes"": 8388608}, {""microbatch"": 0, ""layer_id"": 1, ""resident_bytes"": 95158272, ""offloaded_bytes"": 8388608}, {""microbatch"": 0, ""layer_id"": 2, ""resident_bytes"": 95158272, ""offloaded_bytes"": 8388608}, {""microbatch"": 0, ""layer_id"": 3, ""resident_bytes"": 95158272, ""offloaded_bytes"": 8388608}]"
225,225,0,BWD,0,0,bwd,-1,loss_reduce,loss_bwd_dlogits,,,0,,267919360,454600704,0,0,0,0,131072000,0,0,0,0,0,0,0,131072000,0,853592064,131072000,True,[],"[{""microbatch"": 0, ""layer_id"": -1, ""resident_bytes"": 73934848, ""offloaded_bytes"": 0}, {""microbatch"": 0, ""layer_id"": 0, ""resident_bytes"": 95191040, ""offloaded_bytes"": 8388608}, {""microbatch"": 0, ""layer_id"": 1, ""resident_bytes"": 95158272, ""offloaded_bytes"": 8388608}, {""microbatch"": 0, ""layer_id"": 2, ""resident_bytes"": 95158272, ""offloaded_bytes"": 8388608}, {""microbatch"": 0, ""layer_id"": 3, ""resident_bytes"": 95158272, ""offloaded_bytes"": 8388608}]"
226,226,0,BWD,0,0,bwd,-1,loss_reduce,bwd_edge_grad@loss_reduce,,,0,,267919360,454600704,0,0,0,0,0,0,0,0,0,0,0,0,-131072000,0,722520064,-131072000,False,[],"[{""microbatch"": 0, ""layer_id"": -1, ""resident_bytes"": 73934848, ""offloaded_bytes"": 0}, {""microbatch"": 0, ""layer_id"": 0, ""resident_bytes"": 95191040, ""offloaded_bytes"": 8388608}, {""microbatch"": 0, ""layer_id"": 1, ""resident_bytes"": 95158272, ""offloaded_bytes"": 8388608}, {""microbatch"": 0, ""layer_id"": 2, ""resident_bytes"": 95158272, ""offloaded_bytes"": 8388608}, {""microbatch"": 0, ""layer_id"": 3, ""resident_bytes"": 95158272, ""offloaded_bytes"": 8388608}]"
227,227,0,BWD,0,0,bwd,,,bwd_edge_gather@loss_fwd_softmax,,,0,,267919360,454600704,0,0,0,0,0,0,0,0,0,0,0,0,0,0,722520064,0,False,[],"[{""microbatch"": 0, ""layer_id"": -1, ""resident_bytes"": 73934848, ""offloaded_bytes"": 0}, {""microbatch"": 0, ""layer_id"": 0, ""resident_bytes"": 95191040, ""offloaded_bytes"": 8388608}, {""microbatch"": 0, ""layer_id"": 1, ""resident_bytes"": 95158272, ""offloaded_bytes"": 8388608}, {""microbatch"": 0, ""layer_id"": 2, ""resident_bytes"": 95158272, ""offloaded_bytes"": 8388608}, {""microbatch"": 0, ""layer_id"": 3, ""resident_bytes"": 95158272, ""offloaded_bytes"": 8388608}]"
228,228,0,BWD,0,0,bwd,-1,loss_fwd_softmax,bwd_edge_grad@loss_fwd_softmax,,,0,,267919360,454600704,0,0,0,0,0,0,0,0,0,0,0,0,0,0,722520064,0,False,[],"[{""microbatch"": 0, ""layer_id"": -1, ""resident_bytes"": 73934848, ""offloaded_bytes"": 0}, {""microbatch"": 0, ""layer_id"": 0, ""resident_bytes"": 95191040, ""offloaded_bytes"": 8388608}, {""microbatch"": 0, ""layer_id"": 1, ""resident_bytes"": 95158272, ""offloaded_bytes"": 8388608}, {""microbatch"": 0, ""layer_id"": 2, ""resident_bytes"": 95158272, ""offloaded_bytes"": 8388608}, {""microbatch"": 0, ""layer_id"": 3, ""resident_bytes"": 95158272, ""offloaded_bytes"": 8388608}]"
229,229,0,BWD,0,0,bwd,,,bwd_edge_gather@loss_cast_fp32,,,0,,267919360,454600704,0,0,0,0,0,0,0,0,0,0,0,0,0,0,722520064,0,False,[],"[{""microbatch"": 0, ""layer_id"": -1, ""resident_bytes"": 73934848, ""offloaded_bytes"": 0}, {""microbatch"": 0, ""layer_id"": 0, ""resident_bytes"": 95191040, ""offloaded_bytes"": 8388608}, {""microbatch"": 0, ""layer_id"": 1, ""resident_bytes"": 95158272, ""offloaded_bytes"": 8388608}, {""microbatch"": 0, ""layer_id"": 2, ""resident_bytes"": 95158272, ""offloaded_bytes"": 8388608}, {""microbatch"": 0, ""layer_id"": 3, ""resident_bytes"": 95158272, ""offloaded_bytes"": 8388608}]"
230,230,0,BWD,0,0,bwd,-1,loss_cast_fp32,bwd_edge_grad@loss_cast_fp32,,,0,,267919360,454600704,0,0,0,0,0,0,0,0,0,0,0,0,0,0,722520064,0,False,[],"[{""microbatch"": 0, ""layer_id"": -1, ""resident_bytes"": 73934848, ""offloaded_bytes"": 0}, {""microbatch"": 0, ""layer_id"": 0, ""resident_bytes"": 95191040, ""offloaded_bytes"": 8388608}, {""microbatch"": 0, ""layer_id"": 1, ""resident_bytes"": 95158272, ""offloaded_bytes"": 8388608}, {""microbatch"": 0, ""layer_id"": 2, ""resident_bytes"": 95158272, ""offloaded_bytes"": 8388608}, {""microbatch"": 0, ""layer_id"": 3, ""resident_bytes"": 95158272, ""offloaded_bytes"": 8388608}]"
231,231,0,BWD,0,0,bwd,,,bwd_edge_gather@lm_head,,,0,,267919360,454600704,32768000,0,0,0,0,0,0,0,32768000,0,0,0,0,0,755288064,32768000,False,[],"[{""microbatch"": 0, ""layer_id"": -1, ""resident_bytes"": 73934848, ""offloaded_bytes"": 0}, {""microbatch"": 0, ""layer_id"": 0, ""resident_bytes"": 95191040, ""offloaded_bytes"": 8388608}, {""microbatch"": 0, ""layer_id"": 1, ""resident_bytes"": 95158272, ""offloaded_bytes"": 8388608}, {""microbatch"": 0, ""layer_id"": 2, ""resident_bytes"": 95158272, ""offloaded_bytes"": 8388608}, {""microbatch"": 0, ""layer_id"": 3, ""resident_bytes"": 95158272, ""offloaded_bytes"": 8388608}]"
232,232,0,BWD,0,0,bwd,-1,lm_head,bwd_edge_op@lm_head,,,0,,267919360,454600704,32768000,32768000,0,0,32768000,0,0,0,0,32768000,0,0,32768000,0,820824064,65536000,False,[],"[{""microbatch"": 0, ""layer_id"": -1, ""resident_bytes"": 73934848, ""offloaded_bytes"": 0}, {""microbatch"": 0, ""layer_id"": 0, ""resident_bytes"": 95191040, ""offloaded_bytes"": 8388608}, {""microbatch"": 0, ""layer_id"": 1, ""resident_bytes"": 95158272, ""offloaded_bytes"": 8388608}, {""microbatch"": 0, ""layer_id"": 2, ""resident_bytes"": 95158272, ""offloaded_bytes"": 8388608}, {""microbatch"": 0, ""layer_id"": 3, ""resident_bytes"": 95158272, ""offloaded_bytes"": 8388608}]"
233,233,0,BWD,0,0,bwd,-1,lm_head,bwd_edge_grad@lm_head,,,0,,267919360,454600704,32768000,32768000,0,0,0,0,0,0,0,0,0,0,-32768000,0,788056064,-32768000,False,[],"[{""microbatch"": 0, ""layer_id"": -1, ""resident_bytes"": 73934848, ""offloaded_bytes"": 0}, {""microbatch"": 0, ""layer_id"": 0, ""resident_bytes"": 95191040, ""offloaded_bytes"": 8388608}, {""microbatch"": 0, ""layer_id"": 1, ""resident_bytes"": 95158272, ""offloaded_bytes"": 8388608}, {""microbatch"": 0, ""layer_id"": 2, ""resident_bytes"": 95158272, ""offloaded_bytes"": 8388608}, {""microbatch"": 0, ""layer_id"": 3, ""resident_bytes"": 95158272, ""offloaded_bytes"": 8388608}]"
234,234,0,BWD,0,0,bwd,,,bwd_edge_gather@final_norm,,,0,,267919360,454600704,16384,0,0,0,0,0,0,0,-32751616,-32768000,0,0,0,0,722536448,-65519616,False,[],"[{""microbatch"": 0, ""layer_id"": -1, ""resident_bytes"": 73934848, ""offloaded_bytes"": 0}, {""microbatch"": 0, ""layer_id"": 0, ""resident_bytes"": 95191040, ""offloaded_bytes"": 8388608}, {""microbatch"": 0, ""layer_id"": 1, ""resident_bytes"": 95158272, ""offloaded_bytes"": 8388608}, {""microbatch"": 0, ""layer_id"": 2, ""resident_bytes"": 95158272, ""offloaded_bytes"": 8388608}, {""microbatch"": 0, ""layer_id"": 3, ""resident_bytes"": 95158272, ""offloaded_bytes"": 8388608}]"
235,235,0,BWD,0,0,bwd,-1,final_norm,bwd_edge_grad@final_norm,,,0,,267919360,454600704,16384,16384,0,0,0,0,0,0,0,16384,0,0,0,0,722552832,16384,False,[],"[{""microbatch"": 0, ""layer_id"": -1, ""resident_bytes"": 73934848, ""offloaded_bytes"": 0}, {""microbatch"": 0, ""layer_id"": 0, ""resident_bytes"": 95191040, ""offloaded_bytes"": 8388608}, {""microbatch"": 0, ""layer_id"": 1, ""resident_bytes"": 95158272, ""offloaded_bytes"": 8388608}, {""microbatch"": 0, ""layer_id"": 2, ""resident_bytes"": 95158272, ""offloaded_bytes"": 8388608}, {""microbatch"": 0, ""layer_id"": 3, ""resident_bytes"": 95158272, ""offloaded_bytes"": 8388608}]"
236,236,0,BWD,0,0,bwd,3,,bwd_gather@3,,,0,,267919360,454600704,101187584,0,0,0,0,0,0,0,101171200,-16384,0,0,0,0,823707648,101154816,False,[],"[{""microbatch"": 0, ""layer_id"": -1, ""resident_bytes"": 73934848, ""offloaded_bytes"": 0}, {""microbatch"": 0, ""layer_id"": 0, ""resident_bytes"": 95191040, ""offloaded_bytes"": 8388608}, {""microbatch"": 0, ""layer_id"": 1, ""resident_bytes"": 95158272, ""offloaded_bytes"": 8388608}, {""microbatch"": 0, ""layer_id"": 2, ""resident_bytes"": 95158272, ""offloaded_bytes"": 8388608}, {""microbatch"": 0, ""layer_id"": 3, ""resident_bytes"": 95158272, ""offloaded_bytes"": 8388608}]"
237,237,0,BWD,0,0,bwd,3,,bwd_swap_prefetch@3,,,0,,267919360,454600704,101187584,0,0,16777216,0,0,0,0,0,0,0,16777216,0,0,840484864,16777216,False,[],"[{""microbatch"": 0, ""layer_id"": -1, ""resident_bytes"": 73934848, ""offloaded_bytes"": 0}, {""microbatch"": 0, ""layer_id"": 0, ""resident_bytes"": 95191040, ""offloaded_bytes"": 8388608}, {""microbatch"": 0, ""layer_id"": 1, ""resident_bytes"": 95158272, ""offloaded_bytes"": 8388608}, {""microbatch"": 0, ""layer_id"": 2, ""resident_bytes"": 95158272, ""offloaded_bytes"": 8388608}, {""microbatch"": 0, ""layer_id"": 3, ""resident_bytes"": 95158272, ""offloaded_bytes"": 8388608}]"
238,238,0,BWD,0,0,bwd,3,,bwd_recompute@3,,,0,,267919360,454600704,101187584,0,22577152,0,0,0,0,0,0,0,22577152,-16777216,0,0,846284800,5799936,False,[],"[{""microbatch"": 0, ""layer_id"": -1, ""resident_bytes"": 73934848, ""offloaded_bytes"": 0}, {""microbatch"": 0, ""layer_id"": 0, ""resident_bytes"": 95191040, ""offloaded_bytes"": 8388608}, {""microbatch"": 0, ""layer_id"": 1, ""resident_bytes"": 95158272, ""offloaded_bytes"": 8388608}, {""microbatch"": 0, ""layer_id"": 2, ""resident_bytes"": 95158272, ""offloaded_bytes"": 8388608}, {""microbatch"": 0, ""layer_id"": 3, ""resident_bytes"": 95158272, ""offloaded_bytes"": 8388608}]"
239,239,0,BWD,0,0,bwd,3,add2,bwd_op@3:add2,,,0,,267919360,454600704,101187584,0,0,0,4194304,0,0,0,0,0,-22577152,0,4194304,0,827901952,-18382848,False,[],"[{""microbatch"": 0, ""layer_id"": -1, ""resident_bytes"": 73934848, ""offloaded_bytes"": 0}, {""microbatch"": 0, ""layer_id"": 0, ""resident_bytes"": 95191040, ""offloaded_bytes"": 8388608}, {""microbatch"": 0, ""layer_id"": 1, ""resident_bytes"": 95158272, ""offloaded_bytes"": 8388608}, {""microbatch"": 0, ""layer_id"": 2, ""resident_bytes"": 95158272, ""offloaded_bytes"": 8388608}, {""microbatch"": 0, ""layer_id"": 3, ""resident_bytes"": 95158272, ""offloaded_bytes"": 8388608}]"
240,240,0,BWD,0,0,bwd,3,fc2,bwd_op@3:fc2,,,0,,267919360,454600704,101187584,0,0,0,0,0,0,0,0,0,0,0,-4194304,0,823707648,-4194304,False,[],"[{""microbatch"": 0, ""layer_id"": -1, ""resident_bytes"": 73934848, ""offloaded_bytes"": 0}, {""microbatch"": 0, ""layer_id"": 0, ""resident_bytes"": 95191040, ""offloaded_bytes"": 8388608}, {""microbatch"": 0, ""layer_id"": 1, ""resident_bytes"": 95158272, ""offloaded_bytes"": 8388608}, {""microbatch"": 0, ""layer_id"": 2, ""resident_bytes"": 95158272, ""offloaded_bytes"": 8388608}, {""microbatch"": 0, ""layer_id"": 3, ""resident_bytes"": 95158272, ""offloaded_bytes"": 8388608}]"
241,241,0,BWD,0,0,bwd,3,swiglu,bwd_op@3:swiglu,,,0,,267919360,454600704,101187584,0,0,0,0,0,0,0,0,0,0,0,0,0,823707648,0,False,[],"[{""microbatch"": 0, ""layer_id"": -1, ""resident_bytes"": 73934848, ""offloaded_bytes"": 0}, {""microbatch"": 0, ""layer_id"": 0, ""resident_bytes"": 95191040, ""offloaded_bytes"": 8388608}, {""microbatch"": 0, ""layer_id"": 1, ""resident_bytes"": 95158272, ""offloaded_bytes"": 8388608}, {""microbatch"": 0, ""layer_id"": 2, ""resident_bytes"": 95158272, ""offloaded_bytes"": 8388608}, {""microbatch"": 0, ""layer_id"": 3, ""resident_bytes"": 95158272, ""offloaded_bytes"": 8388608}]"
242,242,0,BWD,0,0,bwd,3,fc1,bwd_op@3:fc1,,,0,,267919360,454600704,101187584,0,0,0,33554432,0,0,0,0,0,0,0,33554432,0,857262080,33554432,True,[],"[{""microbatch"": 0, ""layer_id"": -1, ""resident_bytes"": 73934848, ""offloaded_bytes"": 0}, {""microbatch"": 0, ""layer_id"": 0, ""resident_bytes"": 95191040, ""offloaded_bytes"": 8388608}, {""microbatch"": 0, ""layer_id"": 1, ""resident_bytes"": 95158272, ""offloaded_bytes"": 8388608}, {""microbatch"": 0, ""layer_id"": 2, ""resident_bytes"": 95158272, ""offloaded_bytes"": 8388608}, {""microbatch"": 0, ""layer_id"": 3, ""resident_bytes"": 95158272, ""offloaded_bytes"": 8388608}]"
243,243,0,BWD,0,0,bwd,3,ln2,bwd_op@3:ln2,,,0,,267919360,454600704,101187584,0,0,0,0,0,0,0,0,0,0,0,-33554432,0,823707648,-33554432,False,[],"[{""microbatch"": 0, ""layer_id"": -1, ""resident_bytes"": 73934848, ""offloaded_bytes"": 0}, {""microbatch"": 0, ""layer_id"": 0, ""resident_bytes"": 95191040, ""offloaded_bytes"": 8388608}, {""microbatch"": 0, ""layer_id"": 1, ""resident_bytes"": 95158272, ""offloaded_bytes"": 8388608}, {""microbatch"": 0, ""layer_id"": 2, ""resident_bytes"": 95158272, ""offloaded_bytes"": 8388608}, {""microbatch"": 0, ""layer_id"": 3, ""resident_bytes"": 95158272, ""offloaded_bytes"": 8388608}]"
244,244,0,BWD,0,0,bwd,3,add1,bwd_op@3:add1,,,0,,267919360,454600704,101187584,0,0,0,4194304,0,0,0,0,0,0,0,4194304,0,827901952,4194304,False,[],"[{""microbatch"": 0, ""layer_id"": -1, ""resident_bytes"": 73934848, ""offloaded_bytes"": 0}, {""microbatch"": 0, ""layer_id"": 0, ""resident_bytes"": 95191040, ""offloaded_bytes"": 8388608}, {""microbatch"": 0, ""layer_id"": 1, ""resident_bytes"": 95158272, ""offloaded_bytes"": 8388608}, {""microbatch"": 0, ""layer_id"": 2, ""resident_bytes"": 95158272, ""offloaded_bytes"": 8388608}, {""microbatch"": 0, ""layer_id"": 3, ""resident_bytes"": 95158272, ""offloaded_bytes"": 8388608}]"
245,245,0,BWD,0,0,bwd,3,o_proj,bwd_op@3:o_proj,,,0,,267919360,454600704,101187584,0,0,0,0,0,0,0,0,0,0,0,-4194304,0,823707648,-4194304,False,[],"[{""microbatch"": 0, ""layer_id"": -1, ""resident_bytes"": 73934848, ""offloaded_bytes"": 0}, {""microbatch"": 0, ""layer_id"": 0, ""resident_bytes"": 95191040, ""offloaded_bytes"": 8388608}, {""microbatch"": 0, ""layer_id"": 1, ""resident_bytes"": 95158272, ""offloaded_bytes"": 8388608}, {""microbatch"": 0, ""layer_id"": 2, ""resident_bytes"": 95158272, ""offloaded_bytes"": 8388608}, {""microbatch"": 0, ""layer_id"": 3, ""resident_bytes"": 95158272, ""offloaded_bytes"": 8388608}]"
246,246,0,BWD,0,0,bwd,3,flash,bwd_op@3:flash,,,0,,267919360,454600704,101187584,0,0,0,0,0,0,0,0,0,0,0,0,0,823707648,0,False,[],"[{""microbatch"": 0, ""layer_id"": -1, ""resident_bytes"": 73934848, ""offloaded_bytes"": 0}, {""microbatch"": 0, ""layer_id"": 0, ""resident_bytes"": 95191040, ""offloaded_bytes"": 8388608}, {""microbatch"": 0, ""layer_id"": 1, ""resident_bytes"": 95158272, ""offloaded_bytes"": 8388608}, {""microbatch"": 0, ""layer_id"": 2, ""resident_bytes"": 95158272, ""offloaded_bytes"": 8388608}, {""microbatch"": 0, ""layer_id"": 3, ""resident_bytes"": 95158272, ""offloaded_bytes"": 8388608}]"
247,247,0,BWD,0,0,bwd,3,rope,bwd_op@3:rope,,,0,,267919360,454600704,101187584,0,0,0,0,0,0,0,0,0,0,0,0,0,823707648,0,False,[],"[{""microbatch"": 0, ""layer_id"": -1, ""resident_bytes"": 73934848, ""offloaded_bytes"": 0}, {""microbatch"": 0, ""layer_id"": 0, ""resident_bytes"": 95191040, ""offloaded_bytes"": 8388608}, {""microbatch"": 0, ""layer_id"": 1, ""resident_bytes"": 95158272, ""offloaded_bytes"": 8388608}, {""microbatch"": 0, ""layer_id"": 2, ""resident_bytes"": 95158272, ""offloaded_bytes"": 8388608}, {""microbatch"": 0, ""layer_id"": 3, ""resident_bytes"": 95158272, ""offloaded_bytes"": 8388608}]"
248,248,0,BWD,0,0,bwd,3,qkv,bwd_op@3:qkv,,,0,,267919360,454600704,101187584,0,0,0,33554432,0,0,0,0,0,0,0,33554432,0,857262080,33554432,False,[],"[{""microbatch"": 0, ""layer_id"": -1, ""resident_bytes"": 73934848, ""offloaded_bytes"": 0}, {""microbatch"": 0, ""layer_id"": 0, ""resident_bytes"": 95191040, ""offloaded_bytes"": 8388608}, {""microbatch"": 0, ""layer_id"": 1, ""resident_bytes"": 95158272, ""offloaded_bytes"": 8388608}, {""microbatch"": 0, ""layer_id"": 2, ""resident_bytes"": 95158272, ""offloaded_bytes"": 8388608}, {""microbatch"": 0, ""layer_id"": 3, ""resident_bytes"": 95158272, ""offloaded_bytes"": 8388608}]"
249,249,0,BWD,0,0,bwd,3,ln1,bwd_op@3:ln1,,,0,,267919360,454600704,101187584,0,0,0,0,0,0,0,0,0,0,0,-33554432,0,823707648,-33554432,False,[],"[{""microbatch"": 0, ""layer_id"": -1, ""resident_bytes"": 73934848, ""offloaded_bytes"": 0}, {""microbatch"": 0, ""layer_id"": 0, ""resident_bytes"": 95191040, ""offloaded_bytes"": 8388608}, {""microbatch"": 0, ""layer_id"": 1, ""resident_bytes"": 95158272, ""offloaded_bytes"": 8388608}, {""microbatch"": 0, ""layer_id"": 2, ""resident_bytes"": 95158272, ""offloaded_bytes"": 8388608}, {""microbatch"": 0, ""layer_id"": 3, ""resident_bytes"": 95158272, ""offloaded_bytes"": 8388608}]"
250,250,0,BWD,0,0,bwd,3,,bwd_grad@3,,,0,,267919360,454600704,101187584,50593792,0,0,0,0,0,0,0,50593792,0,0,0,0,874301440,50593792,True,[],"[{""microbatch"": 0, ""layer_id"": -1, ""resident_bytes"": 73934848, ""offloaded_bytes"": 0}, {""microbatch"": 0, ""layer_id"": 0, ""resident_bytes"": 95191040, ""offloaded_bytes"": 8388608}, {""microbatch"": 0, ""layer_id"": 1, ""resident_bytes"": 95158272, ""offloaded_bytes"": 8388608}, {""microbatch"": 0, ""layer_id"": 2, ""resident_bytes"": 95158272, ""offloaded_bytes"": 8388608}, {""microbatch"": 0, ""layer_id"": 3, ""resident_bytes"": 95158272, ""offloaded_bytes"": 8388608}]"
251,251,0,BWD,0,0,bwd,3,,bwd_activation_release@3,,,0,,267919360,359442432,101187584,0,0,0,0,0,0,-95158272,0,-50593792,0,0,0,0,728549376,-145752064,False,[],"[{""microbatch"": 0, ""layer_id"": -1, ""resident_bytes"": 73934848, ""offloaded_bytes"": 0}, {""microbatch"": 0, ""layer_id"": 0, ""resident_bytes"": 95191040, ""offloaded_bytes"": 8388608}, {""microbatch"": 0, ""layer_id"": 1, ""resident_bytes"": 95158272, ""offloaded_bytes"": 8388608}, {""microbatch"": 0, ""layer_id"": 2, ""resident_bytes"": 95158272, ""offloaded_bytes"": 8388608}]"
252,252,0,BWD,0,0,bwd,2,,bwd_gather@2,,,0,,267919360,359442432,101187584,0,0,0,0,0,0,0,0,0,0,0,0,0,728549376,0,False,[],"[{""microbatch"": 0, ""layer_id"": -1, ""resident_bytes"": 73934848, ""offloaded_bytes"": 0}, {""microbatch"": 0, ""layer_id"": 0, ""resident_bytes"": 95191040, ""offloaded_bytes"": 8388608}, {""microbatch"": 0, ""layer_id"": 1, ""resident_bytes"": 95158272, ""offloaded_bytes"": 8388608}, {""microbatch"": 0, ""layer_id"": 2, ""resident_bytes"": 95158272, ""offloaded_bytes"": 8388608}]"
253,253,0,BWD,0,0,bwd,2,,bwd_swap_prefetch@2,,,0,,267919360,359442432,101187584,0,0,16777216,0,0,0,0,0,0,0,16777216,0,0,745326592,16777216,False,[],"[{""microbatch"": 0, ""layer_id"": -1, ""resident_bytes"": 73934848, ""offloaded_bytes"": 0}, {""microbatch"": 0, ""layer_id"": 0, ""resident_bytes"": 95191040, ""offloaded_bytes"": 8388608}, {""microbatch"": 0, ""layer_id"": 1, ""resident_bytes"": 95158272, ""offloaded_bytes"": 8388608}, {""microbatch"": 0, ""layer_id"": 2, ""resident_bytes"": 95158272, ""offloaded_bytes"": 8388608}]"
254,254,0,BWD,0,0,bwd,2,,bwd_recompute@2,,,0,,267919360,359442432,101187584,0,22577152,0,0,0,0,0,0,0,22577152,-16777216,0,0,751126528,5799936,False,[],"[{""microbatch"": 0, ""layer_id"": -1, ""resident_bytes"": 73934848, ""offloaded_bytes"": 0}, {""microbatch"": 0, ""layer_id"": 0, ""resident_bytes"": 95191040, ""offloaded_bytes"": 8388608}, {""microbatch"": 0, ""layer_id"": 1, ""resident_bytes"": 95158272, ""offloaded_bytes"": 8388608}, {""microbatch"": 0, ""layer_id"": 2, ""resident_bytes"": 95158272, ""offloaded_bytes"": 8388608}]"
255,255,0,BWD,0,0,bwd,2,add2,bwd_op@2:add2,,,0,,267919360,359442432,101187584,0,0,0,4194304,0,0,0,0,0,-22577152,0,4194304,0,732743680,-18382848,False,[],"[{""microbatch"": 0, ""layer_id"": -1, ""resident_bytes"": 73934848, ""offloaded_bytes"": 0}, {""microbatch"": 0, ""layer_id"": 0, ""resident_bytes"": 95191040, ""offloaded_bytes"": 8388608}, {""microbatch"": 0, ""layer_id"": 1, ""resident_bytes"": 95158272, ""offloaded_bytes"": 8388608}, {""microbatch"": 0, ""layer_id"": 2, ""resident_bytes"": 95158272, ""offloaded_bytes"": 8388608}]"
256,256,0,BWD,0,0,bwd,2,fc2,bwd_op@2:fc2,,,0,,267919360,359442432,101187584,0,0,0,0,0,0,0,0,0,0,0,-4194304,0,728549376,-4194304,False,[],"[{""microbatch"": 0, ""layer_id"": -1, ""resident_bytes"": 73934848, ""offloaded_bytes"": 0}, {""microbatch"": 0, ""layer_id"": 0, ""resident_bytes"": 95191040, ""offloaded_bytes"": 8388608}, {""microbatch"": 0, ""layer_id"": 1, ""resident_bytes"": 95158272, ""offloaded_bytes"": 8388608}, {""microbatch"": 0, ""layer_id"": 2, ""resident_bytes"": 95158272, ""offloaded_bytes"": 8388608}]"
257,257,0,BWD,0,0,bwd,2,swiglu,bwd_op@2:swiglu,,,0,,267919360,359442432,101187584,0,0,0,0,0,0,0,0,0,0,0,0,0,728549376,0,False,[],"[{""microbatch"": 0, ""layer_id"": -1, ""resident_bytes"": 73934848, ""offloaded_bytes"": 0}, {""microbatch"": 0, ""layer_id"": 0, ""resident_bytes"": 95191040, ""offloaded_bytes"": 8388608}, {""microbatch"": 0, ""layer_id"": 1, ""resident_bytes"": 95158272, ""offloaded_bytes"": 8388608}, {""microbatch"": 0, ""layer_id"": 2, ""resident_bytes"": 95158272, ""offloaded_bytes"": 8388608}]"
258,258,0,BWD,0,0,bwd,2,fc1,bwd_op@2:fc1,,,0,,267919360,359442432,101187584,0,0,0,33554432,0,0,0,0,0,0,0,33554432,0,762103808,33554432,False,[],"[{""microbatch"": 0, ""layer_id"": -1, ""resident_bytes"": 73934848, ""offloaded_bytes"": 0}, {""microbatch"": 0, ""layer_id"": 0, ""resident_bytes"": 95191040, ""offloaded_bytes"": 8388608}, {""microbatch"": 0, ""layer_id"": 1, ""resident_bytes"": 95158272, ""offloaded_bytes"": 8388608}, {""microbatch"": 0, ""layer_id"": 2, ""resident_bytes"": 95158272, ""offloaded_bytes"": 8388608}]"
259,259,0,BWD,0,0,bwd,2,ln2,bwd_op@2:ln2,,,0,,267919360,359442432,101187584,0,0,0,0,0,0,0,0,0,0,0,-33554432,0,728549376,-33554432,False,[],"[{""microbatch"": 0, ""layer_id"": -1, ""resident_bytes"": 73934848, ""offloaded_bytes"": 0}, {""microbatch"": 0, ""layer_id"": 0, ""resident_bytes"": 95191040, ""offloaded_bytes"": 8388608}, {""microbatch"": 0, ""layer_id"": 1, ""resident_bytes"": 95158272, ""offloaded_bytes"": 8388608}, {""microbatch"": 0, ""layer_id"": 2, ""resident_bytes"": 95158272, ""offloaded_bytes"": 8388608}]"
260,260,0,BWD,0,0,bwd,2,add1,bwd_op@2:add1,,,0,,267919360,359442432,101187584,0,0,0,4194304,0,0,0,0,0,0,0,4194304,0,732743680,4194304,False,[],"[{""microbatch"": 0, ""layer_id"": -1, ""resident_bytes"": 73934848, ""offloaded_bytes"": 0}, {""microbatch"": 0, ""layer_id"": 0, ""resident_bytes"": 95191040, ""offloaded_bytes"": 8388608}, {""microbatch"": 0, ""layer_id"": 1, ""resident_bytes"": 95158272, ""offloaded_bytes"": 8388608}, {""microbatch"": 0, ""layer_id"": 2, ""resident_bytes"": 95158272, ""offloaded_bytes"": 8388608}]"
261,261,0,BWD,0,0,bwd,2,o_proj,bwd_op@2:o_proj,,,0,,267919360,359442432,101187584,0,0,0,0,0,0,0,0,0,0,0,-4194304,0,728549376,-4194304,False,[],"[{""microbatch"": 0, ""layer_id"": -1, ""resident_bytes"": 73934848, ""offloaded_bytes"": 0}, {""microbatch"": 0, ""layer_id"": 0, ""resident_bytes"": 95191040, ""offloaded_bytes"": 8388608}, {""microbatch"": 0, ""layer_id"": 1, ""resident_bytes"": 95158272, ""offloaded_bytes"": 8388608}, {""microbatch"": 0, ""layer_id"": 2, ""resident_bytes"": 95158272, ""offloaded_bytes"": 8388608}]"
262,262,0,BWD,0,0,bwd,2,flash,bwd_op@2:flash,,,0,,267919360,359442432,101187584,0,0,0,0,0,0,0,0,0,0,0,0,0,728549376,0,False,[],"[{""microbatch"": 0, ""layer_id"": -1, ""resident_bytes"": 73934848, ""offloaded_bytes"": 0}, {""microbatch"": 0, ""layer_id"": 0, ""resident_bytes"": 95191040, ""offloaded_bytes"": 8388608}, {""microbatch"": 0, ""layer_id"": 1, ""resident_bytes"": 95158272, ""offloaded_bytes"": 8388608}, {""microbatch"": 0, ""layer_id"": 2, ""resident_bytes"": 95158272, ""offloaded_bytes"": 8388608}]"
263,263,0,BWD,0,0,bwd,2,rope,bwd_op@2:rope,,,0,,267919360,359442432,101187584,0,0,0,0,0,0,0,0,0,0,0,0,0,728549376,0,False,[],"[{""microbatch"": 0, ""layer_id"": -1, ""resident_bytes"": 73934848, ""offloaded_bytes"": 0}, {""microbatch"": 0, ""layer_id"": 0, ""resident_bytes"": 95191040, ""offloaded_bytes"": 8388608}, {""microbatch"": 0, ""layer_id"": 1, ""resident_bytes"": 95158272, ""offloaded_bytes"": 8388608}, {""microbatch"": 0, ""layer_id"": 2, ""resident_bytes"": 95158272, ""offloaded_bytes"": 8388608}]"
264,264,0,BWD,0,0,bwd,2,qkv,bwd_op@2:qkv,,,0,,267919360,359442432,101187584,0,0,0,33554432,0,0,0,0,0,0,0,33554432,0,762103808,33554432,False,[],"[{""microbatch"": 0, ""layer_id"": -1, ""resident_bytes"": 73934848, ""offloaded_bytes"": 0}, {""microbatch"": 0, ""layer_id"": 0, ""resident_bytes"": 95191040, ""offloaded_bytes"": 8388608}, {""microbatch"": 0, ""layer_id"": 1, ""resident_bytes"": 95158272, ""offloaded_bytes"": 8388608}, {""microbatch"": 0, ""layer_id"": 2, ""resident_bytes"": 95158272, ""offloaded_bytes"": 8388608}]"
265,265,0,BWD,0,0,bwd,2,ln1,bwd_op@2:ln1,,,0,,267919360,359442432,101187584,0,0,0,0,0,0,0,0,0,0,0,-33554432,0,728549376,-33554432,False,[],"[{""microbatch"": 0, ""layer_id"": -1, ""resident_bytes"": 73934848, ""offloaded_bytes"": 0}, {""microbatch"": 0, ""layer_id"": 0, ""resident_bytes"": 95191040, ""offloaded_bytes"": 8388608}, {""microbatch"": 0, ""layer_id"": 1, ""resident_bytes"": 95158272, ""offloaded_bytes"": 8388608}, {""microbatch"": 0, ""layer_id"": 2, ""resident_bytes"": 95158272, ""offloaded_bytes"": 8388608}]"
266,266,0,BWD,0,0,bwd,2,,bwd_grad@2,,,0,,267919360,359442432,101187584,50593792,0,0,0,0,0,0,0,50593792,0,0,0,0,779143168,50593792,False,[],"[{""microbatch"": 0, ""layer_id"": -1, ""resident_bytes"": 73934848, ""offloaded_bytes"": 0}, {""microbatch"": 0, ""layer_id"": 0, ""resident_bytes"": 95191040, ""offloaded_bytes"": 8388608}, {""microbatch"": 0, ""layer_id"": 1, ""resident_bytes"": 95158272, ""offloaded_bytes"": 8388608}, {""microbatch"": 0, ""layer_id"": 2, ""resident_bytes"": 95158272, ""offloaded_bytes"": 8388608}]"
267,267,0,BWD,0,0,bwd,2,,bwd_activation_release@2,,,0,,267919360,264284160,101187584,0,0,0,0,0,0,-95158272,0,-50593792,0,0,0,0,633391104,-145752064,False,[],"[{""microbatch"": 0, ""layer_id"": -1, ""resident_bytes"": 73934848, ""offloaded_bytes"": 0}, {""microbatch"": 0, ""layer_id"": 0, ""resident_bytes"": 95191040, ""offloaded_bytes"": 8388608}, {""microbatch"": 0, ""layer_id"": 1, ""resident_bytes"": 95158272, ""offloaded_bytes"": 8388608}]"
268,268,0,BWD,0,0,bwd,1,,bwd_gather@1,,,0,,267919360,264284160,101187584,0,0,0,0,0,0,0,0,0,0,0,0,0,633391104,0,False,[],"[{""microbatch"": 0, ""layer_id"": -1, ""resident_bytes"": 73934848, ""offloaded_bytes"": 0}, {""microbatch"": 0, ""layer_id"": 0, ""resident_bytes"": 95191040, ""offloaded_bytes"": 8388608}, {""microbatch"": 0, ""layer_id"": 1, ""resident_bytes"": 95158272, ""offloaded_bytes"": 8388608}]"
269,269,0,BWD,0,0,bwd,1,,bwd_swap_prefetch@1,,,0,,267919360,264284160,101187584,0,0,16777216,0,0,0,0,0,0,0,16777216,0,0,650168320,16777216,False,[],"[{""microbatch"": 0, ""layer_id"": -1, ""resident_bytes"": 73934848, ""offloaded_bytes"": 0}, {""microbatch"": 0, ""layer_id"": 0, ""resident_bytes"": 95191040, ""offloaded_bytes"": 8388608}, {""microbatch"": 0, ""layer_id"": 1, ""resident_bytes"": 95158272, ""offloaded_bytes"": 8388608}]"
270,270,0,BWD,0,0,bwd,1,,bwd_recompute@1,,,0,,267919360,264284160,101187584,0,22577152,0,0,0,0,0,0,0,22577152,-16777216,0,0,655968256,5799936,False,[],"[{""microbatch"": 0, ""layer_id"": -1, ""resident_bytes"": 73934848, ""offloaded_bytes"": 0}, {""microbatch"": 0, ""layer_id"": 0, ""resident_bytes"": 95191040, ""offloaded_bytes"": 8388608}, {""microbatch"": 0, ""layer_id"": 1, ""resident_bytes"": 95158272, ""offloaded_bytes"": 8388608}]"
271,271,0,BWD,0,0,bwd,1,add2,bwd_op@1:add2,,,0,,267919360,264284160,101187584,0,0,0,4194304,0,0,0,0,0,-22577152,0,4194304,0,637585408,-18382848,False,[],"[{""microbatch"": 0, ""layer_id"": -1, ""resident_bytes"": 73934848, ""offloaded_bytes"": 0}, {""microbatch"": 0, ""layer_id"": 0, ""resident_bytes"": 95191040, ""offloaded_bytes"": 8388608}, {""microbatch"": 0, ""layer_id"": 1, ""resident_bytes"": 95158272, ""offloaded_bytes"": 8388608}]"
272,272,0,BWD,0,0,bwd,1,fc2,bwd_op@1:fc2,,,0,,267919360,264284160,101187584,0,0,0,0,0,0,0,0,0,0,0,-4194304,0,633391104,-4194304,False,[],"[{""microbatch"": 0, ""layer_id"": -1, ""resident_bytes"": 73934848, ""offloaded_bytes"": 0}, {""microbatch"": 0, ""layer_id"": 0, ""resident_bytes"": 95191040, ""offloaded_bytes"": 8388608}, {""microbatch"": 0, ""layer_id"": 1, ""resident_bytes"": 95158272, ""offloaded_bytes"": 8388608}]"
273,273,0,BWD,0,0,bwd,1,swiglu,bwd_op@1:swiglu,,,0,,267919360,264284160,101187584,0,0,0,0,0,0,0,0,0,0,0,0,0,633391104,0,False,[],"[{""microbatch"": 0, ""layer_id"": -1, ""resident_bytes"": 73934848, ""offloaded_bytes"": 0}, {""microbatch"": 0, ""layer_id"": 0, ""resident_bytes"": 95191040, ""offloaded_bytes"": 8388608}, {""microbatch"": 0, ""layer_id"": 1, ""resident_bytes"": 95158272, ""offloaded_bytes"": 8388608}]"
274,274,0,BWD,0,0,bwd,1,fc1,bwd_op@1:fc1,,,0,,267919360,264284160,101187584,0,0,0,33554432,0,0,0,0,0,0,0,33554432,0,666945536,33554432,False,[],"[{""microbatch"": 0, ""layer_id"": -1, ""resident_bytes"": 73934848, ""offloaded_bytes"": 0}, {""microbatch"": 0, ""layer_id"": 0, ""resident_bytes"": 95191040, ""offloaded_bytes"": 8388608}, {""microbatch"": 0, ""layer_id"": 1, ""resident_bytes"": 95158272, ""offloaded_bytes"": 8388608}]"
275,275,0,BWD,0,0,bwd,1,ln2,bwd_op@1:ln2,,,0,,267919360,264284160,101187584,0,0,0,0,0,0,0,0,0,0,0,-33554432,0,633391104,-33554432,False,[],"[{""microbatch"": 0, ""layer_id"": -1, ""resident_bytes"": 73934848, ""offloaded_bytes"": 0}, {""microbatch"": 0, ""layer_id"": 0, ""resident_bytes"": 95191040, ""offloaded_bytes"": 8388608}, {""microbatch"": 0, ""layer_id"": 1, ""resident_bytes"": 95158272, ""offloaded_bytes"": 8388608}]"
276,276,0,BWD,0,0,bwd,1,add1,bwd_op@1:add1,,,0,,267919360,264284160,101187584,0,0,0,4194304,0,0,0,0,0,0,0,4194304,0,637585408,4194304,False,[],"[{""microbatch"": 0, ""layer_id"": -1, ""resident_bytes"": 73934848, ""offloaded_bytes"": 0}, {""microbatch"": 0, ""layer_id"": 0, ""resident_bytes"": 95191040, ""offloaded_bytes"": 8388608}, {""microbatch"": 0, ""layer_id"": 1, ""resident_bytes"": 95158272, ""offloaded_bytes"": 8388608}]"
277,277,0,BWD,0,0,bwd,1,o_proj,bwd_op@1:o_proj,,,0,,267919360,264284160,101187584,0,0,0,0,0,0,0,0,0,0,0,-4194304,0,633391104,-4194304,False,[],"[{""microbatch"": 0, ""layer_id"": -1, ""resident_bytes"": 73934848, ""offloaded_bytes"": 0}, {""microbatch"": 0, ""layer_id"": 0, ""resident_bytes"": 95191040, ""offloaded_bytes"": 8388608}, {""microbatch"": 0, ""layer_id"": 1, ""resident_bytes"": 95158272, ""offloaded_bytes"": 8388608}]"
278,278,0,BWD,0,0,bwd,1,flash,bwd_op@1:flash,,,0,,267919360,264284160,101187584,0,0,0,0,0,0,0,0,0,0,0,0,0,633391104,0,False,[],"[{""microbatch"": 0, ""layer_id"": -1, ""resident_bytes"": 73934848, ""offloaded_bytes"": 0}, {""microbatch"": 0, ""layer_id"": 0, ""resident_bytes"": 95191040, ""offloaded_bytes"": 8388608}, {""microbatch"": 0, ""layer_id"": 1, ""resident_bytes"": 95158272, ""offloaded_bytes"": 8388608}]"
279,279,0,BWD,0,0,bwd,1,rope,bwd_op@1:rope,,,0,,267919360,264284160,101187584,0,0,0,0,0,0,0,0,0,0,0,0,0,633391104,0,False,[],"[{""microbatch"": 0, ""layer_id"": -1, ""resident_bytes"": 73934848, ""offloaded_bytes"": 0}, {""microbatch"": 0, ""layer_id"": 0, ""resident_bytes"": 95191040, ""offloaded_bytes"": 8388608}, {""microbatch"": 0, ""layer_id"": 1, ""resident_bytes"": 95158272, ""offloaded_bytes"": 8388608}]"
280,280,0,BWD,0,0,bwd,1,qkv,bwd_op@1:qkv,,,0,,267919360,264284160,101187584,0,0,0,33554432,0,0,0,0,0,0,0,33554432,0,666945536,33554432,False,[],"[{""microbatch"": 0, ""layer_id"": -1, ""resident_bytes"": 73934848, ""offloaded_bytes"": 0}, {""microbatch"": 0, ""layer_id"": 0, ""resident_bytes"": 95191040, ""offloaded_bytes"": 8388608}, {""microbatch"": 0, ""layer_id"": 1, ""resident_bytes"": 95158272, ""offloaded_bytes"": 8388608}]"
281,281,0,BWD,0,0,bwd,1,ln1,bwd_op@1:ln1,,,0,,267919360,264284160,101187584,0,0,0,0,0,0,0,0,0,0,0,-33554432,0,633391104,-33554432,False,[],"[{""microbatch"": 0, ""layer_id"": -1, ""resident_bytes"": 73934848, ""offloaded_bytes"": 0}, {""microbatch"": 0, ""layer_id"": 0, ""resident_bytes"": 95191040, ""offloaded_bytes"": 8388608}, {""microbatch"": 0, ""layer_id"": 1, ""resident_bytes"": 95158272, ""offloaded_bytes"": 8388608}]"
282,282,0,BWD,0,0,bwd,1,,bwd_grad@1,,,0,,267919360,264284160,101187584,50593792,0,0,0,0,0,0,0,50593792,0,0,0,0,683984896,50593792,False,[],"[{""microbatch"": 0, ""layer_id"": -1, ""resident_bytes"": 73934848, ""offloaded_bytes"": 0}, {""microbatch"": 0, ""layer_id"": 0, ""resident_bytes"": 95191040, ""offloaded_bytes"": 8388608}, {""microbatch"": 0, ""layer_id"": 1, ""resident_bytes"": 95158272, ""offloaded_bytes"": 8388608}]"
283,283,0,BWD,0,0,bwd,1,,bwd_activation_release@1,,,0,,267919360,169125888,101187584,0,0,0,0,0,0,-95158272,0,-50593792,0,0,0,0,538232832,-145752064,False,[],"[{""microbatch"": 0, ""layer_id"": -1, ""resident_bytes"": 73934848, ""offloaded_bytes"": 0}, {""microbatch"": 0, ""layer_id"": 0, ""resident_bytes"": 95191040, ""offloaded_bytes"": 8388608}]"
284,284,0,BWD,0,0,bwd,0,,bwd_gather@0,,,0,,267919360,169125888,50593792,0,0,0,0,0,0,0,-50593792,0,0,0,0,0,487639040,-50593792,False,[],"[{""microbatch"": 0, ""layer_id"": -1, ""resident_bytes"": 73934848, ""offloaded_bytes"": 0}, {""microbatch"": 0, ""layer_id"": 0, ""resident_bytes"": 95191040, ""offloaded_bytes"": 8388608}]"
285,285,0,BWD,0,0,bwd,0,,bwd_swap_prefetch@0,,,0,,267919360,169125888,50593792,0,0,8388608,0,0,0,0,0,0,0,8388608,0,0,496027648,8388608,False,[],"[{""microbatch"": 0, ""layer_id"": -1, ""resident_bytes"": 73934848, ""offloaded_bytes"": 0}, {""microbatch"": 0, ""layer_id"": 0, ""resident_bytes"": 95191040, ""offloaded_bytes"": 8388608}]"
286,286,0,BWD,0,0,bwd,0,,bwd_recompute@0,,,0,,267919360,169125888,50593792,0,22544384,0,0,0,0,0,0,0,22544384,-8388608,0,0,510183424,14155776,False,[],"[{""microbatch"": 0, ""layer_id"": -1, ""resident_bytes"": 73934848, ""offloaded_bytes"": 0}, {""microbatch"": 0, ""layer_id"": 0, ""resident_bytes"": 95191040, ""offloaded_bytes"": 8388608}]"
287,287,0,BWD,0,0,bwd,0,add2,bwd_op@0:add2,,,0,,267919360,169125888,50593792,0,0,0,4194304,0,0,0,0,0,-22544384,0,4194304,0,491833344,-18350080,False,[],"[{""microbatch"": 0, ""layer_id"": -1, ""resident_bytes"": 73934848, ""offloaded_bytes"": 0}, {""microbatch"": 0, ""layer_id"": 0, ""resident_bytes"": 95191040, ""offloaded_bytes"": 8388608}]"
288,288,0,BWD,0,0,bwd,0,fc2,bwd_op@0:fc2,,,0,,267919360,169125888,50593792,0,0,0,0,0,0,0,0,0,0,0,-4194304,0,487639040,-4194304,False,[],"[{""microbatch"": 0, ""layer_id"": -1, ""resident_bytes"": 73934848, ""offloaded_bytes"": 0}, {""microbatch"": 0, ""layer_id"": 0, ""resident_bytes"": 95191040, ""offloaded_bytes"": 8388608}]"
289,289,0,BWD,0,0,bwd,0,swiglu,bwd_op@0:swiglu,,,0,,267919360,169125888,50593792,0,0,0,0,0,0,0,0,0,0,0,0,0,487639040,0,False,[],"[{""microbatch"": 0, ""layer_id"": -1, ""resident_bytes"": 73934848, ""offloaded_bytes"": 0}, {""microbatch"": 0, ""layer_id"": 0, ""resident_bytes"": 95191040, ""offloaded_bytes"": 8388608}]"
290,290,0,BWD,0,0,bwd,0,fc1,bwd_op@0:fc1,,,0,,267919360,169125888,50593792,0,0,0,33554432,0,0,0,0,0,0,0,33554432,0,521193472,33554432,False,[],"[{""microbatch"": 0, ""layer_id"": -1, ""resident_bytes"": 73934848, ""offloaded_bytes"": 0}, {""microbatch"": 0, ""layer_id"": 0, ""resident_bytes"": 95191040, ""offloaded_bytes"": 8388608}]"
291,291,0,BWD,0,0,bwd,0,ln2,bwd_op@0:ln2,,,0,,267919360,169125888,50593792,0,0,0,0,0,0,0,0,0,0,0,-33554432,0,487639040,-33554432,False,[],"[{""microbatch"": 0, ""layer_id"": -1, ""resident_bytes"": 73934848, ""offloaded_bytes"": 0}, {""microbatch"": 0, ""layer_id"": 0, ""resident_bytes"": 95191040, ""offloaded_bytes"": 8388608}]"
292,292,0,BWD,0,0,bwd,0,add1,bwd_op@0:add1,,,0,,267919360,169125888,50593792,0,0,0,4194304,0,0,0,0,0,0,0,4194304,0,491833344,4194304,False,[],"[{""microbatch"": 0, ""layer_id"": -1, ""resident_bytes"": 73934848, ""offloaded_bytes"": 0}, {""microbatch"": 0, ""layer_id"": 0, ""resident_bytes"": 95191040, ""offloaded_bytes"": 8388608}]"
293,293,0,BWD,0,0,bwd,0,o_proj,bwd_op@0:o_proj,,,0,,267919360,169125888,50593792,0,0,0,0,0,0,0,0,0,0,0,-4194304,0,487639040,-4194304,False,[],"[{""microbatch"": 0, ""layer_id"": -1, ""resident_bytes"": 73934848, ""offloaded_bytes"": 0}, {""microbatch"": 0, ""layer_id"": 0, ""resident_bytes"": 95191040, ""offloaded_bytes"": 8388608}]"
294,294,0,BWD,0,0,bwd,0,flash,bwd_op@0:flash,,,0,,267919360,169125888,50593792,0,0,0,0,0,0,0,0,0,0,0,0,0,487639040,0,False,[],"[{""microbatch"": 0, ""layer_id"": -1, ""resident_bytes"": 73934848, ""offloaded_bytes"": 0}, {""microbatch"": 0, ""layer_id"": 0, ""resident_bytes"": 95191040, ""offloaded_bytes"": 8388608}]"
295,295,0,BWD,0,0,bwd,0,rope,bwd_op@0:rope,,,0,,267919360,169125888,50593792,0,0,0,0,0,0,0,0,0,0,0,0,0,487639040,0,False,[],"[{""microbatch"": 0, ""layer_id"": -1, ""resident_bytes"": 73934848, ""offloaded_bytes"": 0}, {""microbatch"": 0, ""layer_id"": 0, ""resident_bytes"": 95191040, ""offloaded_bytes"": 8388608}]"
296,296,0,BWD,0,0,bwd,0,qkv,bwd_op@0:qkv,,,0,,267919360,169125888,50593792,0,0,0,33554432,0,0,0,0,0,0,0,33554432,0,521193472,33554432,False,[],"[{""microbatch"": 0, ""layer_id"": -1, ""resident_bytes"": 73934848, ""offloaded_bytes"": 0}, {""microbatch"": 0, ""layer_id"": 0, ""resident_bytes"": 95191040, ""offloaded_bytes"": 8388608}]"
297,297,0,BWD,0,0,bwd,0,ln1,bwd_op@0:ln1,,,0,,267919360,169125888,50593792,0,0,0,0,0,0,0,0,0,0,0,-33554432,0,487639040,-33554432,False,[],"[{""microbatch"": 0, ""layer_id"": -1, ""resident_bytes"": 73934848, ""offloaded_bytes"": 0}, {""microbatch"": 0, ""layer_id"": 0, ""resident_bytes"": 95191040, ""offloaded_bytes"": 8388608}]"
298,298,0,BWD,0,0,bwd,0,,bwd_grad@0,,,0,,267919360,169125888,50593792,50593792,0,0,0,0,0,0,0,50593792,0,0,0,0,538232832,50593792,False,[],"[{""microbatch"": 0, ""layer_id"": -1, ""resident_bytes"": 73934848, ""offloaded_bytes"": 0}, {""microbatch"": 0, ""layer_id"": 0, ""resident_bytes"": 95191040, ""offloaded_bytes"": 8388608}]"
299,299,0,BWD,0,0,bwd,0,,bwd_activation_release@0,,,0,,267919360,73934848,50593792,0,0,0,0,0,0,-95191040,0,-50593792,0,0,0,0,392448000,-145784832,False,[],"[{""microbatch"": 0, ""layer_id"": -1, ""resident_bytes"": 73934848, ""offloaded_bytes"": 0}]"
300,300,0,BWD,0,0,bwd,-1,,bwd_edge_activation_release,,,0,,267919360,0,0,0,0,0,0,0,0,-73934848,-50593792,0,0,0,0,0,267919360,-124528640,False,[],[]
301,301,0,BWD,0,0,bwd,,,bwd_edge_gather@embedding,,,0,,267919360,0,32768000,0,0,0,0,0,0,0,32768000,0,0,0,0,0,300687360,32768000,False,[],[]
302,302,0,BWD,0,0,bwd,,,bwd_edge_grad@embedding,,,0,,267919360,0,32768000,32768000,0,0,0,0,0,0,0,32768000,0,0,0,0,333455360,32768000,False,[],[]
303,303,0,BWD,0,0,bwd,,,bwd_end,,,0,,267919360,0,0,0,0,0,0,0,0,0,-32768000,-32768000,0,0,0,0,267919360,-65536000,False,[],[]
304,304,0,FWD,1,0,fwd,,,fwd_edge_gather@embedding,,,0,,267919360,0,32768000,0,0,0,0,0,0,0,32768000,0,0,0,0,0,300687360,32768000,False,[],[]
305,305,0,FWD,1,0,fwd,,,fwd_edge_op@embedding,,,0,,267919360,0,32768000,0,0,0,0,0,0,0,0,0,0,0,0,0,300687360,0,False,[],[]
306,306,0,FWD,1,0,fwd,0,,fwd_gather@0,,,0,,267919360,0,101187584,0,0,0,0,0,0,0,68419584,0,0,0,0,0,369106944,68419584,False,[],[]
307,307,0,FWD,1,0,fwd,0,ln1,fwd_input@0:0,ALLOC,x|shard=0:tp|partial=complete|dtype=default,4194304,workspace,267919360,0,101187584,0,0,0,4194304,0,0,0,0,0,0,0,4194304,0,373301248,4194304,False,[],[]
308,308,0,FWD,1,0,fwd,0,ln1,fwd_output@0:0,ALLOC,ln1|shard=0:tp|partial=complete|dtype=default,4194304,workspace,267919360,0,101187584,0,0,0,8388608,0,0,0,0,0,0,0,4194304,0,377495552,4194304,False,[],[]
309,309,0,FWD,1,0,fwd,0,ln1,fwd_op_execute@0:ln1,MARK,op:0:0:ln1,0,,267919360,0,101187584,0,0,0,8388608,0,0,0,0,0,0,0,0,0,377495552,0,False,[],[]
310,310,0,FWD,1,0,fwd,0,ln1,fwd_value_end@0:ln1,FREE,ln1|shard=0:tp|partial=complete|dtype=default,4194304,workspace,267919360,0,101187584,0,0,0,4194304,0,0,0,0,0,0,0,-4194304,0,373301248,-4194304,False,[],[]
311,311,0,FWD,1,0,fwd,0,qkv,fwd_input@0:1,ALLOC,ln1|shard=replicated|partial=complete|dtype=default,33554432,act_live,267919360,33554432,101187584,0,0,0,4194304,0,0,33554432,0,0,0,0,0,0,406855680,33554432,False,[],[]
312,312,0,FWD,1,0,fwd,0,qkv,fwd_output@0:1,ALLOC,qkv|shard=2:tp|partial=complete|dtype=default,12582912,act_live,267919360,46137344,101187584,0,0,0,4194304,0,0,12582912,0,0,0,0,0,0,419438592,12582912,False,[],[]
313,313,0,FWD,1,0,fwd,0,qkv,fwd_comm@0:qkv,ALLOC,comm:0:1:qkv,33554432,communication,267919360,46137344,101187584,0,0,0,37748736,0,0,0,0,0,0,0,33554432,0,452993024,33554432,False,[],[]
314,314,0,FWD,1,0,fwd,0,qkv,fwd_op_execute@0:qkv,MARK,op:0:1:qkv,0,,267919360,46137344,101187584,0,0,0,37748736,0,0,0,0,0,0,0,0,0,452993024,0,False,[],[]
315,315,0,FWD,1,0,fwd,0,qkv,fwd_comm_end@0:qkv,FREE,comm:0:1:qkv,33554432,communication,267919360,46137344,101187584,0,0,0,4194304,0,0,0,0,0,0,0,-33554432,0,419438592,-33554432,False,[],[]
316,316,0,FWD,1,0,fwd,0,rope,fwd_op_execute@0:rope,MARK,op:0:2:rope,0,,267919360,46137344,101187584,0,0,0,4194304,0,0,0,0,0,0,0,0,0,419438592,0,False,[],[]
317,317,0,FWD,1,0,fwd,0,flash,fwd_output@0:3,ALLOC,attn|shard=2:tp|partial=complete|dtype=default,4194304,act_live,267919360,50331648,101187584,0,0,0,4194304,0,0,4194304,0,0,0,0,0,0,423632896,4194304,False,[],[]
318,318,0,FWD,1,0,fwd,0,flash,fwd_save@0:3,ALLOC,lse|shard=2:tp|partial=complete|dtype=default,32768,act_live,267919360,50364416,101187584,0,0,0,4194304,0,0,32768,0,0,0,0,0,0,423665664,32768,False,[],[]
319,319,0,FWD,1,0,fwd,0,flash,fwd_op@0:flash,ALLOC,workspace:0:3:flash,33554432,workspace,267919360,50364416,101187584,0,0,0,37748736,0,0,0,0,0,0,0,33554432,0,457220096,33554432,False,[],[]
320,320,0,FWD,1,0,fwd,0,flash,fwd_op_execute@0:flash,MARK,op:0:3:flash,0,,267919360,50364416,101187584,0,0,0,37748736,0,0,0,0,0,0,0,0,0,457220096,0,False,[],[]
321,321,0,FWD,1,0,fwd,0,flash,fwd_op_end@0:flash,FREE,workspace:0:3:flash,33554432,workspace,267919360,50364416,101187584,0,0,0,4194304,0,0,0,0,0,0,0,-33554432,0,423665664,-33554432,False,[],[]
322,322,0,FWD,1,0,fwd,0,o_proj,fwd_output@0:4,ALLOC,o|shard=replicated|partial=tp|dtype=default,33554432,workspace,267919360,50364416,101187584,0,0,0,37748736,0,0,0,0,0,0,0,33554432,0,457220096,33554432,False,[],[]
323,323,0,FWD,1,0,fwd,0,o_proj,fwd_op_execute@0:o_proj,MARK,op:0:4:o_proj,0,,267919360,50364416,101187584,0,0,0,37748736,0,0,0,0,0,0,0,0,0,457220096,0,False,[],[]
324,324,0,FWD,1,0,fwd,0,o_proj,fwd_value_end@0:o_proj,FREE,o|shard=replicated|partial=tp|dtype=default,33554432,workspace,267919360,50364416,101187584,0,0,0,4194304,0,0,0,0,0,0,0,-33554432,0,423665664,-33554432,False,[],[]
325,325,0,FWD,1,0,fwd,0,add1,fwd_input@0:5,ALLOC,o|shard=0:tp|partial=complete|dtype=default,4194304,workspace,267919360,50364416,101187584,0,0,0,8388608,0,0,0,0,0,0,0,4194304,0,427859968,4194304,False,[],[]
326,326,0,FWD,1,0,fwd,0,add1,fwd_output@0:5,ALLOC,h1|shard=0:tp|partial=complete|dtype=default,4194304,workspace,267919360,50364416,101187584,0,0,0,12582912,0,0,0,0,0,0,0,4194304,0,432054272,4194304,False,[],[]
327,327,0,FWD,1,0,fwd,0,add1,fwd_comm@0:add1,ALLOC,comm:0:5:add1,4194304,communication,267919360,50364416,101187584,0,0,0,16777216,0,0,0,0,0,0,0,4194304,0,436248576,4194304,False,[],[]
328,328,0,FWD,1,0,fwd,0,add1,fwd_op_execute@0:add1,MARK,op:0:5:add1,0,,267919360,50364416,101187584,0,0,0,16777216,0,0,0,0,0,0,0,0,0,436248576,0,False,[],[]
329,329,0,FWD,1,0,fwd,0,add1,fwd_comm_end@0:add1,FREE,comm:0:5:add1,4194304,communication,267919360,50364416,101187584,0,0,0,12582912,0,0,0,0,0,0,0,-4194304,0,432054272,-4194304,False,[],[]
330,330,0,FWD,1,0,fwd,0,add1,fwd_value_end@0:add1,FREE,o|shard=0:tp|partial=complete|dtype=default,4194304,workspace,267919360,50364416,101187584,0,0,0,8388608,0,0,0,0,0,0,0,-4194304,0,427859968,-4194304,False,[],[]
331,331,0,FWD,1,0,fwd,0,add1,fwd_value_end@0:add1,FREE,x|shard=0:tp|partial=complete|dtype=default,4194304,workspace,267919360,50364416,101187584,0,0,0,4194304,0,0,0,0,0,0,0,-4194304,0,423665664,-4194304,False,[],[]
332,332,0,FWD,1,0,fwd,0,ln2,fwd_output@0:6,ALLOC,ln2|shard=0:tp|partial=complete|dtype=default,4194304,workspace,267919360,50364416,101187584,0,0,0,8388608,0,0,0,0,0,0,0,4194304,0,427859968,4194304,False,[],[]
333,333,0,FWD,1,0,fwd,0,ln2,fwd_op_execute@0:ln2,MARK,op:0:6:ln2,0,,267919360,50364416,101187584,0,0,0,8388608,0,0,0,0,0,0,0,0,0,427859968,0,False,[],[]
334,334,0,FWD,1,0,fwd,0,ln2,fwd_value_end@0:ln2,FREE,ln2|shard=0:tp|partial=complete|dtype=default,4194304,workspace,267919360,50364416,101187584,0,0,0,4194304,0,0,0,0,0,0,0,-4194304,0,423665664,-4194304,False,[],[]
335,335,0,FWD,1,0,fwd,0,fc1,fwd_input@0:7,ALLOC,ln2|shard=replicated|partial=complete|dtype=default,33554432,act_live,267919360,83918848,101187584,0,0,0,4194304,0,0,33554432,0,0,0,0,0,0,457220096,33554432,False,[],[]
336,336,0,FWD,1,0,fwd,0,fc1,fwd_output@0:7,ALLOC,gate|shard=2:tp|partial=complete|dtype=default,22544384,workspace,267919360,83918848,101187584,0,0,0,26738688,0,0,0,0,0,0,0,22544384,0,479764480,22544384,False,[],[]
337,337,0,FWD,1,0,fwd,0,fc1,fwd_comm@0:fc1,ALLOC,comm:0:7:fc1,33554432,communication,267919360,83918848,101187584,0,0,0,60293120,0,0,0,0,0,0,0,33554432,0,513318912,33554432,False,[],[]
338,338,0,FWD,1,0,fwd,0,fc1,fwd_op_execute@0:fc1,MARK,op:0:7:fc1,0,,267919360,83918848,101187584,0,0,0,60293120,0,0,0,0,0,0,0,0,0,513318912,0,False,[],[]
339,339,0,FWD,1,0,fwd,0,fc1,fwd_comm_end@0:fc1,FREE,comm:0:7:fc1,33554432,communication,267919360,83918848,101187584,0,0,0,26738688,0,0,0,0,0,0,0,-33554432,0,479764480,-33554432,False,[],[]
340,340,0,FWD,1,0,fwd,0,swiglu,fwd_output@0:8,ALLOC,act|shard=2:tp|partial=complete|dtype=default,11272192,act_live,267919360,95191040,101187584,0,0,0,26738688,0,0,11272192,0,0,0,0,0,0,491036672,11272192,False,[],[]
341,341,0,FWD,1,0,fwd,0,swiglu,fwd_op_execute@0:swiglu,MARK,op:0:8:swiglu,0,,267919360,95191040,101187584,0,0,0,26738688,0,0,0,0,0,0,0,0,0,491036672,0,False,[],[]
342,342,0,FWD,1,0,fwd,0,swiglu,fwd_value_end@0:swiglu,FREE,gate|shard=2:tp|partial=complete|dtype=default,22544384,workspace,267919360,95191040,101187584,0,0,0,4194304,0,0,0,0,0,0,0,-22544384,0,468492288,-22544384,False,[],[]
343,343,0,FWD,1,0,fwd,0,fc2,fwd_output@0:9,ALLOC,o2|shard=replicated|partial=tp|dtype=default,33554432,workspace,267919360,95191040,101187584,0,0,0,37748736,0,0,0,0,0,0,0,33554432,0,502046720,33554432,False,[],[]
344,344,0,FWD,1,0,fwd,0,fc2,fwd_op_execute@0:fc2,MARK,op:0:9:fc2,0,,267919360,95191040,101187584,0,0,0,37748736,0,0,0,0,0,0,0,0,0,502046720,0,False,[],[]
345,345,0,FWD,1,0,fwd,0,fc2,fwd_value_end@0:fc2,FREE,o2|shard=replicated|partial=tp|dtype=default,33554432,workspace,267919360,95191040,101187584,0,0,0,4194304,0,0,0,0,0,0,0,-33554432,0,468492288,-33554432,False,[],[]
346,346,0,FWD,1,0,fwd,0,add2,fwd_input@0:10,ALLOC,o2|shard=0:tp|partial=complete|dtype=default,4194304,workspace,267919360,95191040,101187584,0,0,0,8388608,0,0,0,0,0,0,0,4194304,0,472686592,4194304,False,[],[]
347,347,0,FWD,1,0,fwd,0,add2,fwd_output@0:10,ALLOC,h2|shard=0:tp|partial=complete|dtype=default,4194304,workspace,267919360,95191040,101187584,0,0,0,12582912,0,0,0,0,0,0,0,4194304,0,476880896,4194304,False,[],[]
348,348,0,FWD,1,0,fwd,0,add2,fwd_comm@0:add2,ALLOC,comm:0:10:add2,4194304,communication,267919360,95191040,101187584,0,0,0,16777216,0,0,0,0,0,0,0,4194304,0,481075200,4194304,False,[],[]
349,349,0,FWD,1,0,fwd,0,add2,fwd_op_execute@0:add2,MARK,op:0:10:add2,0,,267919360,95191040,101187584,0,0,0,16777216,0,0,0,0,0,0,0,0,0,481075200,0,False,[],[]
350,350,0,FWD,1,0,fwd,0,add2,fwd_comm_end@0:add2,FREE,comm:0:10:add2,4194304,communication,267919360,95191040,101187584,0,0,0,12582912,0,0,0,0,0,0,0,-4194304,0,476880896,-4194304,False,[],[]
351,351,0,FWD,1,0,fwd,0,add2,fwd_value_end@0:add2,FREE,h2|shard=0:tp|partial=complete|dtype=default,4194304,workspace,267919360,95191040,101187584,0,0,0,8388608,0,0,0,0,0,0,0,-4194304,0,472686592,-4194304,False,[],[]
352,352,0,FWD,1,0,fwd,0,add2,fwd_value_end@0:add2,FREE,h1|shard=0:tp|partial=complete|dtype=default,4194304,workspace,267919360,95191040,101187584,0,0,0,4194304,0,0,0,0,0,0,0,-4194304,0,468492288,-4194304,False,[],[]
353,353,0,FWD,1,0,fwd,0,add2,fwd_value_end@0:add2,FREE,o2|shard=0:tp|partial=complete|dtype=default,4194304,workspace,267919360,95191040,101187584,0,0,0,0,0,0,0,0,0,0,0,-4194304,0,464297984,-4194304,False,[],[]
354,354,0,FWD,1,0,fwd,0,,fwd_end@0,,,0,,267919360,95191040,101187584,0,0,0,0,0,0,0,0,0,0,0,0,0,464297984,0,False,[],"[{""microbatch"": 1, ""layer_id"": 0, ""resident_bytes"": 95191040, ""offloaded_bytes"": 8388608}]"
355,355,0,FWD,1,0,fwd,1,,fwd_gather@1,,,0,,267919360,95191040,101187584,0,0,0,0,0,0,0,0,0,0,0,0,0,464297984,0,False,[],"[{""microbatch"": 1, ""layer_id"": 0, ""resident_bytes"": 95191040, ""offloaded_bytes"": 8388608}]"
356,356,0,FWD,1,0,fwd,1,ln1,fwd_input@1:0,ALLOC,x|shard=0:tp|partial=complete|dtype=default,4194304,workspace,267919360,95191040,101187584,0,0,0,4194304,0,0,0,0,0,0,0,4194304,0,468492288,4194304,False,[],"[{""microbatch"": 1, ""layer_id"": 0, ""resident_bytes"": 95191040, ""offloaded_bytes"": 8388608}]"
357,357,0,FWD,1,0,fwd,1,ln1,fwd_output@1:0,ALLOC,ln1|shard=0:tp|partial=complete|dtype=default,4194304,workspace,267919360,95191040,101187584,0,0,0,8388608,0,0,0,0,0,0,0,4194304,0,472686592,4194304,False,[],"[{""microbatch"": 1, ""layer_id"": 0, ""resident_bytes"": 95191040, ""offloaded_bytes"": 8388608}]"
358,358,0,FWD,1,0,fwd,1,ln1,fwd_op_execute@1:ln1,MARK,op:1:0:ln1,0,,267919360,95191040,101187584,0,0,0,8388608,0,0,0,0,0,0,0,0,0,472686592,0,False,[],"[{""microbatch"": 1, ""layer_id"": 0, ""resident_bytes"": 95191040, ""offloaded_bytes"": 8388608}]"
359,359,0,FWD,1,0,fwd,1,ln1,fwd_value_end@1:ln1,FREE,ln1|shard=0:tp|partial=complete|dtype=default,4194304,workspace,267919360,95191040,101187584,0,0,0,4194304,0,0,0,0,0,0,0,-4194304,0,468492288,-4194304,False,[],"[{""microbatch"": 1, ""layer_id"": 0, ""resident_bytes"": 95191040, ""offloaded_bytes"": 8388608}]"
360,360,0,FWD,1,0,fwd,1,qkv,fwd_input@1:1,ALLOC,ln1|shard=replicated|partial=complete|dtype=default,33554432,act_live,267919360,128745472,101187584,0,0,0,4194304,0,0,33554432,0,0,0,0,0,0,502046720,33554432,False,[],"[{""microbatch"": 1, ""layer_id"": 0, ""resident_bytes"": 95191040, ""offloaded_bytes"": 8388608}]"
361,361,0,FWD,1,0,fwd,1,qkv,fwd_output@1:1,ALLOC,qkv|shard=2:tp|partial=complete|dtype=default,12582912,act_live,267919360,141328384,101187584,0,0,0,4194304,0,0,12582912,0,0,0,0,0,0,514629632,12582912,False,[],"[{""microbatch"": 1, ""layer_id"": 0, ""resident_bytes"": 95191040, ""offloaded_bytes"": 8388608}]"
362,362,0,FWD,1,0,fwd,1,qkv,fwd_comm@1:qkv,ALLOC,comm:1:1:qkv,33554432,communication,267919360,141328384,101187584,0,0,0,37748736,0,0,0,0,0,0,0,33554432,0,548184064,33554432,False,[],"[{""microbatch"": 1, ""layer_id"": 0, ""resident_bytes"": 95191040, ""offloaded_bytes"": 8388608}]"
363,363,0,FWD,1,0,fwd,1,qkv,fwd_op_execute@1:qkv,MARK,op:1:1:qkv,0,,267919360,141328384,101187584,0,0,0,37748736,0,0,0,0,0,0,0,0,0,548184064,0,False,[],"[{""microbatch"": 1, ""layer_id"": 0, ""resident_bytes"": 95191040, ""offloaded_bytes"": 8388608}]"
364,364,0,FWD,1,0,fwd,1,qkv,fwd_comm_end@1:qkv,FREE,comm:1:1:qkv,33554432,communication,267919360,141328384,101187584,0,0,0,4194304,0,0,0,0,0,0,0,-33554432,0,514629632,-33554432,False,[],"[{""microbatch"": 1, ""layer_id"": 0, ""resident_bytes"": 95191040, ""offloaded_bytes"": 8388608}]"
365,365,0,FWD,1,0,fwd,1,rope,fwd_op_execute@1:rope,MARK,op:1:2:rope,0,,267919360,141328384,101187584,0,0,0,4194304,0,0,0,0,0,0,0,0,0,514629632,0,False,[],"[{""microbatch"": 1, ""layer_id"": 0, ""resident_bytes"": 95191040, ""offloaded_bytes"": 8388608}]"
366,366,0,FWD,1,0,fwd,1,flash,fwd_output@1:3,ALLOC,attn|shard=2:tp|partial=complete|dtype=default,4194304,act_live,267919360,145522688,101187584,0,0,0,4194304,0,0,4194304,0,0,0,0,0,0,518823936,4194304,False,[],"[{""microbatch"": 1, ""layer_id"": 0, ""resident_bytes"": 95191040, ""offloaded_bytes"": 8388608}]"
367,367,0,FWD,1,0,fwd,1,flash,fwd_save@1:3,ALLOC,lse|shard=2:tp|partial=complete|dtype=default,32768,workspace,267919360,145522688,101187584,0,0,0,4227072,0,0,0,0,0,0,0,32768,0,518856704,32768,False,[],"[{""microbatch"": 1, ""layer_id"": 0, ""resident_bytes"": 95191040, ""offloaded_bytes"": 8388608}]"
368,368,0,FWD,1,0,fwd,1,flash,fwd_op@1:flash,ALLOC,workspace:1:3:flash,33554432,workspace,267919360,145522688,101187584,0,0,0,37781504,0,0,0,0,0,0,0,33554432,0,552411136,33554432,False,[],"[{""microbatch"": 1, ""layer_id"": 0, ""resident_bytes"": 95191040, ""offloaded_bytes"": 8388608}]"
369,369,0,FWD,1,0,fwd,1,flash,fwd_op_execute@1:flash,MARK,op:1:3:flash,0,,267919360,145522688,101187584,0,0,0,37781504,0,0,0,0,0,0,0,0,0,552411136,0,False,[],"[{""microbatch"": 1, ""layer_id"": 0, ""resident_bytes"": 95191040, ""offloaded_bytes"": 8388608}]"
370,370,0,FWD,1,0,fwd,1,flash,fwd_op_end@1:flash,FREE,workspace:1:3:flash,33554432,workspace,267919360,145522688,101187584,0,0,0,4227072,0,0,0,0,0,0,0,-33554432,0,518856704,-33554432,False,[],"[{""microbatch"": 1, ""layer_id"": 0, ""resident_bytes"": 95191040, ""offloaded_bytes"": 8388608}]"
371,371,0,FWD,1,0,fwd,1,flash,fwd_value_end@1:flash,FREE,lse|shard=2:tp|partial=complete|dtype=default,32768,workspace,267919360,145522688,101187584,0,0,0,4194304,0,0,0,0,0,0,0,-32768,0,518823936,-32768,False,[],"[{""microbatch"": 1, ""layer_id"": 0, ""resident_bytes"": 95191040, ""offloaded_bytes"": 8388608}]"
372,372,0,FWD,1,0,fwd,1,o_proj,fwd_output@1:4,ALLOC,o|shard=replicated|partial=tp|dtype=default,33554432,workspace,267919360,145522688,101187584,0,0,0,37748736,0,0,0,0,0,0,0,33554432,0,552378368,33554432,False,[],"[{""microbatch"": 1, ""layer_id"": 0, ""resident_bytes"": 95191040, ""offloaded_bytes"": 8388608}]"
373,373,0,FWD,1,0,fwd,1,o_proj,fwd_op_execute@1:o_proj,MARK,op:1:4:o_proj,0,,267919360,145522688,101187584,0,0,0,37748736,0,0,0,0,0,0,0,0,0,552378368,0,False,[],"[{""microbatch"": 1, ""layer_id"": 0, ""resident_bytes"": 95191040, ""offloaded_bytes"": 8388608}]"
374,374,0,FWD,1,0,fwd,1,o_proj,fwd_value_end@1:o_proj,FREE,o|shard=replicated|partial=tp|dtype=default,33554432,workspace,267919360,145522688,101187584,0,0,0,4194304,0,0,0,0,0,0,0,-33554432,0,518823936,-33554432,False,[],"[{""microbatch"": 1, ""layer_id"": 0, ""resident_bytes"": 95191040, ""offloaded_bytes"": 8388608}]"
375,375,0,FWD,1,0,fwd,1,add1,fwd_input@1:5,ALLOC,o|shard=0:tp|partial=complete|dtype=default,4194304,workspace,267919360,145522688,101187584,0,0,0,8388608,0,0,0,0,0,0,0,4194304,0,523018240,4194304,False,[],"[{""microbatch"": 1, ""layer_id"": 0, ""resident_bytes"": 95191040, ""offloaded_bytes"": 8388608}]"
376,376,0,FWD,1,0,fwd,1,add1,fwd_output@1:5,ALLOC,h1|shard=0:tp|partial=complete|dtype=default,4194304,workspace,267919360,145522688,101187584,0,0,0,12582912,0,0,0,0,0,0,0,4194304,0,527212544,4194304,False,[],"[{""microbatch"": 1, ""layer_id"": 0, ""resident_bytes"": 95191040, ""offloaded_bytes"": 8388608}]"
377,377,0,FWD,1,0,fwd,1,add1,fwd_comm@1:add1,ALLOC,comm:1:5:add1,4194304,communication,267919360,145522688,101187584,0,0,0,16777216,0,0,0,0,0,0,0,4194304,0,531406848,4194304,False,[],"[{""microbatch"": 1, ""layer_id"": 0, ""resident_bytes"": 95191040, ""offloaded_bytes"": 8388608}]"
378,378,0,FWD,1,0,fwd,1,add1,fwd_op_execute@1:add1,MARK,op:1:5:add1,0,,267919360,145522688,101187584,0,0,0,16777216,0,0,0,0,0,0,0,0,0,531406848,0,False,[],"[{""microbatch"": 1, ""layer_id"": 0, ""resident_bytes"": 95191040, ""offloaded_bytes"": 8388608}]"
379,379,0,FWD,1,0,fwd,1,add1,fwd_comm_end@1:add1,FREE,comm:1:5:add1,4194304,communication,267919360,145522688,101187584,0,0,0,12582912,0,0,0,0,0,0,0,-4194304,0,527212544,-4194304,False,[],"[{""microbatch"": 1, ""layer_id"": 0, ""resident_bytes"": 95191040, ""offloaded_bytes"": 8388608}]"
380,380,0,FWD,1,0,fwd,1,add1,fwd_value_end@1:add1,FREE,o|shard=0:tp|partial=complete|dtype=default,4194304,workspace,267919360,145522688,101187584,0,0,0,8388608,0,0,0,0,0,0,0,-4194304,0,523018240,-4194304,False,[],"[{""microbatch"": 1, ""layer_id"": 0, ""resident_bytes"": 95191040, ""offloaded_bytes"": 8388608}]"
381,381,0,FWD,1,0,fwd,1,add1,fwd_value_end@1:add1,FREE,x|shard=0:tp|partial=complete|dtype=default,4194304,workspace,267919360,145522688,101187584,0,0,0,4194304,0,0,0,0,0,0,0,-4194304,0,518823936,-4194304,False,[],"[{""microbatch"": 1, ""layer_id"": 0, ""resident_bytes"": 95191040, ""offloaded_bytes"": 8388608}]"
382,382,0,FWD,1,0,fwd,1,ln2,fwd_output@1:6,ALLOC,ln2|shard=0:tp|partial=complete|dtype=default,4194304,workspace,267919360,145522688,101187584,0,0,0,8388608,0,0,0,0,0,0,0,4194304,0,523018240,4194304,False,[],"[{""microbatch"": 1, ""layer_id"": 0, ""resident_bytes"": 95191040, ""offloaded_bytes"": 8388608}]"
383,383,0,FWD,1,0,fwd,1,ln2,fwd_op_execute@1:ln2,MARK,op:1:6:ln2,0,,267919360,145522688,101187584,0,0,0,8388608,0,0,0,0,0,0,0,0,0,523018240,0,False,[],"[{""microbatch"": 1, ""layer_id"": 0, ""resident_bytes"": 95191040, ""offloaded_bytes"": 8388608}]"
384,384,0,FWD,1,0,fwd,1,ln2,fwd_value_end@1:ln2,FREE,ln2|shard=0:tp|partial=complete|dtype=default,4194304,workspace,267919360,145522688,101187584,0,0,0,4194304,0,0,0,0,0,0,0,-4194304,0,518823936,-4194304,False,[],"[{""microbatch"": 1, ""layer_id"": 0, ""resident_bytes"": 95191040, ""offloaded_bytes"": 8388608}]"
385,385,0,FWD,1,0,fwd,1,fc1,fwd_input@1:7,ALLOC,ln2|shard=replicated|partial=complete|dtype=default,33554432,act_live,267919360,179077120,101187584,0,0,0,4194304,0,0,33554432,0,0,0,0,0,0,552378368,33554432,False,[],"[{""microbatch"": 1, ""layer_id"": 0, ""resident_bytes"": 95191040, ""offloaded_bytes"": 8388608}]"
386,386,0,FWD,1,0,fwd,1,fc1,fwd_output@1:7,ALLOC,gate|shard=2:tp|partial=complete|dtype=default,22544384,workspace,267919360,179077120,101187584,0,0,0,26738688,0,0,0,0,0,0,0,22544384,0,574922752,22544384,False,[],"[{""microbatch"": 1, ""layer_id"": 0, ""resident_bytes"": 95191040, ""offloaded_bytes"": 8388608}]"
387,387,0,FWD,1,0,fwd,1,fc1,fwd_comm@1:fc1,ALLOC,comm:1:7:fc1,33554432,communication,267919360,179077120,101187584,0,0,0,60293120,0,0,0,0,0,0,0,33554432,0,608477184,33554432,False,[],"[{""microbatch"": 1, ""layer_id"": 0, ""resident_bytes"": 95191040, ""offloaded_bytes"": 8388608}]"
388,388,0,FWD,1,0,fwd,1,fc1,fwd_op_execute@1:fc1,MARK,op:1:7:fc1,0,,267919360,179077120,101187584,0,0,0,60293120,0,0,0,0,0,0,0,0,0,608477184,0,False,[],"[{""microbatch"": 1, ""layer_id"": 0, ""resident_bytes"": 95191040, ""offloaded_bytes"": 8388608}]"
389,389,0,FWD,1,0,fwd,1,fc1,fwd_comm_end@1:fc1,FREE,comm:1:7:fc1,33554432,communication,267919360,179077120,101187584,0,0,0,26738688,0,0,0,0,0,0,0,-33554432,0,574922752,-33554432,False,[],"[{""microbatch"": 1, ""layer_id"": 0, ""resident_bytes"": 95191040, ""offloaded_bytes"": 8388608}]"
390,390,0,FWD,1,0,fwd,1,swiglu,fwd_output@1:8,ALLOC,act|shard=2:tp|partial=complete|dtype=default,11272192,act_live,267919360,190349312,101187584,0,0,0,26738688,0,0,11272192,0,0,0,0,0,0,586194944,11272192,False,[],"[{""microbatch"": 1, ""layer_id"": 0, ""resident_bytes"": 95191040, ""offloaded_bytes"": 8388608}]"
391,391,0,FWD,1,0,fwd,1,swiglu,fwd_op_execute@1:swiglu,MARK,op:1:8:swiglu,0,,267919360,190349312,101187584,0,0,0,26738688,0,0,0,0,0,0,0,0,0,586194944,0,False,[],"[{""microbatch"": 1, ""layer_id"": 0, ""resident_bytes"": 95191040, ""offloaded_bytes"": 8388608}]"
392,392,0,FWD,1,0,fwd,1,swiglu,fwd_value_end@1:swiglu,FREE,gate|shard=2:tp|partial=complete|dtype=default,22544384,workspace,267919360,190349312,101187584,0,0,0,4194304,0,0,0,0,0,0,0,-22544384,0,563650560,-22544384,False,[],"[{""microbatch"": 1, ""layer_id"": 0, ""resident_bytes"": 95191040, ""offloaded_bytes"": 8388608}]"
393,393,0,FWD,1,0,fwd,1,fc2,fwd_output@1:9,ALLOC,o2|shard=replicated|partial=tp|dtype=default,33554432,workspace,267919360,190349312,101187584,0,0,0,37748736,0,0,0,0,0,0,0,33554432,0,597204992,33554432,False,[],"[{""microbatch"": 1, ""layer_id"": 0, ""resident_bytes"": 95191040, ""offloaded_bytes"": 8388608}]"
394,394,0,FWD,1,0,fwd,1,fc2,fwd_op_execute@1:fc2,MARK,op:1:9:fc2,0,,267919360,190349312,101187584,0,0,0,37748736,0,0,0,0,0,0,0,0,0,597204992,0,False,[],"[{""microbatch"": 1, ""layer_id"": 0, ""resident_bytes"": 95191040, ""offloaded_bytes"": 8388608}]"
395,395,0,FWD,1,0,fwd,1,fc2,fwd_value_end@1:fc2,FREE,o2|shard=replicated|partial=tp|dtype=default,33554432,workspace,267919360,190349312,101187584,0,0,0,4194304,0,0,0,0,0,0,0,-33554432,0,563650560,-33554432,False,[],"[{""microbatch"": 1, ""layer_id"": 0, ""resident_bytes"": 95191040, ""offloaded_bytes"": 8388608}]"
396,396,0,FWD,1,0,fwd,1,add2,fwd_input@1:10,ALLOC,o2|shard=0:tp|partial=complete|dtype=default,4194304,workspace,267919360,190349312,101187584,0,0,0,8388608,0,0,0,0,0,0,0,4194304,0,567844864,4194304,False,[],"[{""microbatch"": 1, ""layer_id"": 0, ""resident_bytes"": 95191040, ""offloaded_bytes"": 8388608}]"
397,397,0,FWD,1,0,fwd,1,add2,fwd_output@1:10,ALLOC,h2|shard=0:tp|partial=complete|dtype=default,4194304,workspace,267919360,190349312,101187584,0,0,0,12582912,0,0,0,0,0,0,0,4194304,0,572039168,4194304,False,[],"[{""microbatch"": 1, ""layer_id"": 0, ""resident_bytes"": 95191040, ""offloaded_bytes"": 8388608}]"
398,398,0,FWD,1,0,fwd,1,add2,fwd_comm@1:add2,ALLOC,comm:1:10:add2,4194304,communication,267919360,190349312,101187584,0,0,0,16777216,0,0,0,0,0,0,0,4194304,0,576233472,4194304,False,[],"[{""microbatch"": 1, ""layer_id"": 0, ""resident_bytes"": 95191040, ""offloaded_bytes"": 8388608}]"
399,399,0,FWD,1,0,fwd,1,add2,fwd_op_execute@1:add2,MARK,op:1:10:add2,0,,267919360,190349312,101187584,0,0,0,16777216,0,0,0,0,0,0,0,0,0,576233472,0,False,[],"[{""microbatch"": 1, ""layer_id"": 0, ""resident_bytes"": 95191040, ""offloaded_bytes"": 8388608}]"
400,400,0,FWD,1,0,fwd,1,add2,fwd_comm_end@1:add2,FREE,comm:1:10:add2,4194304,communication,267919360,190349312,101187584,0,0,0,12582912,0,0,0,0,0,0,0,-4194304,0,572039168,-4194304,False,[],"[{""microbatch"": 1, ""layer_id"": 0, ""resident_bytes"": 95191040, ""offloaded_bytes"": 8388608}]"
401,401,0,FWD,1,0,fwd,1,add2,fwd_value_end@1:add2,FREE,h2|shard=0:tp|partial=complete|dtype=default,4194304,workspace,267919360,190349312,101187584,0,0,0,8388608,0,0,0,0,0,0,0,-4194304,0,567844864,-4194304,False,[],"[{""microbatch"": 1, ""layer_id"": 0, ""resident_bytes"": 95191040, ""offloaded_bytes"": 8388608}]"
402,402,0,FWD,1,0,fwd,1,add2,fwd_value_end@1:add2,FREE,h1|shard=0:tp|partial=complete|dtype=default,4194304,workspace,267919360,190349312,101187584,0,0,0,4194304,0,0,0,0,0,0,0,-4194304,0,563650560,-4194304,False,[],"[{""microbatch"": 1, ""layer_id"": 0, ""resident_bytes"": 95191040, ""offloaded_bytes"": 8388608}]"
403,403,0,FWD,1,0,fwd,1,add2,fwd_value_end@1:add2,FREE,o2|shard=0:tp|partial=complete|dtype=default,4194304,workspace,267919360,190349312,101187584,0,0,0,0,0,0,0,0,0,0,0,-4194304,0,559456256,-4194304,False,[],"[{""microbatch"": 1, ""layer_id"": 0, ""resident_bytes"": 95191040, ""offloaded_bytes"": 8388608}]"
404,404,0,FWD,1,0,fwd,1,,fwd_end@1,,,0,,267919360,190349312,101187584,0,0,0,0,0,0,0,0,0,0,0,0,0,559456256,0,False,[],"[{""microbatch"": 1, ""layer_id"": 0, ""resident_bytes"": 95191040, ""offloaded_bytes"": 8388608}, {""microbatch"": 1, ""layer_id"": 1, ""resident_bytes"": 95158272, ""offloaded_bytes"": 8388608}]"
405,405,0,FWD,1,0,fwd,2,,fwd_gather@2,,,0,,267919360,190349312,101187584,0,0,0,0,0,0,0,0,0,0,0,0,0,559456256,0,False,[],"[{""microbatch"": 1, ""layer_id"": 0, ""resident_bytes"": 95191040, ""offloaded_bytes"": 8388608}, {""microbatch"": 1, ""layer_id"": 1, ""resident_bytes"": 95158272, ""offloaded_bytes"": 8388608}]"
406,406,0,FWD,1,0,fwd,2,ln1,fwd_input@2:0,ALLOC,x|shard=0:tp|partial=complete|dtype=default,4194304,workspace,267919360,190349312,101187584,0,0,0,4194304,0,0,0,0,0,0,0,4194304,0,563650560,4194304,False,[],"[{""microbatch"": 1, ""layer_id"": 0, ""resident_bytes"": 95191040, ""offloaded_bytes"": 8388608}, {""microbatch"": 1, ""layer_id"": 1, ""resident_bytes"": 95158272, ""offloaded_bytes"": 8388608}]"
407,407,0,FWD,1,0,fwd,2,ln1,fwd_output@2:0,ALLOC,ln1|shard=0:tp|partial=complete|dtype=default,4194304,workspace,267919360,190349312,101187584,0,0,0,8388608,0,0,0,0,0,0,0,4194304,0,567844864,4194304,False,[],"[{""microbatch"": 1, ""layer_id"": 0, ""resident_bytes"": 95191040, ""offloaded_bytes"": 8388608}, {""microbatch"": 1, ""layer_id"": 1, ""resident_bytes"": 95158272, ""offloaded_bytes"": 8388608}]"
408,408,0,FWD,1,0,fwd,2,ln1,fwd_op_execute@2:ln1,MARK,op:2:0:ln1,0,,267919360,190349312,101187584,0,0,0,8388608,0,0,0,0,0,0,0,0,0,567844864,0,False,[],"[{""microbatch"": 1, ""layer_id"": 0, ""resident_bytes"": 95191040, ""offloaded_bytes"": 8388608}, {""microbatch"": 1, ""layer_id"": 1, ""resident_bytes"": 95158272, ""offloaded_bytes"": 8388608}]"
409,409,0,FWD,1,0,fwd,2,ln1,fwd_value_end@2:ln1,FREE,ln1|shard=0:tp|partial=complete|dtype=default,4194304,workspace,267919360,190349312,101187584,0,0,0,4194304,0,0,0,0,0,0,0,-4194304,0,563650560,-4194304,False,[],"[{""microbatch"": 1, ""layer_id"": 0, ""resident_bytes"": 95191040, ""offloaded_bytes"": 8388608}, {""microbatch"": 1, ""layer_id"": 1, ""resident_bytes"": 95158272, ""offloaded_bytes"": 8388608}]"
410,410,0,FWD,1,0,fwd,2,qkv,fwd_input@2:1,ALLOC,ln1|shard=replicated|partial=complete|dtype=default,33554432,act_live,267919360,223903744,101187584,0,0,0,4194304,0,0,33554432,0,0,0,0,0,0,597204992,33554432,False,[],"[{""microbatch"": 1, ""layer_id"": 0, ""resident_bytes"": 95191040, ""offloaded_bytes"": 8388608}, {""microbatch"": 1, ""layer_id"": 1, ""resident_bytes"": 95158272, ""offloaded_bytes"": 8388608}]"
411,411,0,FWD,1,0,fwd,2,qkv,fwd_output@2:1,ALLOC,qkv|shard=2:tp|partial=complete|dtype=default,12582912,act_live,267919360,236486656,101187584,0,0,0,4194304,0,0,12582912,0,0,0,0,0,0,609787904,12582912,False,[],"[{""microbatch"": 1, ""layer_id"": 0, ""resident_bytes"": 95191040, ""offloaded_bytes"": 8388608}, {""microbatch"": 1, ""layer_id"": 1, ""resident_bytes"": 95158272, ""offloaded_bytes"": 8388608}]"
412,412,0,FWD,1,0,fwd,2,qkv,fwd_comm@2:qkv,ALLOC,comm:2:1:qkv,33554432,communication,267919360,236486656,101187584,0,0,0,37748736,0,0,0,0,0,0,0,33554432,0,643342336,33554432,False,[],"[{""microbatch"": 1, ""layer_id"": 0, ""resident_bytes"": 95191040, ""offloaded_bytes"": 8388608}, {""microbatch"": 1, ""layer_id"": 1, ""resident_bytes"": 95158272, ""offloaded_bytes"": 8388608}]"
413,413,0,FWD,1,0,fwd,2,qkv,fwd_op_execute@2:qkv,MARK,op:2:1:qkv,0,,267919360,236486656,101187584,0,0,0,37748736,0,0,0,0,0,0,0,0,0,643342336,0,False,[],"[{""microbatch"": 1, ""layer_id"": 0, ""resident_bytes"": 95191040, ""offloaded_bytes"": 8388608}, {""microbatch"": 1, ""layer_id"": 1, ""resident_bytes"": 95158272, ""offloaded_bytes"": 8388608}]"
414,414,0,FWD,1,0,fwd,2,qkv,fwd_comm_end@2:qkv,FREE,comm:2:1:qkv,33554432,communication,267919360,236486656,101187584,0,0,0,4194304,0,0,0,0,0,0,0,-33554432,0,609787904,-33554432,False,[],"[{""microbatch"": 1, ""layer_id"": 0, ""resident_bytes"": 95191040, ""offloaded_bytes"": 8388608}, {""microbatch"": 1, ""layer_id"": 1, ""resident_bytes"": 95158272, ""offloaded_bytes"": 8388608}]"
415,415,0,FWD,1,0,fwd,2,rope,fwd_op_execute@2:rope,MARK,op:2:2:rope,0,,267919360,236486656,101187584,0,0,0,4194304,0,0,0,0,0,0,0,0,0,609787904,0,False,[],"[{""microbatch"": 1, ""layer_id"": 0, ""resident_bytes"": 95191040, ""offloaded_bytes"": 8388608}, {""microbatch"": 1, ""layer_id"": 1, ""resident_bytes"": 95158272, ""offloaded_bytes"": 8388608}]"
416,416,0,FWD,1,0,fwd,2,flash,fwd_output@2:3,ALLOC,attn|shard=2:tp|partial=complete|dtype=default,4194304,act_live,267919360,240680960,101187584,0,0,0,4194304,0,0,4194304,0,0,0,0,0,0,613982208,4194304,False,[],"[{""microbatch"": 1, ""layer_id"": 0, ""resident_bytes"": 95191040, ""offloaded_bytes"": 8388608}, {""microbatch"": 1, ""layer_id"": 1, ""resident_bytes"": 95158272, ""offloaded_bytes"": 8388608}]"
417,417,0,FWD,1,0,fwd,2,flash,fwd_save@2:3,ALLOC,lse|shard=2:tp|partial=complete|dtype=default,32768,workspace,267919360,240680960,101187584,0,0,0,4227072,0,0,0,0,0,0,0,32768,0,614014976,32768,False,[],"[{""microbatch"": 1, ""layer_id"": 0, ""resident_bytes"": 95191040, ""offloaded_bytes"": 8388608}, {""microbatch"": 1, ""layer_id"": 1, ""resident_bytes"": 95158272, ""offloaded_bytes"": 8388608}]"
418,418,0,FWD,1,0,fwd,2,flash,fwd_op@2:flash,ALLOC,workspace:2:3:flash,33554432,workspace,267919360,240680960,101187584,0,0,0,37781504,0,0,0,0,0,0,0,33554432,0,647569408,33554432,False,[],"[{""microbatch"": 1, ""layer_id"": 0, ""resident_bytes"": 95191040, ""offloaded_bytes"": 8388608}, {""microbatch"": 1, ""layer_id"": 1, ""resident_bytes"": 95158272, ""offloaded_bytes"": 8388608}]"
419,419,0,FWD,1,0,fwd,2,flash,fwd_op_execute@2:flash,MARK,op:2:3:flash,0,,267919360,240680960,101187584,0,0,0,37781504,0,0,0,0,0,0,0,0,0,647569408,0,False,[],"[{""microbatch"": 1, ""layer_id"": 0, ""resident_bytes"": 95191040, ""offloaded_bytes"": 8388608}, {""microbatch"": 1, ""layer_id"": 1, ""resident_bytes"": 95158272, ""offloaded_bytes"": 8388608}]"
420,420,0,FWD,1,0,fwd,2,flash,fwd_op_end@2:flash,FREE,workspace:2:3:flash,33554432,workspace,267919360,240680960,101187584,0,0,0,4227072,0,0,0,0,0,0,0,-33554432,0,614014976,-33554432,False,[],"[{""microbatch"": 1, ""layer_id"": 0, ""resident_bytes"": 95191040, ""offloaded_bytes"": 8388608}, {""microbatch"": 1, ""layer_id"": 1, ""resident_bytes"": 95158272, ""offloaded_bytes"": 8388608}]"
421,421,0,FWD,1,0,fwd,2,flash,fwd_value_end@2:flash,FREE,lse|shard=2:tp|partial=complete|dtype=default,32768,workspace,267919360,240680960,101187584,0,0,0,4194304,0,0,0,0,0,0,0,-32768,0,613982208,-32768,False,[],"[{""microbatch"": 1, ""layer_id"": 0, ""resident_bytes"": 95191040, ""offloaded_bytes"": 8388608}, {""microbatch"": 1, ""layer_id"": 1, ""resident_bytes"": 95158272, ""offloaded_bytes"": 8388608}]"
422,422,0,FWD,1,0,fwd,2,o_proj,fwd_output@2:4,ALLOC,o|shard=replicated|partial=tp|dtype=default,33554432,workspace,267919360,240680960,101187584,0,0,0,37748736,0,0,0,0,0,0,0,33554432,0,647536640,33554432,False,[],"[{""microbatch"": 1, ""layer_id"": 0, ""resident_bytes"": 95191040, ""offloaded_bytes"": 8388608}, {""microbatch"": 1, ""layer_id"": 1, ""resident_bytes"": 95158272, ""offloaded_bytes"": 8388608}]"
423,423,0,FWD,1,0,fwd,2,o_proj,fwd_op_execute@2:o_proj,MARK,op:2:4:o_proj,0,,267919360,240680960,101187584,0,0,0,37748736,0,0,0,0,0,0,0,0,0,647536640,0,False,[],"[{""microbatch"": 1, ""layer_id"": 0, ""resident_bytes"": 95191040, ""offloaded_bytes"": 8388608}, {""microbatch"": 1, ""layer_id"": 1, ""resident_bytes"": 95158272, ""offloaded_bytes"": 8388608}]"
424,424,0,FWD,1,0,fwd,2,o_proj,fwd_value_end@2:o_proj,FREE,o|shard=replicated|partial=tp|dtype=default,33554432,workspace,267919360,240680960,101187584,0,0,0,4194304,0,0,0,0,0,0,0,-33554432,0,613982208,-33554432,False,[],"[{""microbatch"": 1, ""layer_id"": 0, ""resident_bytes"": 95191040, ""offloaded_bytes"": 8388608}, {""microbatch"": 1, ""layer_id"": 1, ""resident_bytes"": 95158272, ""offloaded_bytes"": 8388608}]"
425,425,0,FWD,1,0,fwd,2,add1,fwd_input@2:5,ALLOC,o|shard=0:tp|partial=complete|dtype=default,4194304,workspace,267919360,240680960,101187584,0,0,0,8388608,0,0,0,0,0,0,0,4194304,0,618176512,4194304,False,[],"[{""microbatch"": 1, ""layer_id"": 0, ""resident_bytes"": 95191040, ""offloaded_bytes"": 8388608}, {""microbatch"": 1, ""layer_id"": 1, ""resident_bytes"": 95158272, ""offloaded_bytes"": 8388608}]"
426,426,0,FWD,1,0,fwd,2,add1,fwd_output@2:5,ALLOC,h1|shard=0:tp|partial=complete|dtype=default,4194304,workspace,267919360,240680960,101187584,0,0,0,12582912,0,0,0,0,0,0,0,4194304,0,622370816,4194304,False,[],"[{""microbatch"": 1, ""layer_id"": 0, ""resident_bytes"": 95191040, ""offloaded_bytes"": 8388608}, {""microbatch"": 1, ""layer_id"": 1, ""resident_bytes"": 95158272, ""offloaded_bytes"": 8388608}]"
427,427,0,FWD,1,0,fwd,2,add1,fwd_comm@2:add1,ALLOC,comm:2:5:add1,4194304,communication,267919360,240680960,101187584,0,0,0,16777216,0,0,0,0,0,0,0,4194304,0,626565120,4194304,False,[],"[{""microbatch"": 1, ""layer_id"": 0, ""resident_bytes"": 95191040, ""offloaded_bytes"": 8388608}, {""microbatch"": 1, ""layer_id"": 1, ""resident_bytes"": 95158272, ""offloaded_bytes"": 8388608}]"
428,428,0,FWD,1,0,fwd,2,add1,fwd_op_execute@2:add1,MARK,op:2:5:add1,0,,267919360,240680960,101187584,0,0,0,16777216,0,0,0,0,0,0,0,0,0,626565120,0,False,[],"[{""microbatch"": 1, ""layer_id"": 0, ""resident_bytes"": 95191040, ""offloaded_bytes"": 8388608}, {""microbatch"": 1, ""layer_id"": 1, ""resident_bytes"": 95158272, ""offloaded_bytes"": 8388608}]"
429,429,0,FWD,1,0,fwd,2,add1,fwd_comm_end@2:add1,FREE,comm:2:5:add1,4194304,communication,267919360,240680960,101187584,0,0,0,12582912,0,0,0,0,0,0,0,-4194304,0,622370816,-4194304,False,[],"[{""microbatch"": 1, ""layer_id"": 0, ""resident_bytes"": 95191040, ""offloaded_bytes"": 8388608}, {""microbatch"": 1, ""layer_id"": 1, ""resident_bytes"": 95158272, ""offloaded_bytes"": 8388608}]"
430,430,0,FWD,1,0,fwd,2,add1,fwd_value_end@2:add1,FREE,o|shard=0:tp|partial=complete|dtype=default,4194304,workspace,267919360,240680960,101187584,0,0,0,8388608,0,0,0,0,0,0,0,-4194304,0,618176512,-4194304,False,[],"[{""microbatch"": 1, ""layer_id"": 0, ""resident_bytes"": 95191040, ""offloaded_bytes"": 8388608}, {""microbatch"": 1, ""layer_id"": 1, ""resident_bytes"": 95158272, ""offloaded_bytes"": 8388608}]"
431,431,0,FWD,1,0,fwd,2,add1,fwd_value_end@2:add1,FREE,x|shard=0:tp|partial=complete|dtype=default,4194304,workspace,267919360,240680960,101187584,0,0,0,4194304,0,0,0,0,0,0,0,-4194304,0,613982208,-4194304,False,[],"[{""microbatch"": 1, ""layer_id"": 0, ""resident_bytes"": 95191040, ""offloaded_bytes"": 8388608}, {""microbatch"": 1, ""layer_id"": 1, ""resident_bytes"": 95158272, ""offloaded_bytes"": 8388608}]"
432,432,0,FWD,1,0,fwd,2,ln2,fwd_output@2:6,ALLOC,ln2|shard=0:tp|partial=complete|dtype=default,4194304,workspace,267919360,240680960,101187584,0,0,0,8388608,0,0,0,0,0,0,0,4194304,0,618176512,4194304,False,[],"[{""microbatch"": 1, ""layer_id"": 0, ""resident_bytes"": 95191040, ""offloaded_bytes"": 8388608}, {""microbatch"": 1, ""layer_id"": 1, ""resident_bytes"": 95158272, ""offloaded_bytes"": 8388608}]"
433,433,0,FWD,1,0,fwd,2,ln2,fwd_op_execute@2:ln2,MARK,op:2:6:ln2,0,,267919360,240680960,101187584,0,0,0,8388608,0,0,0,0,0,0,0,0,0,618176512,0,False,[],"[{""microbatch"": 1, ""layer_id"": 0, ""resident_bytes"": 95191040, ""offloaded_bytes"": 8388608}, {""microbatch"": 1, ""layer_id"": 1, ""resident_bytes"": 95158272, ""offloaded_bytes"": 8388608}]"
434,434,0,FWD,1,0,fwd,2,ln2,fwd_value_end@2:ln2,FREE,ln2|shard=0:tp|partial=complete|dtype=default,4194304,workspace,267919360,240680960,101187584,0,0,0,4194304,0,0,0,0,0,0,0,-4194304,0,613982208,-4194304,False,[],"[{""microbatch"": 1, ""layer_id"": 0, ""resident_bytes"": 95191040, ""offloaded_bytes"": 8388608}, {""microbatch"": 1, ""layer_id"": 1, ""resident_bytes"": 95158272, ""offloaded_bytes"": 8388608}]"
435,435,0,FWD,1,0,fwd,2,fc1,fwd_input@2:7,ALLOC,ln2|shard=replicated|partial=complete|dtype=default,33554432,act_live,267919360,274235392,101187584,0,0,0,4194304,0,0,33554432,0,0,0,0,0,0,647536640,33554432,False,[],"[{""microbatch"": 1, ""layer_id"": 0, ""resident_bytes"": 95191040, ""offloaded_bytes"": 8388608}, {""microbatch"": 1, ""layer_id"": 1, ""resident_bytes"": 95158272, ""offloaded_bytes"": 8388608}]"
436,436,0,FWD,1,0,fwd,2,fc1,fwd_output@2:7,ALLOC,gate|shard=2:tp|partial=complete|dtype=default,22544384,workspace,267919360,274235392,101187584,0,0,0,26738688,0,0,0,0,0,0,0,22544384,0,670081024,22544384,False,[],"[{""microbatch"": 1, ""layer_id"": 0, ""resident_bytes"": 95191040, ""offloaded_bytes"": 8388608}, {""microbatch"": 1, ""layer_id"": 1, ""resident_bytes"": 95158272, ""offloaded_bytes"": 8388608}]"
437,437,0,FWD,1,0,fwd,2,fc1,fwd_comm@2:fc1,ALLOC,comm:2:7:fc1,33554432,communication,267919360,274235392,101187584,0,0,0,60293120,0,0,0,0,0,0,0,33554432,0,703635456,33554432,False,[],"[{""microbatch"": 1, ""layer_id"": 0, ""resident_bytes"": 95191040, ""offloaded_bytes"": 8388608}, {""microbatch"": 1, ""layer_id"": 1, ""resident_bytes"": 95158272, ""offloaded_bytes"": 8388608}]"
438,438,0,FWD,1,0,fwd,2,fc1,fwd_op_execute@2:fc1,MARK,op:2:7:fc1,0,,267919360,274235392,101187584,0,0,0,60293120,0,0,0,0,0,0,0,0,0,703635456,0,False,[],"[{""microbatch"": 1, ""layer_id"": 0, ""resident_bytes"": 95191040, ""offloaded_bytes"": 8388608}, {""microbatch"": 1, ""layer_id"": 1, ""resident_bytes"": 95158272, ""offloaded_bytes"": 8388608}]"
439,439,0,FWD,1,0,fwd,2,fc1,fwd_comm_end@2:fc1,FREE,comm:2:7:fc1,33554432,communication,267919360,274235392,101187584,0,0,0,26738688,0,0,0,0,0,0,0,-33554432,0,670081024,-33554432,False,[],"[{""microbatch"": 1, ""layer_id"": 0, ""resident_bytes"": 95191040, ""offloaded_bytes"": 8388608}, {""microbatch"": 1, ""layer_id"": 1, ""resident_bytes"": 95158272, ""offloaded_bytes"": 8388608}]"
440,440,0,FWD,1,0,fwd,2,swiglu,fwd_output@2:8,ALLOC,act|shard=2:tp|partial=complete|dtype=default,11272192,act_live,267919360,285507584,101187584,0,0,0,26738688,0,0,11272192,0,0,0,0,0,0,681353216,11272192,False,[],"[{""microbatch"": 1, ""layer_id"": 0, ""resident_bytes"": 95191040, ""offloaded_bytes"": 8388608}, {""microbatch"": 1, ""layer_id"": 1, ""resident_bytes"": 95158272, ""offloaded_bytes"": 8388608}]"
441,441,0,FWD,1,0,fwd,2,swiglu,fwd_op_execute@2:swiglu,MARK,op:2:8:swiglu,0,,267919360,285507584,101187584,0,0,0,26738688,0,0,0,0,0,0,0,0,0,681353216,0,False,[],"[{""microbatch"": 1, ""layer_id"": 0, ""resident_bytes"": 95191040, ""offloaded_bytes"": 8388608}, {""microbatch"": 1, ""layer_id"": 1, ""resident_bytes"": 95158272, ""offloaded_bytes"": 8388608}]"
442,442,0,FWD,1,0,fwd,2,swiglu,fwd_value_end@2:swiglu,FREE,gate|shard=2:tp|partial=complete|dtype=default,22544384,workspace,267919360,285507584,101187584,0,0,0,4194304,0,0,0,0,0,0,0,-22544384,0,658808832,-22544384,False,[],"[{""microbatch"": 1, ""layer_id"": 0, ""resident_bytes"": 95191040, ""offloaded_bytes"": 8388608}, {""microbatch"": 1, ""layer_id"": 1, ""resident_bytes"": 95158272, ""offloaded_bytes"": 8388608}]"
443,443,0,FWD,1,0,fwd,2,fc2,fwd_output@2:9,ALLOC,o2|shard=replicated|partial=tp|dtype=default,33554432,workspace,267919360,285507584,101187584,0,0,0,37748736,0,0,0,0,0,0,0,33554432,0,692363264,33554432,False,[],"[{""microbatch"": 1, ""layer_id"": 0, ""resident_bytes"": 95191040, ""offloaded_bytes"": 8388608}, {""microbatch"": 1, ""layer_id"": 1, ""resident_bytes"": 95158272, ""offloaded_bytes"": 8388608}]"
444,444,0,FWD,1,0,fwd,2,fc2,fwd_op_execute@2:fc2,MARK,op:2:9:fc2,0,,267919360,285507584,101187584,0,0,0,37748736,0,0,0,0,0,0,0,0,0,692363264,0,False,[],"[{""microbatch"": 1, ""layer_id"": 0, ""resident_bytes"": 95191040, ""offloaded_bytes"": 8388608}, {""microbatch"": 1, ""layer_id"": 1, ""resident_bytes"": 95158272, ""offloaded_bytes"": 8388608}]"
445,445,0,FWD,1,0,fwd,2,fc2,fwd_value_end@2:fc2,FREE,o2|shard=replicated|partial=tp|dtype=default,33554432,workspace,267919360,285507584,101187584,0,0,0,4194304,0,0,0,0,0,0,0,-33554432,0,658808832,-33554432,False,[],"[{""microbatch"": 1, ""layer_id"": 0, ""resident_bytes"": 95191040, ""offloaded_bytes"": 8388608}, {""microbatch"": 1, ""layer_id"": 1, ""resident_bytes"": 95158272, ""offloaded_bytes"": 8388608}]"
446,446,0,FWD,1,0,fwd,2,add2,fwd_input@2:10,ALLOC,o2|shard=0:tp|partial=complete|dtype=default,4194304,workspace,267919360,285507584,101187584,0,0,0,8388608,0,0,0,0,0,0,0,4194304,0,663003136,4194304,False,[],"[{""microbatch"": 1, ""layer_id"": 0, ""resident_bytes"": 95191040, ""offloaded_bytes"": 8388608}, {""microbatch"": 1, ""layer_id"": 1, ""resident_bytes"": 95158272, ""offloaded_bytes"": 8388608}]"
447,447,0,FWD,1,0,fwd,2,add2,fwd_output@2:10,ALLOC,h2|shard=0:tp|partial=complete|dtype=default,4194304,workspace,267919360,285507584,101187584,0,0,0,12582912,0,0,0,0,0,0,0,4194304,0,667197440,4194304,False,[],"[{""microbatch"": 1, ""layer_id"": 0, ""resident_bytes"": 95191040, ""offloaded_bytes"": 8388608}, {""microbatch"": 1, ""layer_id"": 1, ""resident_bytes"": 95158272, ""offloaded_bytes"": 8388608}]"
448,448,0,FWD,1,0,fwd,2,add2,fwd_comm@2:add2,ALLOC,comm:2:10:add2,4194304,communication,267919360,285507584,101187584,0,0,0,16777216,0,0,0,0,0,0,0,4194304,0,671391744,4194304,False,[],"[{""microbatch"": 1, ""layer_id"": 0, ""resident_bytes"": 95191040, ""offloaded_bytes"": 8388608}, {""microbatch"": 1, ""layer_id"": 1, ""resident_bytes"": 95158272, ""offloaded_bytes"": 8388608}]"
449,449,0,FWD,1,0,fwd,2,add2,fwd_op_execute@2:add2,MARK,op:2:10:add2,0,,267919360,285507584,101187584,0,0,0,16777216,0,0,0,0,0,0,0,0,0,671391744,0,False,[],"[{""microbatch"": 1, ""layer_id"": 0, ""resident_bytes"": 95191040, ""offloaded_bytes"": 8388608}, {""microbatch"": 1, ""layer_id"": 1, ""resident_bytes"": 95158272, ""offloaded_bytes"": 8388608}]"
450,450,0,FWD,1,0,fwd,2,add2,fwd_comm_end@2:add2,FREE,comm:2:10:add2,4194304,communication,267919360,285507584,101187584,0,0,0,12582912,0,0,0,0,0,0,0,-4194304,0,667197440,-4194304,False,[],"[{""microbatch"": 1, ""layer_id"": 0, ""resident_bytes"": 95191040, ""offloaded_bytes"": 8388608}, {""microbatch"": 1, ""layer_id"": 1, ""resident_bytes"": 95158272, ""offloaded_bytes"": 8388608}]"
451,451,0,FWD,1,0,fwd,2,add2,fwd_value_end@2:add2,FREE,h2|shard=0:tp|partial=complete|dtype=default,4194304,workspace,267919360,285507584,101187584,0,0,0,8388608,0,0,0,0,0,0,0,-4194304,0,663003136,-4194304,False,[],"[{""microbatch"": 1, ""layer_id"": 0, ""resident_bytes"": 95191040, ""offloaded_bytes"": 8388608}, {""microbatch"": 1, ""layer_id"": 1, ""resident_bytes"": 95158272, ""offloaded_bytes"": 8388608}]"
452,452,0,FWD,1,0,fwd,2,add2,fwd_value_end@2:add2,FREE,h1|shard=0:tp|partial=complete|dtype=default,4194304,workspace,267919360,285507584,101187584,0,0,0,4194304,0,0,0,0,0,0,0,-4194304,0,658808832,-4194304,False,[],"[{""microbatch"": 1, ""layer_id"": 0, ""resident_bytes"": 95191040, ""offloaded_bytes"": 8388608}, {""microbatch"": 1, ""layer_id"": 1, ""resident_bytes"": 95158272, ""offloaded_bytes"": 8388608}]"
453,453,0,FWD,1,0,fwd,2,add2,fwd_value_end@2:add2,FREE,o2|shard=0:tp|partial=complete|dtype=default,4194304,workspace,267919360,285507584,101187584,0,0,0,0,0,0,0,0,0,0,0,-4194304,0,654614528,-4194304,False,[],"[{""microbatch"": 1, ""layer_id"": 0, ""resident_bytes"": 95191040, ""offloaded_bytes"": 8388608}, {""microbatch"": 1, ""layer_id"": 1, ""resident_bytes"": 95158272, ""offloaded_bytes"": 8388608}]"
454,454,0,FWD,1,0,fwd,2,,fwd_end@2,,,0,,267919360,285507584,101187584,0,0,0,0,0,0,0,0,0,0,0,0,0,654614528,0,False,[],"[{""microbatch"": 1, ""layer_id"": 0, ""resident_bytes"": 95191040, ""offloaded_bytes"": 8388608}, {""microbatch"": 1, ""layer_id"": 1, ""resident_bytes"": 95158272, ""offloaded_bytes"": 8388608}, {""microbatch"": 1, ""layer_id"": 2, ""resident_bytes"": 95158272, ""offloaded_bytes"": 8388608}]"
455,455,0,FWD,1,0,fwd,3,,fwd_gather@3,,,0,,267919360,285507584,50593792,0,0,0,0,0,0,0,-50593792,0,0,0,0,0,604020736,-50593792,False,[],"[{""microbatch"": 1, ""layer_id"": 0, ""resident_bytes"": 95191040, ""offloaded_bytes"": 8388608}, {""microbatch"": 1, ""layer_id"": 1, ""resident_bytes"": 95158272, ""offloaded_bytes"": 8388608}, {""microbatch"": 1, ""layer_id"": 2, ""resident_bytes"": 95158272, ""offloaded_bytes"": 8388608}]"
456,456,0,FWD,1,0,fwd,3,ln1,fwd_input@3:0,ALLOC,x|shard=0:tp|partial=complete|dtype=default,4194304,workspace,267919360,285507584,50593792,0,0,0,4194304,0,0,0,0,0,0,0,4194304,0,608215040,4194304,False,[],"[{""microbatch"": 1, ""layer_id"": 0, ""resident_bytes"": 95191040, ""offloaded_bytes"": 8388608}, {""microbatch"": 1, ""layer_id"": 1, ""resident_bytes"": 95158272, ""offloaded_bytes"": 8388608}, {""microbatch"": 1, ""layer_id"": 2, ""resident_bytes"": 95158272, ""offloaded_bytes"": 8388608}]"
457,457,0,FWD,1,0,fwd,3,ln1,fwd_output@3:0,ALLOC,ln1|shard=0:tp|partial=complete|dtype=default,4194304,workspace,267919360,285507584,50593792,0,0,0,8388608,0,0,0,0,0,0,0,4194304,0,612409344,4194304,False,[],"[{""microbatch"": 1, ""layer_id"": 0, ""resident_bytes"": 95191040, ""offloaded_bytes"": 8388608}, {""microbatch"": 1, ""layer_id"": 1, ""resident_bytes"": 95158272, ""offloaded_bytes"": 8388608}, {""microbatch"": 1, ""layer_id"": 2, ""resident_bytes"": 95158272, ""offloaded_bytes"": 8388608}]"
458,458,0,FWD,1,0,fwd,3,ln1,fwd_op_execute@3:ln1,MARK,op:3:0:ln1,0,,267919360,285507584,50593792,0,0,0,8388608,0,0,0,0,0,0,0,0,0,612409344,0,False,[],"[{""microbatch"": 1, ""layer_id"": 0, ""resident_bytes"": 95191040, ""offloaded_bytes"": 8388608}, {""microbatch"": 1, ""layer_id"": 1, ""resident_bytes"": 95158272, ""offloaded_bytes"": 8388608}, {""microbatch"": 1, ""layer_id"": 2, ""resident_bytes"": 95158272, ""offloaded_bytes"": 8388608}]"
459,459,0,FWD,1,0,fwd,3,ln1,fwd_value_end@3:ln1,FREE,ln1|shard=0:tp|partial=complete|dtype=default,4194304,workspace,267919360,285507584,50593792,0,0,0,4194304,0,0,0,0,0,0,0,-4194304,0,608215040,-4194304,False,[],"[{""microbatch"": 1, ""layer_id"": 0, ""resident_bytes"": 95191040, ""offloaded_bytes"": 8388608}, {""microbatch"": 1, ""layer_id"": 1, ""resident_bytes"": 95158272, ""offloaded_bytes"": 8388608}, {""microbatch"": 1, ""layer_id"": 2, ""resident_bytes"": 95158272, ""offloaded_bytes"": 8388608}]"
460,460,0,FWD,1,0,fwd,3,qkv,fwd_input@3:1,ALLOC,ln1|shard=replicated|partial=complete|dtype=default,33554432,act_live,267919360,319062016,50593792,0,0,0,4194304,0,0,33554432,0,0,0,0,0,0,641769472,33554432,False,[],"[{""microbatch"": 1, ""layer_id"": 0, ""resident_bytes"": 95191040, ""offloaded_bytes"": 8388608}, {""microbatch"": 1, ""layer_id"": 1, ""resident_bytes"": 95158272, ""offloaded_bytes"": 8388608}, {""microbatch"": 1, ""layer_id"": 2, ""resident_bytes"": 95158272, ""offloaded_bytes"": 8388608}]"
461,461,0,FWD,1,0,fwd,3,qkv,fwd_output@3:1,ALLOC,qkv|shard=2:tp|partial=complete|dtype=default,12582912,act_live,267919360,331644928,50593792,0,0,0,4194304,0,0,12582912,0,0,0,0,0,0,654352384,12582912,False,[],"[{""microbatch"": 1, ""layer_id"": 0, ""resident_bytes"": 95191040, ""offloaded_bytes"": 8388608}, {""microbatch"": 1, ""layer_id"": 1, ""resident_bytes"": 95158272, ""offloaded_bytes"": 8388608}, {""microbatch"": 1, ""layer_id"": 2, ""resident_bytes"": 95158272, ""offloaded_bytes"": 8388608}]"
462,462,0,FWD,1,0,fwd,3,qkv,fwd_comm@3:qkv,ALLOC,comm:3:1:qkv,33554432,communication,267919360,331644928,50593792,0,0,0,37748736,0,0,0,0,0,0,0,33554432,0,687906816,33554432,False,[],"[{""microbatch"": 1, ""layer_id"": 0, ""resident_bytes"": 95191040, ""offloaded_bytes"": 8388608}, {""microbatch"": 1, ""layer_id"": 1, ""resident_bytes"": 95158272, ""offloaded_bytes"": 8388608}, {""microbatch"": 1, ""layer_id"": 2, ""resident_bytes"": 95158272, ""offloaded_bytes"": 8388608}]"
463,463,0,FWD,1,0,fwd,3,qkv,fwd_op_execute@3:qkv,MARK,op:3:1:qkv,0,,267919360,331644928,50593792,0,0,0,37748736,0,0,0,0,0,0,0,0,0,687906816,0,False,[],"[{""microbatch"": 1, ""layer_id"": 0, ""resident_bytes"": 95191040, ""offloaded_bytes"": 8388608}, {""microbatch"": 1, ""layer_id"": 1, ""resident_bytes"": 95158272, ""offloaded_bytes"": 8388608}, {""microbatch"": 1, ""layer_id"": 2, ""resident_bytes"": 95158272, ""offloaded_bytes"": 8388608}]"
464,464,0,FWD,1,0,fwd,3,qkv,fwd_comm_end@3:qkv,FREE,comm:3:1:qkv,33554432,communication,267919360,331644928,50593792,0,0,0,4194304,0,0,0,0,0,0,0,-33554432,0,654352384,-33554432,False,[],"[{""microbatch"": 1, ""layer_id"": 0, ""resident_bytes"": 95191040, ""offloaded_bytes"": 8388608}, {""microbatch"": 1, ""layer_id"": 1, ""resident_bytes"": 95158272, ""offloaded_bytes"": 8388608}, {""microbatch"": 1, ""layer_id"": 2, ""resident_bytes"": 95158272, ""offloaded_bytes"": 8388608}]"
465,465,0,FWD,1,0,fwd,3,rope,fwd_op_execute@3:rope,MARK,op:3:2:rope,0,,267919360,331644928,50593792,0,0,0,4194304,0,0,0,0,0,0,0,0,0,654352384,0,False,[],"[{""microbatch"": 1, ""layer_id"": 0, ""resident_bytes"": 95191040, ""offloaded_bytes"": 8388608}, {""microbatch"": 1, ""layer_id"": 1, ""resident_bytes"": 95158272, ""offloaded_bytes"": 8388608}, {""microbatch"": 1, ""layer_id"": 2, ""resident_bytes"": 95158272, ""offloaded_bytes"": 8388608}]"
466,466,0,FWD,1,0,fwd,3,flash,fwd_output@3:3,ALLOC,attn|shard=2:tp|partial=complete|dtype=default,4194304,act_live,267919360,335839232,50593792,0,0,0,4194304,0,0,4194304,0,0,0,0,0,0,658546688,4194304,False,[],"[{""microbatch"": 1, ""layer_id"": 0, ""resident_bytes"": 95191040, ""offloaded_bytes"": 8388608}, {""microbatch"": 1, ""layer_id"": 1, ""resident_bytes"": 95158272, ""offloaded_bytes"": 8388608}, {""microbatch"": 1, ""layer_id"": 2, ""resident_bytes"": 95158272, ""offloaded_bytes"": 8388608}]"
467,467,0,FWD,1,0,fwd,3,flash,fwd_save@3:3,ALLOC,lse|shard=2:tp|partial=complete|dtype=default,32768,workspace,267919360,335839232,50593792,0,0,0,4227072,0,0,0,0,0,0,0,32768,0,658579456,32768,False,[],"[{""microbatch"": 1, ""layer_id"": 0, ""resident_bytes"": 95191040, ""offloaded_bytes"": 8388608}, {""microbatch"": 1, ""layer_id"": 1, ""resident_bytes"": 95158272, ""offloaded_bytes"": 8388608}, {""microbatch"": 1, ""layer_id"": 2, ""resident_bytes"": 95158272, ""offloaded_bytes"": 8388608}]"
468,468,0,FWD,1,0,fwd,3,flash,fwd_op@3:flash,ALLOC,workspace:3:3:flash,33554432,workspace,267919360,335839232,50593792,0,0,0,37781504,0,0,0,0,0,0,0,33554432,0,692133888,33554432,False,[],"[{""microbatch"": 1, ""layer_id"": 0, ""resident_bytes"": 95191040, ""offloaded_bytes"": 8388608}, {""microbatch"": 1, ""layer_id"": 1, ""resident_bytes"": 95158272, ""offloaded_bytes"": 8388608}, {""microbatch"": 1, ""layer_id"": 2, ""resident_bytes"": 95158272, ""offloaded_bytes"": 8388608}]"
469,469,0,FWD,1,0,fwd,3,flash,fwd_op_execute@3:flash,MARK,op:3:3:flash,0,,267919360,335839232,50593792,0,0,0,37781504,0,0,0,0,0,0,0,0,0,692133888,0,False,[],"[{""microbatch"": 1, ""layer_id"": 0, ""resident_bytes"": 95191040, ""offloaded_bytes"": 8388608}, {""microbatch"": 1, ""layer_id"": 1, ""resident_bytes"": 95158272, ""offloaded_bytes"": 8388608}, {""microbatch"": 1, ""layer_id"": 2, ""resident_bytes"": 95158272, ""offloaded_bytes"": 8388608}]"
470,470,0,FWD,1,0,fwd,3,flash,fwd_op_end@3:flash,FREE,workspace:3:3:flash,33554432,workspace,267919360,335839232,50593792,0,0,0,4227072,0,0,0,0,0,0,0,-33554432,0,658579456,-33554432,False,[],"[{""microbatch"": 1, ""layer_id"": 0, ""resident_bytes"": 95191040, ""offloaded_bytes"": 8388608}, {""microbatch"": 1, ""layer_id"": 1, ""resident_bytes"": 95158272, ""offloaded_bytes"": 8388608}, {""microbatch"": 1, ""layer_id"": 2, ""resident_bytes"": 95158272, ""offloaded_bytes"": 8388608}]"
471,471,0,FWD,1,0,fwd,3,flash,fwd_value_end@3:flash,FREE,lse|shard=2:tp|partial=complete|dtype=default,32768,workspace,267919360,335839232,50593792,0,0,0,4194304,0,0,0,0,0,0,0,-32768,0,658546688,-32768,False,[],"[{""microbatch"": 1, ""layer_id"": 0, ""resident_bytes"": 95191040, ""offloaded_bytes"": 8388608}, {""microbatch"": 1, ""layer_id"": 1, ""resident_bytes"": 95158272, ""offloaded_bytes"": 8388608}, {""microbatch"": 1, ""layer_id"": 2, ""resident_bytes"": 95158272, ""offloaded_bytes"": 8388608}]"
472,472,0,FWD,1,0,fwd,3,o_proj,fwd_output@3:4,ALLOC,o|shard=replicated|partial=tp|dtype=default,33554432,workspace,267919360,335839232,50593792,0,0,0,37748736,0,0,0,0,0,0,0,33554432,0,692101120,33554432,False,[],"[{""microbatch"": 1, ""layer_id"": 0, ""resident_bytes"": 95191040, ""offloaded_bytes"": 8388608}, {""microbatch"": 1, ""layer_id"": 1, ""resident_bytes"": 95158272, ""offloaded_bytes"": 8388608}, {""microbatch"": 1, ""layer_id"": 2, ""resident_bytes"": 95158272, ""offloaded_bytes"": 8388608}]"
473,473,0,FWD,1,0,fwd,3,o_proj,fwd_op_execute@3:o_proj,MARK,op:3:4:o_proj,0,,267919360,335839232,50593792,0,0,0,37748736,0,0,0,0,0,0,0,0,0,692101120,0,False,[],"[{""microbatch"": 1, ""layer_id"": 0, ""resident_bytes"": 95191040, ""offloaded_bytes"": 8388608}, {""microbatch"": 1, ""layer_id"": 1, ""resident_bytes"": 95158272, ""offloaded_bytes"": 8388608}, {""microbatch"": 1, ""layer_id"": 2, ""resident_bytes"": 95158272, ""offloaded_bytes"": 8388608}]"
474,474,0,FWD,1,0,fwd,3,o_proj,fwd_value_end@3:o_proj,FREE,o|shard=replicated|partial=tp|dtype=default,33554432,workspace,267919360,335839232,50593792,0,0,0,4194304,0,0,0,0,0,0,0,-33554432,0,658546688,-33554432,False,[],"[{""microbatch"": 1, ""layer_id"": 0, ""resident_bytes"": 95191040, ""offloaded_bytes"": 8388608}, {""microbatch"": 1, ""layer_id"": 1, ""resident_bytes"": 95158272, ""offloaded_bytes"": 8388608}, {""microbatch"": 1, ""layer_id"": 2, ""resident_bytes"": 95158272, ""offloaded_bytes"": 8388608}]"
475,475,0,FWD,1,0,fwd,3,add1,fwd_input@3:5,ALLOC,o|shard=0:tp|partial=complete|dtype=default,4194304,workspace,267919360,335839232,50593792,0,0,0,8388608,0,0,0,0,0,0,0,4194304,0,662740992,4194304,False,[],"[{""microbatch"": 1, ""layer_id"": 0, ""resident_bytes"": 95191040, ""offloaded_bytes"": 8388608}, {""microbatch"": 1, ""layer_id"": 1, ""resident_bytes"": 95158272, ""offloaded_bytes"": 8388608}, {""microbatch"": 1, ""layer_id"": 2, ""resident_bytes"": 95158272, ""offloaded_bytes"": 8388608}]"
476,476,0,FWD,1,0,fwd,3,add1,fwd_output@3:5,ALLOC,h1|shard=0:tp|partial=complete|dtype=default,4194304,workspace,267919360,335839232,50593792,0,0,0,12582912,0,0,0,0,0,0,0,4194304,0,666935296,4194304,False,[],"[{""microbatch"": 1, ""layer_id"": 0, ""resident_bytes"": 95191040, ""offloaded_bytes"": 8388608}, {""microbatch"": 1, ""layer_id"": 1, ""resident_bytes"": 95158272, ""offloaded_bytes"": 8388608}, {""microbatch"": 1, ""layer_id"": 2, ""resident_bytes"": 95158272, ""offloaded_bytes"": 8388608}]"
477,477,0,FWD,1,0,fwd,3,add1,fwd_comm@3:add1,ALLOC,comm:3:5:add1,4194304,communication,267919360,335839232,50593792,0,0,0,16777216,0,0,0,0,0,0,0,4194304,0,671129600,4194304,False,[],"[{""microbatch"": 1, ""layer_id"": 0, ""resident_bytes"": 95191040, ""offloaded_bytes"": 8388608}, {""microbatch"": 1, ""layer_id"": 1, ""resident_bytes"": 95158272, ""offloaded_bytes"": 8388608}, {""microbatch"": 1, ""layer_id"": 2, ""resident_bytes"": 95158272, ""offloaded_bytes"": 8388608}]"
478,478,0,FWD,1,0,fwd,3,add1,fwd_op_execute@3:add1,MARK,op:3:5:add1,0,,267919360,335839232,50593792,0,0,0,16777216,0,0,0,0,0,0,0,0,0,671129600,0,False,[],"[{""microbatch"": 1, ""layer_id"": 0, ""resident_bytes"": 95191040, ""offloaded_bytes"": 8388608}, {""microbatch"": 1, ""layer_id"": 1, ""resident_bytes"": 95158272, ""offloaded_bytes"": 8388608}, {""microbatch"": 1, ""layer_id"": 2, ""resident_bytes"": 95158272, ""offloaded_bytes"": 8388608}]"
479,479,0,FWD,1,0,fwd,3,add1,fwd_comm_end@3:add1,FREE,comm:3:5:add1,4194304,communication,267919360,335839232,50593792,0,0,0,12582912,0,0,0,0,0,0,0,-4194304,0,666935296,-4194304,False,[],"[{""microbatch"": 1, ""layer_id"": 0, ""resident_bytes"": 95191040, ""offloaded_bytes"": 8388608}, {""microbatch"": 1, ""layer_id"": 1, ""resident_bytes"": 95158272, ""offloaded_bytes"": 8388608}, {""microbatch"": 1, ""layer_id"": 2, ""resident_bytes"": 95158272, ""offloaded_bytes"": 8388608}]"
480,480,0,FWD,1,0,fwd,3,add1,fwd_value_end@3:add1,FREE,o|shard=0:tp|partial=complete|dtype=default,4194304,workspace,267919360,335839232,50593792,0,0,0,8388608,0,0,0,0,0,0,0,-4194304,0,662740992,-4194304,False,[],"[{""microbatch"": 1, ""layer_id"": 0, ""resident_bytes"": 95191040, ""offloaded_bytes"": 8388608}, {""microbatch"": 1, ""layer_id"": 1, ""resident_bytes"": 95158272, ""offloaded_bytes"": 8388608}, {""microbatch"": 1, ""layer_id"": 2, ""resident_bytes"": 95158272, ""offloaded_bytes"": 8388608}]"
481,481,0,FWD,1,0,fwd,3,add1,fwd_value_end@3:add1,FREE,x|shard=0:tp|partial=complete|dtype=default,4194304,workspace,267919360,335839232,50593792,0,0,0,4194304,0,0,0,0,0,0,0,-4194304,0,658546688,-4194304,False,[],"[{""microbatch"": 1, ""layer_id"": 0, ""resident_bytes"": 95191040, ""offloaded_bytes"": 8388608}, {""microbatch"": 1, ""layer_id"": 1, ""resident_bytes"": 95158272, ""offloaded_bytes"": 8388608}, {""microbatch"": 1, ""layer_id"": 2, ""resident_bytes"": 95158272, ""offloaded_bytes"": 8388608}]"
482,482,0,FWD,1,0,fwd,3,ln2,fwd_output@3:6,ALLOC,ln2|shard=0:tp|partial=complete|dtype=default,4194304,workspace,267919360,335839232,50593792,0,0,0,8388608,0,0,0,0,0,0,0,4194304,0,662740992,4194304,False,[],"[{""microbatch"": 1, ""layer_id"": 0, ""resident_bytes"": 95191040, ""offloaded_bytes"": 8388608}, {""microbatch"": 1, ""layer_id"": 1, ""resident_bytes"": 95158272, ""offloaded_bytes"": 8388608}, {""microbatch"": 1, ""layer_id"": 2, ""resident_bytes"": 95158272, ""offloaded_bytes"": 8388608}]"
483,483,0,FWD,1,0,fwd,3,ln2,fwd_op_execute@3:ln2,MARK,op:3:6:ln2,0,,267919360,335839232,50593792,0,0,0,8388608,0,0,0,0,0,0,0,0,0,662740992,0,False,[],"[{""microbatch"": 1, ""layer_id"": 0, ""resident_bytes"": 95191040, ""offloaded_bytes"": 8388608}, {""microbatch"": 1, ""layer_id"": 1, ""resident_bytes"": 95158272, ""offloaded_bytes"": 8388608}, {""microbatch"": 1, ""layer_id"": 2, ""resident_bytes"": 95158272, ""offloaded_bytes"": 8388608}]"
484,484,0,FWD,1,0,fwd,3,ln2,fwd_value_end@3:ln2,FREE,ln2|shard=0:tp|partial=complete|dtype=default,4194304,workspace,267919360,335839232,50593792,0,0,0,4194304,0,0,0,0,0,0,0,-4194304,0,658546688,-4194304,False,[],"[{""microbatch"": 1, ""layer_id"": 0, ""resident_bytes"": 95191040, ""offloaded_bytes"": 8388608}, {""microbatch"": 1, ""layer_id"": 1, ""resident_bytes"": 95158272, ""offloaded_bytes"": 8388608}, {""microbatch"": 1, ""layer_id"": 2, ""resident_bytes"": 95158272, ""offloaded_bytes"": 8388608}]"
485,485,0,FWD,1,0,fwd,3,fc1,fwd_input@3:7,ALLOC,ln2|shard=replicated|partial=complete|dtype=default,33554432,act_live,267919360,369393664,50593792,0,0,0,4194304,0,0,33554432,0,0,0,0,0,0,692101120,33554432,False,[],"[{""microbatch"": 1, ""layer_id"": 0, ""resident_bytes"": 95191040, ""offloaded_bytes"": 8388608}, {""microbatch"": 1, ""layer_id"": 1, ""resident_bytes"": 95158272, ""offloaded_bytes"": 8388608}, {""microbatch"": 1, ""layer_id"": 2, ""resident_bytes"": 95158272, ""offloaded_bytes"": 8388608}]"
486,486,0,FWD,1,0,fwd,3,fc1,fwd_output@3:7,ALLOC,gate|shard=2:tp|partial=complete|dtype=default,22544384,workspace,267919360,369393664,50593792,0,0,0,26738688,0,0,0,0,0,0,0,22544384,0,714645504,22544384,False,[],"[{""microbatch"": 1, ""layer_id"": 0, ""resident_bytes"": 95191040, ""offloaded_bytes"": 8388608}, {""microbatch"": 1, ""layer_id"": 1, ""resident_bytes"": 95158272, ""offloaded_bytes"": 8388608}, {""microbatch"": 1, ""layer_id"": 2, ""resident_bytes"": 95158272, ""offloaded_bytes"": 8388608}]"
487,487,0,FWD,1,0,fwd,3,fc1,fwd_comm@3:fc1,ALLOC,comm:3:7:fc1,33554432,communication,267919360,369393664,50593792,0,0,0,60293120,0,0,0,0,0,0,0,33554432,0,748199936,33554432,False,[],"[{""microbatch"": 1, ""layer_id"": 0, ""resident_bytes"": 95191040, ""offloaded_bytes"": 8388608}, {""microbatch"": 1, ""layer_id"": 1, ""resident_bytes"": 95158272, ""offloaded_bytes"": 8388608}, {""microbatch"": 1, ""layer_id"": 2, ""resident_bytes"": 95158272, ""offloaded_bytes"": 8388608}]"
488,488,0,FWD,1,0,fwd,3,fc1,fwd_op_execute@3:fc1,MARK,op:3:7:fc1,0,,267919360,369393664,50593792,0,0,0,60293120,0,0,0,0,0,0,0,0,0,748199936,0,False,[],"[{""microbatch"": 1, ""layer_id"": 0, ""resident_bytes"": 95191040, ""offloaded_bytes"": 8388608}, {""microbatch"": 1, ""layer_id"": 1, ""resident_bytes"": 95158272, ""offloaded_bytes"": 8388608}, {""microbatch"": 1, ""layer_id"": 2, ""resident_bytes"": 95158272, ""offloaded_bytes"": 8388608}]"
489,489,0,FWD,1,0,fwd,3,fc1,fwd_comm_end@3:fc1,FREE,comm:3:7:fc1,33554432,communication,267919360,369393664,50593792,0,0,0,26738688,0,0,0,0,0,0,0,-33554432,0,714645504,-33554432,False,[],"[{""microbatch"": 1, ""layer_id"": 0, ""resident_bytes"": 95191040, ""offloaded_bytes"": 8388608}, {""microbatch"": 1, ""layer_id"": 1, ""resident_bytes"": 95158272, ""offloaded_bytes"": 8388608}, {""microbatch"": 1, ""layer_id"": 2, ""resident_bytes"": 95158272, ""offloaded_bytes"": 8388608}]"
490,490,0,FWD,1,0,fwd,3,swiglu,fwd_output@3:8,ALLOC,act|shard=2:tp|partial=complete|dtype=default,11272192,act_live,267919360,380665856,50593792,0,0,0,26738688,0,0,11272192,0,0,0,0,0,0,725917696,11272192,False,[],"[{""microbatch"": 1, ""layer_id"": 0, ""resident_bytes"": 95191040, ""offloaded_bytes"": 8388608}, {""microbatch"": 1, ""layer_id"": 1, ""resident_bytes"": 95158272, ""offloaded_bytes"": 8388608}, {""microbatch"": 1, ""layer_id"": 2, ""resident_bytes"": 95158272, ""offloaded_bytes"": 8388608}]"
491,491,0,FWD,1,0,fwd,3,swiglu,fwd_op_execute@3:swiglu,MARK,op:3:8:swiglu,0,,267919360,380665856,50593792,0,0,0,26738688,0,0,0,0,0,0,0,0,0,725917696,0,False,[],"[{""microbatch"": 1, ""layer_id"": 0, ""resident_bytes"": 95191040, ""offloaded_bytes"": 8388608}, {""microbatch"": 1, ""layer_id"": 1, ""resident_bytes"": 95158272, ""offloaded_bytes"": 8388608}, {""microbatch"": 1, ""layer_id"": 2, ""resident_bytes"": 95158272, ""offloaded_bytes"": 8388608}]"
492,492,0,FWD,1,0,fwd,3,swiglu,fwd_value_end@3:swiglu,FREE,gate|shard=2:tp|partial=complete|dtype=default,22544384,workspace,267919360,380665856,50593792,0,0,0,4194304,0,0,0,0,0,0,0,-22544384,0,703373312,-22544384,False,[],"[{""microbatch"": 1, ""layer_id"": 0, ""resident_bytes"": 95191040, ""offloaded_bytes"": 8388608}, {""microbatch"": 1, ""layer_id"": 1, ""resident_bytes"": 95158272, ""offloaded_bytes"": 8388608}, {""microbatch"": 1, ""layer_id"": 2, ""resident_bytes"": 95158272, ""offloaded_bytes"": 8388608}]"
493,493,0,FWD,1,0,fwd,3,fc2,fwd_output@3:9,ALLOC,o2|shard=replicated|partial=tp|dtype=default,33554432,workspace,267919360,380665856,50593792,0,0,0,37748736,0,0,0,0,0,0,0,33554432,0,736927744,33554432,False,[],"[{""microbatch"": 1, ""layer_id"": 0, ""resident_bytes"": 95191040, ""offloaded_bytes"": 8388608}, {""microbatch"": 1, ""layer_id"": 1, ""resident_bytes"": 95158272, ""offloaded_bytes"": 8388608}, {""microbatch"": 1, ""layer_id"": 2, ""resident_bytes"": 95158272, ""offloaded_bytes"": 8388608}]"
494,494,0,FWD,1,0,fwd,3,fc2,fwd_op_execute@3:fc2,MARK,op:3:9:fc2,0,,267919360,380665856,50593792,0,0,0,37748736,0,0,0,0,0,0,0,0,0,736927744,0,False,[],"[{""microbatch"": 1, ""layer_id"": 0, ""resident_bytes"": 95191040, ""offloaded_bytes"": 8388608}, {""microbatch"": 1, ""layer_id"": 1, ""resident_bytes"": 95158272, ""offloaded_bytes"": 8388608}, {""microbatch"": 1, ""layer_id"": 2, ""resident_bytes"": 95158272, ""offloaded_bytes"": 8388608}]"
495,495,0,FWD,1,0,fwd,3,fc2,fwd_value_end@3:fc2,FREE,o2|shard=replicated|partial=tp|dtype=default,33554432,workspace,267919360,380665856,50593792,0,0,0,4194304,0,0,0,0,0,0,0,-33554432,0,703373312,-33554432,False,[],"[{""microbatch"": 1, ""layer_id"": 0, ""resident_bytes"": 95191040, ""offloaded_bytes"": 8388608}, {""microbatch"": 1, ""layer_id"": 1, ""resident_bytes"": 95158272, ""offloaded_bytes"": 8388608}, {""microbatch"": 1, ""layer_id"": 2, ""resident_bytes"": 95158272, ""offloaded_bytes"": 8388608}]"
496,496,0,FWD,1,0,fwd,3,add2,fwd_input@3:10,ALLOC,o2|shard=0:tp|partial=complete|dtype=default,4194304,workspace,267919360,380665856,50593792,0,0,0,8388608,0,0,0,0,0,0,0,4194304,0,707567616,4194304,False,[],"[{""microbatch"": 1, ""layer_id"": 0, ""resident_bytes"": 95191040, ""offloaded_bytes"": 8388608}, {""microbatch"": 1, ""layer_id"": 1, ""resident_bytes"": 95158272, ""offloaded_bytes"": 8388608}, {""microbatch"": 1, ""layer_id"": 2, ""resident_bytes"": 95158272, ""offloaded_bytes"": 8388608}]"
497,497,0,FWD,1,0,fwd,3,add2,fwd_output@3:10,ALLOC,h2|shard=0:tp|partial=complete|dtype=default,4194304,workspace,267919360,380665856,50593792,0,0,0,12582912,0,0,0,0,0,0,0,4194304,0,711761920,4194304,False,[],"[{""microbatch"": 1, ""layer_id"": 0, ""resident_bytes"": 95191040, ""offloaded_bytes"": 8388608}, {""microbatch"": 1, ""layer_id"": 1, ""resident_bytes"": 95158272, ""offloaded_bytes"": 8388608}, {""microbatch"": 1, ""layer_id"": 2, ""resident_bytes"": 95158272, ""offloaded_bytes"": 8388608}]"
498,498,0,FWD,1,0,fwd,3,add2,fwd_comm@3:add2,ALLOC,comm:3:10:add2,4194304,communication,267919360,380665856,50593792,0,0,0,16777216,0,0,0,0,0,0,0,4194304,0,715956224,4194304,False,[],"[{""microbatch"": 1, ""layer_id"": 0, ""resident_bytes"": 95191040, ""offloaded_bytes"": 8388608}, {""microbatch"": 1, ""layer_id"": 1, ""resident_bytes"": 95158272, ""offloaded_bytes"": 8388608}, {""microbatch"": 1, ""layer_id"": 2, ""resident_bytes"": 95158272, ""offloaded_bytes"": 8388608}]"
499,499,0,FWD,1,0,fwd,3,add2,fwd_op_execute@3:add2,MARK,op:3:10:add2,0,,267919360,380665856,50593792,0,0,0,16777216,0,0,0,0,0,0,0,0,0,715956224,0,False,[],"[{""microbatch"": 1, ""layer_id"": 0, ""resident_bytes"": 95191040, ""offloaded_bytes"": 8388608}, {""microbatch"": 1, ""layer_id"": 1, ""resident_bytes"": 95158272, ""offloaded_bytes"": 8388608}, {""microbatch"": 1, ""layer_id"": 2, ""resident_bytes"": 95158272, ""offloaded_bytes"": 8388608}]"
500,500,0,FWD,1,0,fwd,3,add2,fwd_comm_end@3:add2,FREE,comm:3:10:add2,4194304,communication,267919360,380665856,50593792,0,0,0,12582912,0,0,0,0,0,0,0,-4194304,0,711761920,-4194304,False,[],"[{""microbatch"": 1, ""layer_id"": 0, ""resident_bytes"": 95191040, ""offloaded_bytes"": 8388608}, {""microbatch"": 1, ""layer_id"": 1, ""resident_bytes"": 95158272, ""offloaded_bytes"": 8388608}, {""microbatch"": 1, ""layer_id"": 2, ""resident_bytes"": 95158272, ""offloaded_bytes"": 8388608}]"
501,501,0,FWD,1,0,fwd,3,add2,fwd_value_end@3:add2,FREE,h2|shard=0:tp|partial=complete|dtype=default,4194304,workspace,267919360,380665856,50593792,0,0,0,8388608,0,0,0,0,0,0,0,-4194304,0,707567616,-4194304,False,[],"[{""microbatch"": 1, ""layer_id"": 0, ""resident_bytes"": 95191040, ""offloaded_bytes"": 8388608}, {""microbatch"": 1, ""layer_id"": 1, ""resident_bytes"": 95158272, ""offloaded_bytes"": 8388608}, {""microbatch"": 1, ""layer_id"": 2, ""resident_bytes"": 95158272, ""offloaded_bytes"": 8388608}]"
502,502,0,FWD,1,0,fwd,3,add2,fwd_value_end@3:add2,FREE,h1|shard=0:tp|partial=complete|dtype=default,4194304,workspace,267919360,380665856,50593792,0,0,0,4194304,0,0,0,0,0,0,0,-4194304,0,703373312,-4194304,False,[],"[{""microbatch"": 1, ""layer_id"": 0, ""resident_bytes"": 95191040, ""offloaded_bytes"": 8388608}, {""microbatch"": 1, ""layer_id"": 1, ""resident_bytes"": 95158272, ""offloaded_bytes"": 8388608}, {""microbatch"": 1, ""layer_id"": 2, ""resident_bytes"": 95158272, ""offloaded_bytes"": 8388608}]"
503,503,0,FWD,1,0,fwd,3,add2,fwd_value_end@3:add2,FREE,o2|shard=0:tp|partial=complete|dtype=default,4194304,workspace,267919360,380665856,50593792,0,0,0,0,0,0,0,0,0,0,0,-4194304,0,699179008,-4194304,False,[],"[{""microbatch"": 1, ""layer_id"": 0, ""resident_bytes"": 95191040, ""offloaded_bytes"": 8388608}, {""microbatch"": 1, ""layer_id"": 1, ""resident_bytes"": 95158272, ""offloaded_bytes"": 8388608}, {""microbatch"": 1, ""layer_id"": 2, ""resident_bytes"": 95158272, ""offloaded_bytes"": 8388608}]"
504,504,0,FWD,1,0,fwd,3,,fwd_end@3,,,0,,267919360,380665856,50593792,0,0,0,0,0,0,0,0,0,0,0,0,0,699179008,0,False,[],"[{""microbatch"": 1, ""layer_id"": 0, ""resident_bytes"": 95191040, ""offloaded_bytes"": 8388608}, {""microbatch"": 1, ""layer_id"": 1, ""resident_bytes"": 95158272, ""offloaded_bytes"": 8388608}, {""microbatch"": 1, ""layer_id"": 2, ""resident_bytes"": 95158272, ""offloaded_bytes"": 8388608}, {""microbatch"": 1, ""layer_id"": 3, ""resident_bytes"": 95158272, ""offloaded_bytes"": 8388608}]"
505,505,0,FWD,1,0,fwd,-1,final_norm,fwd_input@-1:0,ALLOC,final_hidden|shard=0:tp|partial=complete|dtype=default,4194304,act_live,267919360,384860160,16384,0,0,0,0,0,0,4194304,-50577408,0,0,0,0,0,652795904,-46383104,False,[],"[{""microbatch"": 1, ""layer_id"": 0, ""resident_bytes"": 95191040, ""offloaded_bytes"": 8388608}, {""microbatch"": 1, ""layer_id"": 1, ""resident_bytes"": 95158272, ""offloaded_bytes"": 8388608}, {""microbatch"": 1, ""layer_id"": 2, ""resident_bytes"": 95158272, ""offloaded_bytes"": 8388608}, {""microbatch"": 1, ""layer_id"": 3, ""resident_bytes"": 95158272, ""offloaded_bytes"": 8388608}]"
506,506,0,FWD,1,0,fwd,-1,final_norm,fwd_output@-1:0,ALLOC,normalized_hidden|shard=0:tp|partial=complete|dtype=default,4194304,act_live,267919360,389054464,16384,0,0,0,0,0,0,4194304,0,0,0,0,0,0,656990208,4194304,False,[],"[{""microbatch"": 1, ""layer_id"": 0, ""resident_bytes"": 95191040, ""offloaded_bytes"": 8388608}, {""microbatch"": 1, ""layer_id"": 1, ""resident_bytes"": 95158272, ""offloaded_bytes"": 8388608}, {""microbatch"": 1, ""layer_id"": 2, ""resident_bytes"": 95158272, ""offloaded_bytes"": 8388608}, {""microbatch"": 1, ""layer_id"": 3, ""resident_bytes"": 95158272, ""offloaded_bytes"": 8388608}]"
507,507,0,FWD,1,0,fwd,-1,final_norm,fwd_op_execute@-1:final_norm,MARK,op:-1:0:final_norm,0,,267919360,389054464,16384,0,0,0,0,0,0,0,0,0,0,0,0,0,656990208,0,False,[],"[{""microbatch"": 1, ""layer_id"": 0, ""resident_bytes"": 95191040, ""offloaded_bytes"": 8388608}, {""microbatch"": 1, ""layer_id"": 1, ""resident_bytes"": 95158272, ""offloaded_bytes"": 8388608}, {""microbatch"": 1, ""layer_id"": 2, ""resident_bytes"": 95158272, ""offloaded_bytes"": 8388608}, {""microbatch"": 1, ""layer_id"": 3, ""resident_bytes"": 95158272, ""offloaded_bytes"": 8388608}]"
508,508,0,FWD,1,0,fwd,-1,lm_head,loss_logits,ALLOC,logits|shard=0:tp|partial=complete|dtype=default,32768000,workspace,267919360,389054464,32768000,0,0,0,32768000,0,0,0,32751616,0,0,0,32768000,0,722509824,65519616,False,[],"[{""microbatch"": 1, ""layer_id"": 0, ""resident_bytes"": 95191040, ""offloaded_bytes"": 8388608}, {""microbatch"": 1, ""layer_id"": 1, ""resident_bytes"": 95158272, ""offloaded_bytes"": 8388608}, {""microbatch"": 1, ""layer_id"": 2, ""resident_bytes"": 95158272, ""offloaded_bytes"": 8388608}, {""microbatch"": 1, ""layer_id"": 3, ""resident_bytes"": 95158272, ""offloaded_bytes"": 8388608}]"
509,509,0,FWD,1,0,fwd,-1,lm_head,loss_logits,ALLOC,comm:-1:1:lm_head,32768000,communication,267919360,389054464,32768000,0,0,0,65536000,0,0,0,0,0,0,0,32768000,0,755277824,32768000,False,[],"[{""microbatch"": 1, ""layer_id"": 0, ""resident_bytes"": 95191040, ""offloaded_bytes"": 8388608}, {""microbatch"": 1, ""layer_id"": 1, ""resident_bytes"": 95158272, ""offloaded_bytes"": 8388608}, {""microbatch"": 1, ""layer_id"": 2, ""resident_bytes"": 95158272, ""offloaded_bytes"": 8388608}, {""microbatch"": 1, ""layer_id"": 3, ""resident_bytes"": 95158272, ""offloaded_bytes"": 8388608}]"
510,510,0,FWD,1,0,fwd,-1,lm_head,loss_logits,MARK,op:-1:1:lm_head,0,,267919360,389054464,32768000,0,0,0,65536000,0,0,0,0,0,0,0,0,0,755277824,0,False,[],"[{""microbatch"": 1, ""layer_id"": 0, ""resident_bytes"": 95191040, ""offloaded_bytes"": 8388608}, {""microbatch"": 1, ""layer_id"": 1, ""resident_bytes"": 95158272, ""offloaded_bytes"": 8388608}, {""microbatch"": 1, ""layer_id"": 2, ""resident_bytes"": 95158272, ""offloaded_bytes"": 8388608}, {""microbatch"": 1, ""layer_id"": 3, ""resident_bytes"": 95158272, ""offloaded_bytes"": 8388608}]"
511,511,0,FWD,1,0,fwd,-1,lm_head,loss_logits,FREE,comm:-1:1:lm_head,32768000,communication,267919360,389054464,32768000,0,0,0,32768000,0,0,0,0,0,0,0,-32768000,0,722509824,-32768000,False,[],"[{""microbatch"": 1, ""layer_id"": 0, ""resident_bytes"": 95191040, ""offloaded_bytes"": 8388608}, {""microbatch"": 1, ""layer_id"": 1, ""resident_bytes"": 95158272, ""offloaded_bytes"": 8388608}, {""microbatch"": 1, ""layer_id"": 2, ""resident_bytes"": 95158272, ""offloaded_bytes"": 8388608}, {""microbatch"": 1, ""layer_id"": 3, ""resident_bytes"": 95158272, ""offloaded_bytes"": 8388608}]"
512,512,0,FWD,1,0,fwd,-1,loss_cast_fp32,fwd_output@-1:2,ALLOC,loss_logits_fp32|shard=0:tp|partial=complete|dtype=4,65536000,workspace,267919360,389054464,0,0,0,0,98304000,0,0,0,-32768000,0,0,0,65536000,0,755277824,32768000,False,[],"[{""microbatch"": 1, ""layer_id"": 0, ""resident_bytes"": 95191040, ""offloaded_bytes"": 8388608}, {""microbatch"": 1, ""layer_id"": 1, ""resident_bytes"": 95158272, ""offloaded_bytes"": 8388608}, {""microbatch"": 1, ""layer_id"": 2, ""resident_bytes"": 95158272, ""offloaded_bytes"": 8388608}, {""microbatch"": 1, ""layer_id"": 3, ""resident_bytes"": 95158272, ""offloaded_bytes"": 8388608}]"
513,513,0,FWD,1,0,fwd,-1,loss_cast_fp32,fwd_op_execute@-1:loss_cast_fp32,MARK,op:-1:2:loss_cast_fp32,0,,267919360,389054464,0,0,0,0,98304000,0,0,0,0,0,0,0,0,0,755277824,0,False,[],"[{""microbatch"": 1, ""layer_id"": 0, ""resident_bytes"": 95191040, ""offloaded_bytes"": 8388608}, {""microbatch"": 1, ""layer_id"": 1, ""resident_bytes"": 95158272, ""offloaded_bytes"": 8388608}, {""microbatch"": 1, ""layer_id"": 2, ""resident_bytes"": 95158272, ""offloaded_bytes"": 8388608}, {""microbatch"": 1, ""layer_id"": 3, ""resident_bytes"": 95158272, ""offloaded_bytes"": 8388608}]"
514,514,0,FWD,1,0,fwd,-1,loss_cast_fp32,fwd_value_end@-1:loss_cast_fp32,FREE,logits|shard=0:tp|partial=complete|dtype=default,32768000,workspace,267919360,389054464,0,0,0,0,65536000,0,0,0,0,0,0,0,-32768000,0,722509824,-32768000,False,[],"[{""microbatch"": 1, ""layer_id"": 0, ""resident_bytes"": 95191040, ""offloaded_bytes"": 8388608}, {""microbatch"": 1, ""layer_id"": 1, ""resident_bytes"": 95158272, ""offloaded_bytes"": 8388608}, {""microbatch"": 1, ""layer_id"": 2, ""resident_bytes"": 95158272, ""offloaded_bytes"": 8388608}, {""microbatch"": 1, ""layer_id"": 3, ""resident_bytes"": 95158272, ""offloaded_bytes"": 8388608}]"
515,515,0,FWD,1,0,fwd,-1,loss_fwd_softmax,fwd_output@-1:3,ALLOC,loss_probabilities|shard=0:tp|partial=complete|dtype=4,65536000,act_live,267919360,454590464,0,0,0,0,65536000,0,0,65536000,0,0,0,0,0,0,788045824,65536000,False,[],"[{""microbatch"": 1, ""layer_id"": 0, ""resident_bytes"": 95191040, ""offloaded_bytes"": 8388608}, {""microbatch"": 1, ""layer_id"": 1, ""resident_bytes"": 95158272, ""offloaded_bytes"": 8388608}, {""microbatch"": 1, ""layer_id"": 2, ""resident_bytes"": 95158272, ""offloaded_bytes"": 8388608}, {""microbatch"": 1, ""layer_id"": 3, ""resident_bytes"": 95158272, ""offloaded_bytes"": 8388608}]"
516,516,0,FWD,1,0,fwd,-1,loss_fwd_softmax,fwd_save@-1:3,ALLOC,loss_stats|shard=0:tp|partial=complete|dtype=4,4096,act_live,267919360,454594560,0,0,0,0,65536000,0,0,4096,0,0,0,0,0,0,788049920,4096,False,[],"[{""microbatch"": 1, ""layer_id"": 0, ""resident_bytes"": 95191040, ""offloaded_bytes"": 8388608}, {""microbatch"": 1, ""layer_id"": 1, ""resident_bytes"": 95158272, ""offloaded_bytes"": 8388608}, {""microbatch"": 1, ""layer_id"": 2, ""resident_bytes"": 95158272, ""offloaded_bytes"": 8388608}, {""microbatch"": 1, ""layer_id"": 3, ""resident_bytes"": 95158272, ""offloaded_bytes"": 8388608}]"
517,517,0,FWD,1,0,fwd,-1,loss_fwd_softmax,fwd_op@-1:loss_fwd_softmax,ALLOC,workspace:-1:3:loss_fwd_softmax,32768,workspace,267919360,454594560,0,0,0,0,65568768,0,0,0,0,0,0,0,32768,0,788082688,32768,False,[],"[{""microbatch"": 1, ""layer_id"": 0, ""resident_bytes"": 95191040, ""offloaded_bytes"": 8388608}, {""microbatch"": 1, ""layer_id"": 1, ""resident_bytes"": 95158272, ""offloaded_bytes"": 8388608}, {""microbatch"": 1, ""layer_id"": 2, ""resident_bytes"": 95158272, ""offloaded_bytes"": 8388608}, {""microbatch"": 1, ""layer_id"": 3, ""resident_bytes"": 95158272, ""offloaded_bytes"": 8388608}]"
518,518,0,FWD,1,0,fwd,-1,loss_fwd_softmax,fwd_op_execute@-1:loss_fwd_softmax,MARK,op:-1:3:loss_fwd_softmax,0,,267919360,454594560,0,0,0,0,65568768,0,0,0,0,0,0,0,0,0,788082688,0,False,[],"[{""microbatch"": 1, ""layer_id"": 0, ""resident_bytes"": 95191040, ""offloaded_bytes"": 8388608}, {""microbatch"": 1, ""layer_id"": 1, ""resident_bytes"": 95158272, ""offloaded_bytes"": 8388608}, {""microbatch"": 1, ""layer_id"": 2, ""resident_bytes"": 95158272, ""offloaded_bytes"": 8388608}, {""microbatch"": 1, ""layer_id"": 3, ""resident_bytes"": 95158272, ""offloaded_bytes"": 8388608}]"
519,519,0,FWD,1,0,fwd,-1,loss_fwd_softmax,fwd_op_end@-1:loss_fwd_softmax,FREE,workspace:-1:3:loss_fwd_softmax,32768,workspace,267919360,454594560,0,0,0,0,65536000,0,0,0,0,0,0,0,-32768,0,788049920,-32768,False,[],"[{""microbatch"": 1, ""layer_id"": 0, ""resident_bytes"": 95191040, ""offloaded_bytes"": 8388608}, {""microbatch"": 1, ""layer_id"": 1, ""resident_bytes"": 95158272, ""offloaded_bytes"": 8388608}, {""microbatch"": 1, ""layer_id"": 2, ""resident_bytes"": 95158272, ""offloaded_bytes"": 8388608}, {""microbatch"": 1, ""layer_id"": 3, ""resident_bytes"": 95158272, ""offloaded_bytes"": 8388608}]"
520,520,0,FWD,1,0,fwd,-1,loss_fwd_softmax,fwd_value_end@-1:loss_fwd_softmax,FREE,loss_logits_fp32|shard=0:tp|partial=complete|dtype=4,65536000,workspace,267919360,454594560,0,0,0,0,0,0,0,0,0,0,0,0,-65536000,0,722513920,-65536000,False,[],"[{""microbatch"": 1, ""layer_id"": 0, ""resident_bytes"": 95191040, ""offloaded_bytes"": 8388608}, {""microbatch"": 1, ""layer_id"": 1, ""resident_bytes"": 95158272, ""offloaded_bytes"": 8388608}, {""microbatch"": 1, ""layer_id"": 2, ""resident_bytes"": 95158272, ""offloaded_bytes"": 8388608}, {""microbatch"": 1, ""layer_id"": 3, ""resident_bytes"": 95158272, ""offloaded_bytes"": 8388608}]"
521,521,0,FWD,1,0,fwd,-1,loss_reduce,fwd_input@-1:4,ALLOC,labels|shard=0:tp|partial=complete|dtype=4,2048,act_live,267919360,454596608,0,0,0,0,0,0,0,2048,0,0,0,0,0,0,722515968,2048,False,[],"[{""microbatch"": 1, ""layer_id"": 0, ""resident_bytes"": 95191040, ""offloaded_bytes"": 8388608}, {""microbatch"": 1, ""layer_id"": 1, ""resident_bytes"": 95158272, ""offloaded_bytes"": 8388608}, {""microbatch"": 1, ""layer_id"": 2, ""resident_bytes"": 95158272, ""offloaded_bytes"": 8388608}, {""microbatch"": 1, ""layer_id"": 3, ""resident_bytes"": 95158272, ""offloaded_bytes"": 8388608}]"
522,522,0,FWD,1,0,fwd,-1,loss_reduce,fwd_input@-1:4,ALLOC,loss_mask|shard=0:tp|partial=complete|dtype=4,2048,act_live,267919360,454598656,0,0,0,0,0,0,0,2048,0,0,0,0,0,0,722518016,2048,False,[],"[{""microbatch"": 1, ""layer_id"": 0, ""resident_bytes"": 95191040, ""offloaded_bytes"": 8388608}, {""microbatch"": 1, ""layer_id"": 1, ""resident_bytes"": 95158272, ""offloaded_bytes"": 8388608}, {""microbatch"": 1, ""layer_id"": 2, ""resident_bytes"": 95158272, ""offloaded_bytes"": 8388608}, {""microbatch"": 1, ""layer_id"": 3, ""resident_bytes"": 95158272, ""offloaded_bytes"": 8388608}]"
523,523,0,FWD,1,0,fwd,-1,loss_reduce,fwd_output@-1:4,ALLOC,loss|shard=replicated|partial=complete|dtype=4,4,workspace,267919360,454598656,0,0,0,0,4,0,0,0,0,0,0,0,4,0,722518020,4,False,[],"[{""microbatch"": 1, ""layer_id"": 0, ""resident_bytes"": 95191040, ""offloaded_bytes"": 8388608}, {""microbatch"": 1, ""layer_id"": 1, ""resident_bytes"": 95158272, ""offloaded_bytes"": 8388608}, {""microbatch"": 1, ""layer_id"": 2, ""resident_bytes"": 95158272, ""offloaded_bytes"": 8388608}, {""microbatch"": 1, ""layer_id"": 3, ""resident_bytes"": 95158272, ""offloaded_bytes"": 8388608}]"
524,524,0,FWD,1,0,fwd,-1,loss_reduce,fwd_op_execute@-1:loss_reduce,MARK,op:-1:4:loss_reduce,0,,267919360,454598656,0,0,0,0,4,0,0,0,0,0,0,0,0,0,722518020,0,False,[],"[{""microbatch"": 1, ""layer_id"": 0, ""resident_bytes"": 95191040, ""offloaded_bytes"": 8388608}, {""microbatch"": 1, ""layer_id"": 1, ""resident_bytes"": 95158272, ""offloaded_bytes"": 8388608}, {""microbatch"": 1, ""layer_id"": 2, ""resident_bytes"": 95158272, ""offloaded_bytes"": 8388608}, {""microbatch"": 1, ""layer_id"": 3, ""resident_bytes"": 95158272, ""offloaded_bytes"": 8388608}]"
525,525,0,FWD,1,0,fwd,-1,loss_reduce,fwd_value_end@-1:loss_reduce,FREE,loss|shard=replicated|partial=complete|dtype=4,4,workspace,267919360,454598656,0,0,0,0,0,0,0,0,0,0,0,0,-4,0,722518016,-4,False,[],"[{""microbatch"": 1, ""layer_id"": 0, ""resident_bytes"": 95191040, ""offloaded_bytes"": 8388608}, {""microbatch"": 1, ""layer_id"": 1, ""resident_bytes"": 95158272, ""offloaded_bytes"": 8388608}, {""microbatch"": 1, ""layer_id"": 2, ""resident_bytes"": 95158272, ""offloaded_bytes"": 8388608}, {""microbatch"": 1, ""layer_id"": 3, ""resident_bytes"": 95158272, ""offloaded_bytes"": 8388608}]"
526,526,0,FWD,1,0,fwd,,,fwd_end,,,0,,267919360,454600704,0,0,0,0,0,0,0,2048,0,0,0,0,0,0,722520064,2048,False,[],"[{""microbatch"": 1, ""layer_id"": -1, ""resident_bytes"": 73934848, ""offloaded_bytes"": 0}, {""microbatch"": 1, ""layer_id"": 0, ""resident_bytes"": 95191040, ""offloaded_bytes"": 8388608}, {""microbatch"": 1, ""layer_id"": 1, ""resident_bytes"": 95158272, ""offloaded_bytes"": 8388608}, {""microbatch"": 1, ""layer_id"": 2, ""resident_bytes"": 95158272, ""offloaded_bytes"": 8388608}, {""microbatch"": 1, ""layer_id"": 3, ""resident_bytes"": 95158272, ""offloaded_bytes"": 8388608}]"
527,527,0,BWD,1,0,bwd,,,bwd_edge_gather@loss_reduce,,,0,,267919360,454600704,0,0,0,0,0,0,0,0,0,0,0,0,0,0,722520064,0,False,[],"[{""microbatch"": 1, ""layer_id"": -1, ""resident_bytes"": 73934848, ""offloaded_bytes"": 0}, {""microbatch"": 1, ""layer_id"": 0, ""resident_bytes"": 95191040, ""offloaded_bytes"": 8388608}, {""microbatch"": 1, ""layer_id"": 1, ""resident_bytes"": 95158272, ""offloaded_bytes"": 8388608}, {""microbatch"": 1, ""layer_id"": 2, ""resident_bytes"": 95158272, ""offloaded_bytes"": 8388608}, {""microbatch"": 1, ""layer_id"": 3, ""resident_bytes"": 95158272, ""offloaded_bytes"": 8388608}]"
528,528,0,BWD,1,0,bwd,-1,loss_reduce,loss_bwd_dlogits,,,0,,267919360,454600704,0,0,0,0,131072000,0,0,0,0,0,0,0,131072000,0,853592064,131072000,False,[],"[{""microbatch"": 1, ""layer_id"": -1, ""resident_bytes"": 73934848, ""offloaded_bytes"": 0}, {""microbatch"": 1, ""layer_id"": 0, ""resident_bytes"": 95191040, ""offloaded_bytes"": 8388608}, {""microbatch"": 1, ""layer_id"": 1, ""resident_bytes"": 95158272, ""offloaded_bytes"": 8388608}, {""microbatch"": 1, ""layer_id"": 2, ""resident_bytes"": 95158272, ""offloaded_bytes"": 8388608}, {""microbatch"": 1, ""layer_id"": 3, ""resident_bytes"": 95158272, ""offloaded_bytes"": 8388608}]"
529,529,0,BWD,1,0,bwd,-1,loss_reduce,bwd_edge_grad@loss_reduce,,,0,,267919360,454600704,0,0,0,0,0,0,0,0,0,0,0,0,-131072000,0,722520064,-131072000,False,[],"[{""microbatch"": 1, ""layer_id"": -1, ""resident_bytes"": 73934848, ""offloaded_bytes"": 0}, {""microbatch"": 1, ""layer_id"": 0, ""resident_bytes"": 95191040, ""offloaded_bytes"": 8388608}, {""microbatch"": 1, ""layer_id"": 1, ""resident_bytes"": 95158272, ""offloaded_bytes"": 8388608}, {""microbatch"": 1, ""layer_id"": 2, ""resident_bytes"": 95158272, ""offloaded_bytes"": 8388608}, {""microbatch"": 1, ""layer_id"": 3, ""resident_bytes"": 95158272, ""offloaded_bytes"": 8388608}]"
530,530,0,BWD,1,0,bwd,,,bwd_edge_gather@loss_fwd_softmax,,,0,,267919360,454600704,0,0,0,0,0,0,0,0,0,0,0,0,0,0,722520064,0,False,[],"[{""microbatch"": 1, ""layer_id"": -1, ""resident_bytes"": 73934848, ""offloaded_bytes"": 0}, {""microbatch"": 1, ""layer_id"": 0, ""resident_bytes"": 95191040, ""offloaded_bytes"": 8388608}, {""microbatch"": 1, ""layer_id"": 1, ""resident_bytes"": 95158272, ""offloaded_bytes"": 8388608}, {""microbatch"": 1, ""layer_id"": 2, ""resident_bytes"": 95158272, ""offloaded_bytes"": 8388608}, {""microbatch"": 1, ""layer_id"": 3, ""resident_bytes"": 95158272, ""offloaded_bytes"": 8388608}]"
531,531,0,BWD,1,0,bwd,-1,loss_fwd_softmax,bwd_edge_grad@loss_fwd_softmax,,,0,,267919360,454600704,0,0,0,0,0,0,0,0,0,0,0,0,0,0,722520064,0,False,[],"[{""microbatch"": 1, ""layer_id"": -1, ""resident_bytes"": 73934848, ""offloaded_bytes"": 0}, {""microbatch"": 1, ""layer_id"": 0, ""resident_bytes"": 95191040, ""offloaded_bytes"": 8388608}, {""microbatch"": 1, ""layer_id"": 1, ""resident_bytes"": 95158272, ""offloaded_bytes"": 8388608}, {""microbatch"": 1, ""layer_id"": 2, ""resident_bytes"": 95158272, ""offloaded_bytes"": 8388608}, {""microbatch"": 1, ""layer_id"": 3, ""resident_bytes"": 95158272, ""offloaded_bytes"": 8388608}]"
532,532,0,BWD,1,0,bwd,,,bwd_edge_gather@loss_cast_fp32,,,0,,267919360,454600704,0,0,0,0,0,0,0,0,0,0,0,0,0,0,722520064,0,False,[],"[{""microbatch"": 1, ""layer_id"": -1, ""resident_bytes"": 73934848, ""offloaded_bytes"": 0}, {""microbatch"": 1, ""layer_id"": 0, ""resident_bytes"": 95191040, ""offloaded_bytes"": 8388608}, {""microbatch"": 1, ""layer_id"": 1, ""resident_bytes"": 95158272, ""offloaded_bytes"": 8388608}, {""microbatch"": 1, ""layer_id"": 2, ""resident_bytes"": 95158272, ""offloaded_bytes"": 8388608}, {""microbatch"": 1, ""layer_id"": 3, ""resident_bytes"": 95158272, ""offloaded_bytes"": 8388608}]"
533,533,0,BWD,1,0,bwd,-1,loss_cast_fp32,bwd_edge_grad@loss_cast_fp32,,,0,,267919360,454600704,0,0,0,0,0,0,0,0,0,0,0,0,0,0,722520064,0,False,[],"[{""microbatch"": 1, ""layer_id"": -1, ""resident_bytes"": 73934848, ""offloaded_bytes"": 0}, {""microbatch"": 1, ""layer_id"": 0, ""resident_bytes"": 95191040, ""offloaded_bytes"": 8388608}, {""microbatch"": 1, ""layer_id"": 1, ""resident_bytes"": 95158272, ""offloaded_bytes"": 8388608}, {""microbatch"": 1, ""layer_id"": 2, ""resident_bytes"": 95158272, ""offloaded_bytes"": 8388608}, {""microbatch"": 1, ""layer_id"": 3, ""resident_bytes"": 95158272, ""offloaded_bytes"": 8388608}]"
534,534,0,BWD,1,0,bwd,,,bwd_edge_gather@lm_head,,,0,,267919360,454600704,32768000,0,0,0,0,0,0,0,32768000,0,0,0,0,0,755288064,32768000,False,[],"[{""microbatch"": 1, ""layer_id"": -1, ""resident_bytes"": 73934848, ""offloaded_bytes"": 0}, {""microbatch"": 1, ""layer_id"": 0, ""resident_bytes"": 95191040, ""offloaded_bytes"": 8388608}, {""microbatch"": 1, ""layer_id"": 1, ""resident_bytes"": 95158272, ""offloaded_bytes"": 8388608}, {""microbatch"": 1, ""layer_id"": 2, ""resident_bytes"": 95158272, ""offloaded_bytes"": 8388608}, {""microbatch"": 1, ""layer_id"": 3, ""resident_bytes"": 95158272, ""offloaded_bytes"": 8388608}]"
535,535,0,BWD,1,0,bwd,-1,lm_head,bwd_edge_op@lm_head,,,0,,267919360,454600704,32768000,32768000,0,0,32768000,0,0,0,0,32768000,0,0,32768000,0,820824064,65536000,False,[],"[{""microbatch"": 1, ""layer_id"": -1, ""resident_bytes"": 73934848, ""offloaded_bytes"": 0}, {""microbatch"": 1, ""layer_id"": 0, ""resident_bytes"": 95191040, ""offloaded_bytes"": 8388608}, {""microbatch"": 1, ""layer_id"": 1, ""resident_bytes"": 95158272, ""offloaded_bytes"": 8388608}, {""microbatch"": 1, ""layer_id"": 2, ""resident_bytes"": 95158272, ""offloaded_bytes"": 8388608}, {""microbatch"": 1, ""layer_id"": 3, ""resident_bytes"": 95158272, ""offloaded_bytes"": 8388608}]"
536,536,0,BWD,1,0,bwd,-1,lm_head,bwd_edge_grad@lm_head,,,0,,267919360,454600704,32768000,32768000,0,0,0,0,0,0,0,0,0,0,-32768000,0,788056064,-32768000,False,[],"[{""microbatch"": 1, ""layer_id"": -1, ""resident_bytes"": 73934848, ""offloaded_bytes"": 0}, {""microbatch"": 1, ""layer_id"": 0, ""resident_bytes"": 95191040, ""offloaded_bytes"": 8388608}, {""microbatch"": 1, ""layer_id"": 1, ""resident_bytes"": 95158272, ""offloaded_bytes"": 8388608}, {""microbatch"": 1, ""layer_id"": 2, ""resident_bytes"": 95158272, ""offloaded_bytes"": 8388608}, {""microbatch"": 1, ""layer_id"": 3, ""resident_bytes"": 95158272, ""offloaded_bytes"": 8388608}]"
537,537,0,BWD,1,0,bwd,,,bwd_edge_gather@final_norm,,,0,,267919360,454600704,16384,0,0,0,0,0,0,0,-32751616,-32768000,0,0,0,0,722536448,-65519616,False,[],"[{""microbatch"": 1, ""layer_id"": -1, ""resident_bytes"": 73934848, ""offloaded_bytes"": 0}, {""microbatch"": 1, ""layer_id"": 0, ""resident_bytes"": 95191040, ""offloaded_bytes"": 8388608}, {""microbatch"": 1, ""layer_id"": 1, ""resident_bytes"": 95158272, ""offloaded_bytes"": 8388608}, {""microbatch"": 1, ""layer_id"": 2, ""resident_bytes"": 95158272, ""offloaded_bytes"": 8388608}, {""microbatch"": 1, ""layer_id"": 3, ""resident_bytes"": 95158272, ""offloaded_bytes"": 8388608}]"
538,538,0,BWD,1,0,bwd,-1,final_norm,bwd_edge_grad@final_norm,,,0,,267919360,454600704,16384,16384,0,0,0,0,0,0,0,16384,0,0,0,0,722552832,16384,False,[],"[{""microbatch"": 1, ""layer_id"": -1, ""resident_bytes"": 73934848, ""offloaded_bytes"": 0}, {""microbatch"": 1, ""layer_id"": 0, ""resident_bytes"": 95191040, ""offloaded_bytes"": 8388608}, {""microbatch"": 1, ""layer_id"": 1, ""resident_bytes"": 95158272, ""offloaded_bytes"": 8388608}, {""microbatch"": 1, ""layer_id"": 2, ""resident_bytes"": 95158272, ""offloaded_bytes"": 8388608}, {""microbatch"": 1, ""layer_id"": 3, ""resident_bytes"": 95158272, ""offloaded_bytes"": 8388608}]"
539,539,0,BWD,1,0,bwd,3,,bwd_gather@3,,,0,,267919360,454600704,101187584,0,0,0,0,0,0,0,101171200,-16384,0,0,0,0,823707648,101154816,False,[],"[{""microbatch"": 1, ""layer_id"": -1, ""resident_bytes"": 73934848, ""offloaded_bytes"": 0}, {""microbatch"": 1, ""layer_id"": 0, ""resident_bytes"": 95191040, ""offloaded_bytes"": 8388608}, {""microbatch"": 1, ""layer_id"": 1, ""resident_bytes"": 95158272, ""offloaded_bytes"": 8388608}, {""microbatch"": 1, ""layer_id"": 2, ""resident_bytes"": 95158272, ""offloaded_bytes"": 8388608}, {""microbatch"": 1, ""layer_id"": 3, ""resident_bytes"": 95158272, ""offloaded_bytes"": 8388608}]"
540,540,0,BWD,1,0,bwd,3,,bwd_swap_prefetch@3,,,0,,267919360,454600704,101187584,0,0,16777216,0,0,0,0,0,0,0,16777216,0,0,840484864,16777216,False,[],"[{""microbatch"": 1, ""layer_id"": -1, ""resident_bytes"": 73934848, ""offloaded_bytes"": 0}, {""microbatch"": 1, ""layer_id"": 0, ""resident_bytes"": 95191040, ""offloaded_bytes"": 8388608}, {""microbatch"": 1, ""layer_id"": 1, ""resident_bytes"": 95158272, ""offloaded_bytes"": 8388608}, {""microbatch"": 1, ""layer_id"": 2, ""resident_bytes"": 95158272, ""offloaded_bytes"": 8388608}, {""microbatch"": 1, ""layer_id"": 3, ""resident_bytes"": 95158272, ""offloaded_bytes"": 8388608}]"
541,541,0,BWD,1,0,bwd,3,,bwd_recompute@3,,,0,,267919360,454600704,101187584,0,22577152,0,0,0,0,0,0,0,22577152,-16777216,0,0,846284800,5799936,False,[],"[{""microbatch"": 1, ""layer_id"": -1, ""resident_bytes"": 73934848, ""offloaded_bytes"": 0}, {""microbatch"": 1, ""layer_id"": 0, ""resident_bytes"": 95191040, ""offloaded_bytes"": 8388608}, {""microbatch"": 1, ""layer_id"": 1, ""resident_bytes"": 95158272, ""offloaded_bytes"": 8388608}, {""microbatch"": 1, ""layer_id"": 2, ""resident_bytes"": 95158272, ""offloaded_bytes"": 8388608}, {""microbatch"": 1, ""layer_id"": 3, ""resident_bytes"": 95158272, ""offloaded_bytes"": 8388608}]"
542,542,0,BWD,1,0,bwd,3,add2,bwd_op@3:add2,,,0,,267919360,454600704,101187584,0,0,0,4194304,0,0,0,0,0,-22577152,0,4194304,0,827901952,-18382848,False,[],"[{""microbatch"": 1, ""layer_id"": -1, ""resident_bytes"": 73934848, ""offloaded_bytes"": 0}, {""microbatch"": 1, ""layer_id"": 0, ""resident_bytes"": 95191040, ""offloaded_bytes"": 8388608}, {""microbatch"": 1, ""layer_id"": 1, ""resident_bytes"": 95158272, ""offloaded_bytes"": 8388608}, {""microbatch"": 1, ""layer_id"": 2, ""resident_bytes"": 95158272, ""offloaded_bytes"": 8388608}, {""microbatch"": 1, ""layer_id"": 3, ""resident_bytes"": 95158272, ""offloaded_bytes"": 8388608}]"
543,543,0,BWD,1,0,bwd,3,fc2,bwd_op@3:fc2,,,0,,267919360,454600704,101187584,0,0,0,0,0,0,0,0,0,0,0,-4194304,0,823707648,-4194304,False,[],"[{""microbatch"": 1, ""layer_id"": -1, ""resident_bytes"": 73934848, ""offloaded_bytes"": 0}, {""microbatch"": 1, ""layer_id"": 0, ""resident_bytes"": 95191040, ""offloaded_bytes"": 8388608}, {""microbatch"": 1, ""layer_id"": 1, ""resident_bytes"": 95158272, ""offloaded_bytes"": 8388608}, {""microbatch"": 1, ""layer_id"": 2, ""resident_bytes"": 95158272, ""offloaded_bytes"": 8388608}, {""microbatch"": 1, ""layer_id"": 3, ""resident_bytes"": 95158272, ""offloaded_bytes"": 8388608}]"
544,544,0,BWD,1,0,bwd,3,swiglu,bwd_op@3:swiglu,,,0,,267919360,454600704,101187584,0,0,0,0,0,0,0,0,0,0,0,0,0,823707648,0,False,[],"[{""microbatch"": 1, ""layer_id"": -1, ""resident_bytes"": 73934848, ""offloaded_bytes"": 0}, {""microbatch"": 1, ""layer_id"": 0, ""resident_bytes"": 95191040, ""offloaded_bytes"": 8388608}, {""microbatch"": 1, ""layer_id"": 1, ""resident_bytes"": 95158272, ""offloaded_bytes"": 8388608}, {""microbatch"": 1, ""layer_id"": 2, ""resident_bytes"": 95158272, ""offloaded_bytes"": 8388608}, {""microbatch"": 1, ""layer_id"": 3, ""resident_bytes"": 95158272, ""offloaded_bytes"": 8388608}]"
545,545,0,BWD,1,0,bwd,3,fc1,bwd_op@3:fc1,,,0,,267919360,454600704,101187584,0,0,0,33554432,0,0,0,0,0,0,0,33554432,0,857262080,33554432,False,[],"[{""microbatch"": 1, ""layer_id"": -1, ""resident_bytes"": 73934848, ""offloaded_bytes"": 0}, {""microbatch"": 1, ""layer_id"": 0, ""resident_bytes"": 95191040, ""offloaded_bytes"": 8388608}, {""microbatch"": 1, ""layer_id"": 1, ""resident_bytes"": 95158272, ""offloaded_bytes"": 8388608}, {""microbatch"": 1, ""layer_id"": 2, ""resident_bytes"": 95158272, ""offloaded_bytes"": 8388608}, {""microbatch"": 1, ""layer_id"": 3, ""resident_bytes"": 95158272, ""offloaded_bytes"": 8388608}]"
546,546,0,BWD,1,0,bwd,3,ln2,bwd_op@3:ln2,,,0,,267919360,454600704,101187584,0,0,0,0,0,0,0,0,0,0,0,-33554432,0,823707648,-33554432,False,[],"[{""microbatch"": 1, ""layer_id"": -1, ""resident_bytes"": 73934848, ""offloaded_bytes"": 0}, {""microbatch"": 1, ""layer_id"": 0, ""resident_bytes"": 95191040, ""offloaded_bytes"": 8388608}, {""microbatch"": 1, ""layer_id"": 1, ""resident_bytes"": 95158272, ""offloaded_bytes"": 8388608}, {""microbatch"": 1, ""layer_id"": 2, ""resident_bytes"": 95158272, ""offloaded_bytes"": 8388608}, {""microbatch"": 1, ""layer_id"": 3, ""resident_bytes"": 95158272, ""offloaded_bytes"": 8388608}]"
547,547,0,BWD,1,0,bwd,3,add1,bwd_op@3:add1,,,0,,267919360,454600704,101187584,0,0,0,4194304,0,0,0,0,0,0,0,4194304,0,827901952,4194304,False,[],"[{""microbatch"": 1, ""layer_id"": -1, ""resident_bytes"": 73934848, ""offloaded_bytes"": 0}, {""microbatch"": 1, ""layer_id"": 0, ""resident_bytes"": 95191040, ""offloaded_bytes"": 8388608}, {""microbatch"": 1, ""layer_id"": 1, ""resident_bytes"": 95158272, ""offloaded_bytes"": 8388608}, {""microbatch"": 1, ""layer_id"": 2, ""resident_bytes"": 95158272, ""offloaded_bytes"": 8388608}, {""microbatch"": 1, ""layer_id"": 3, ""resident_bytes"": 95158272, ""offloaded_bytes"": 8388608}]"
548,548,0,BWD,1,0,bwd,3,o_proj,bwd_op@3:o_proj,,,0,,267919360,454600704,101187584,0,0,0,0,0,0,0,0,0,0,0,-4194304,0,823707648,-4194304,False,[],"[{""microbatch"": 1, ""layer_id"": -1, ""resident_bytes"": 73934848, ""offloaded_bytes"": 0}, {""microbatch"": 1, ""layer_id"": 0, ""resident_bytes"": 95191040, ""offloaded_bytes"": 8388608}, {""microbatch"": 1, ""layer_id"": 1, ""resident_bytes"": 95158272, ""offloaded_bytes"": 8388608}, {""microbatch"": 1, ""layer_id"": 2, ""resident_bytes"": 95158272, ""offloaded_bytes"": 8388608}, {""microbatch"": 1, ""layer_id"": 3, ""resident_bytes"": 95158272, ""offloaded_bytes"": 8388608}]"
549,549,0,BWD,1,0,bwd,3,flash,bwd_op@3:flash,,,0,,267919360,454600704,101187584,0,0,0,0,0,0,0,0,0,0,0,0,0,823707648,0,False,[],"[{""microbatch"": 1, ""layer_id"": -1, ""resident_bytes"": 73934848, ""offloaded_bytes"": 0}, {""microbatch"": 1, ""layer_id"": 0, ""resident_bytes"": 95191040, ""offloaded_bytes"": 8388608}, {""microbatch"": 1, ""layer_id"": 1, ""resident_bytes"": 95158272, ""offloaded_bytes"": 8388608}, {""microbatch"": 1, ""layer_id"": 2, ""resident_bytes"": 95158272, ""offloaded_bytes"": 8388608}, {""microbatch"": 1, ""layer_id"": 3, ""resident_bytes"": 95158272, ""offloaded_bytes"": 8388608}]"
550,550,0,BWD,1,0,bwd,3,rope,bwd_op@3:rope,,,0,,267919360,454600704,101187584,0,0,0,0,0,0,0,0,0,0,0,0,0,823707648,0,False,[],"[{""microbatch"": 1, ""layer_id"": -1, ""resident_bytes"": 73934848, ""offloaded_bytes"": 0}, {""microbatch"": 1, ""layer_id"": 0, ""resident_bytes"": 95191040, ""offloaded_bytes"": 8388608}, {""microbatch"": 1, ""layer_id"": 1, ""resident_bytes"": 95158272, ""offloaded_bytes"": 8388608}, {""microbatch"": 1, ""layer_id"": 2, ""resident_bytes"": 95158272, ""offloaded_bytes"": 8388608}, {""microbatch"": 1, ""layer_id"": 3, ""resident_bytes"": 95158272, ""offloaded_bytes"": 8388608}]"
551,551,0,BWD,1,0,bwd,3,qkv,bwd_op@3:qkv,,,0,,267919360,454600704,101187584,0,0,0,33554432,0,0,0,0,0,0,0,33554432,0,857262080,33554432,False,[],"[{""microbatch"": 1, ""layer_id"": -1, ""resident_bytes"": 73934848, ""offloaded_bytes"": 0}, {""microbatch"": 1, ""layer_id"": 0, ""resident_bytes"": 95191040, ""offloaded_bytes"": 8388608}, {""microbatch"": 1, ""layer_id"": 1, ""resident_bytes"": 95158272, ""offloaded_bytes"": 8388608}, {""microbatch"": 1, ""layer_id"": 2, ""resident_bytes"": 95158272, ""offloaded_bytes"": 8388608}, {""microbatch"": 1, ""layer_id"": 3, ""resident_bytes"": 95158272, ""offloaded_bytes"": 8388608}]"
552,552,0,BWD,1,0,bwd,3,ln1,bwd_op@3:ln1,,,0,,267919360,454600704,101187584,0,0,0,0,0,0,0,0,0,0,0,-33554432,0,823707648,-33554432,False,[],"[{""microbatch"": 1, ""layer_id"": -1, ""resident_bytes"": 73934848, ""offloaded_bytes"": 0}, {""microbatch"": 1, ""layer_id"": 0, ""resident_bytes"": 95191040, ""offloaded_bytes"": 8388608}, {""microbatch"": 1, ""layer_id"": 1, ""resident_bytes"": 95158272, ""offloaded_bytes"": 8388608}, {""microbatch"": 1, ""layer_id"": 2, ""resident_bytes"": 95158272, ""offloaded_bytes"": 8388608}, {""microbatch"": 1, ""layer_id"": 3, ""resident_bytes"": 95158272, ""offloaded_bytes"": 8388608}]"
553,553,0,BWD,1,0,bwd,3,,bwd_grad@3,,,0,,267919360,454600704,101187584,50593792,0,0,0,0,0,0,0,50593792,0,0,0,0,874301440,50593792,False,[],"[{""microbatch"": 1, ""layer_id"": -1, ""resident_bytes"": 73934848, ""offloaded_bytes"": 0}, {""microbatch"": 1, ""layer_id"": 0, ""resident_bytes"": 95191040, ""offloaded_bytes"": 8388608}, {""microbatch"": 1, ""layer_id"": 1, ""resident_bytes"": 95158272, ""offloaded_bytes"": 8388608}, {""microbatch"": 1, ""layer_id"": 2, ""resident_bytes"": 95158272, ""offloaded_bytes"": 8388608}, {""microbatch"": 1, ""layer_id"": 3, ""resident_bytes"": 95158272, ""offloaded_bytes"": 8388608}]"
554,554,0,BWD,1,0,bwd,3,,bwd_activation_release@3,,,0,,267919360,359442432,101187584,0,0,0,0,0,0,-95158272,0,-50593792,0,0,0,0,728549376,-145752064,False,[],"[{""microbatch"": 1, ""layer_id"": -1, ""resident_bytes"": 73934848, ""offloaded_bytes"": 0}, {""microbatch"": 1, ""layer_id"": 0, ""resident_bytes"": 95191040, ""offloaded_bytes"": 8388608}, {""microbatch"": 1, ""layer_id"": 1, ""resident_bytes"": 95158272, ""offloaded_bytes"": 8388608}, {""microbatch"": 1, ""layer_id"": 2, ""resident_bytes"": 95158272, ""offloaded_bytes"": 8388608}]"
555,555,0,BWD,1,0,bwd,2,,bwd_gather@2,,,0,,267919360,359442432,101187584,0,0,0,0,0,0,0,0,0,0,0,0,0,728549376,0,False,[],"[{""microbatch"": 1, ""layer_id"": -1, ""resident_bytes"": 73934848, ""offloaded_bytes"": 0}, {""microbatch"": 1, ""layer_id"": 0, ""resident_bytes"": 95191040, ""offloaded_bytes"": 8388608}, {""microbatch"": 1, ""layer_id"": 1, ""resident_bytes"": 95158272, ""offloaded_bytes"": 8388608}, {""microbatch"": 1, ""layer_id"": 2, ""resident_bytes"": 95158272, ""offloaded_bytes"": 8388608}]"
556,556,0,BWD,1,0,bwd,2,,bwd_swap_prefetch@2,,,0,,267919360,359442432,101187584,0,0,16777216,0,0,0,0,0,0,0,16777216,0,0,745326592,16777216,False,[],"[{""microbatch"": 1, ""layer_id"": -1, ""resident_bytes"": 73934848, ""offloaded_bytes"": 0}, {""microbatch"": 1, ""layer_id"": 0, ""resident_bytes"": 95191040, ""offloaded_bytes"": 8388608}, {""microbatch"": 1, ""layer_id"": 1, ""resident_bytes"": 95158272, ""offloaded_bytes"": 8388608}, {""microbatch"": 1, ""layer_id"": 2, ""resident_bytes"": 95158272, ""offloaded_bytes"": 8388608}]"
557,557,0,BWD,1,0,bwd,2,,bwd_recompute@2,,,0,,267919360,359442432,101187584,0,22577152,0,0,0,0,0,0,0,22577152,-16777216,0,0,751126528,5799936,False,[],"[{""microbatch"": 1, ""layer_id"": -1, ""resident_bytes"": 73934848, ""offloaded_bytes"": 0}, {""microbatch"": 1, ""layer_id"": 0, ""resident_bytes"": 95191040, ""offloaded_bytes"": 8388608}, {""microbatch"": 1, ""layer_id"": 1, ""resident_bytes"": 95158272, ""offloaded_bytes"": 8388608}, {""microbatch"": 1, ""layer_id"": 2, ""resident_bytes"": 95158272, ""offloaded_bytes"": 8388608}]"
558,558,0,BWD,1,0,bwd,2,add2,bwd_op@2:add2,,,0,,267919360,359442432,101187584,0,0,0,4194304,0,0,0,0,0,-22577152,0,4194304,0,732743680,-18382848,False,[],"[{""microbatch"": 1, ""layer_id"": -1, ""resident_bytes"": 73934848, ""offloaded_bytes"": 0}, {""microbatch"": 1, ""layer_id"": 0, ""resident_bytes"": 95191040, ""offloaded_bytes"": 8388608}, {""microbatch"": 1, ""layer_id"": 1, ""resident_bytes"": 95158272, ""offloaded_bytes"": 8388608}, {""microbatch"": 1, ""layer_id"": 2, ""resident_bytes"": 95158272, ""offloaded_bytes"": 8388608}]"
559,559,0,BWD,1,0,bwd,2,fc2,bwd_op@2:fc2,,,0,,267919360,359442432,101187584,0,0,0,0,0,0,0,0,0,0,0,-4194304,0,728549376,-4194304,False,[],"[{""microbatch"": 1, ""layer_id"": -1, ""resident_bytes"": 73934848, ""offloaded_bytes"": 0}, {""microbatch"": 1, ""layer_id"": 0, ""resident_bytes"": 95191040, ""offloaded_bytes"": 8388608}, {""microbatch"": 1, ""layer_id"": 1, ""resident_bytes"": 95158272, ""offloaded_bytes"": 8388608}, {""microbatch"": 1, ""layer_id"": 2, ""resident_bytes"": 95158272, ""offloaded_bytes"": 8388608}]"
560,560,0,BWD,1,0,bwd,2,swiglu,bwd_op@2:swiglu,,,0,,267919360,359442432,101187584,0,0,0,0,0,0,0,0,0,0,0,0,0,728549376,0,False,[],"[{""microbatch"": 1, ""layer_id"": -1, ""resident_bytes"": 73934848, ""offloaded_bytes"": 0}, {""microbatch"": 1, ""layer_id"": 0, ""resident_bytes"": 95191040, ""offloaded_bytes"": 8388608}, {""microbatch"": 1, ""layer_id"": 1, ""resident_bytes"": 95158272, ""offloaded_bytes"": 8388608}, {""microbatch"": 1, ""layer_id"": 2, ""resident_bytes"": 95158272, ""offloaded_bytes"": 8388608}]"
561,561,0,BWD,1,0,bwd,2,fc1,bwd_op@2:fc1,,,0,,267919360,359442432,101187584,0,0,0,33554432,0,0,0,0,0,0,0,33554432,0,762103808,33554432,False,[],"[{""microbatch"": 1, ""layer_id"": -1, ""resident_bytes"": 73934848, ""offloaded_bytes"": 0}, {""microbatch"": 1, ""layer_id"": 0, ""resident_bytes"": 95191040, ""offloaded_bytes"": 8388608}, {""microbatch"": 1, ""layer_id"": 1, ""resident_bytes"": 95158272, ""offloaded_bytes"": 8388608}, {""microbatch"": 1, ""layer_id"": 2, ""resident_bytes"": 95158272, ""offloaded_bytes"": 8388608}]"
562,562,0,BWD,1,0,bwd,2,ln2,bwd_op@2:ln2,,,0,,267919360,359442432,101187584,0,0,0,0,0,0,0,0,0,0,0,-33554432,0,728549376,-33554432,False,[],"[{""microbatch"": 1, ""layer_id"": -1, ""resident_bytes"": 73934848, ""offloaded_bytes"": 0}, {""microbatch"": 1, ""layer_id"": 0, ""resident_bytes"": 95191040, ""offloaded_bytes"": 8388608}, {""microbatch"": 1, ""layer_id"": 1, ""resident_bytes"": 95158272, ""offloaded_bytes"": 8388608}, {""microbatch"": 1, ""layer_id"": 2, ""resident_bytes"": 95158272, ""offloaded_bytes"": 8388608}]"
563,563,0,BWD,1,0,bwd,2,add1,bwd_op@2:add1,,,0,,267919360,359442432,101187584,0,0,0,4194304,0,0,0,0,0,0,0,4194304,0,732743680,4194304,False,[],"[{""microbatch"": 1, ""layer_id"": -1, ""resident_bytes"": 73934848, ""offloaded_bytes"": 0}, {""microbatch"": 1, ""layer_id"": 0, ""resident_bytes"": 95191040, ""offloaded_bytes"": 8388608}, {""microbatch"": 1, ""layer_id"": 1, ""resident_bytes"": 95158272, ""offloaded_bytes"": 8388608}, {""microbatch"": 1, ""layer_id"": 2, ""resident_bytes"": 95158272, ""offloaded_bytes"": 8388608}]"
564,564,0,BWD,1,0,bwd,2,o_proj,bwd_op@2:o_proj,,,0,,267919360,359442432,101187584,0,0,0,0,0,0,0,0,0,0,0,-4194304,0,728549376,-4194304,False,[],"[{""microbatch"": 1, ""layer_id"": -1, ""resident_bytes"": 73934848, ""offloaded_bytes"": 0}, {""microbatch"": 1, ""layer_id"": 0, ""resident_bytes"": 95191040, ""offloaded_bytes"": 8388608}, {""microbatch"": 1, ""layer_id"": 1, ""resident_bytes"": 95158272, ""offloaded_bytes"": 8388608}, {""microbatch"": 1, ""layer_id"": 2, ""resident_bytes"": 95158272, ""offloaded_bytes"": 8388608}]"
565,565,0,BWD,1,0,bwd,2,flash,bwd_op@2:flash,,,0,,267919360,359442432,101187584,0,0,0,0,0,0,0,0,0,0,0,0,0,728549376,0,False,[],"[{""microbatch"": 1, ""layer_id"": -1, ""resident_bytes"": 73934848, ""offloaded_bytes"": 0}, {""microbatch"": 1, ""layer_id"": 0, ""resident_bytes"": 95191040, ""offloaded_bytes"": 8388608}, {""microbatch"": 1, ""layer_id"": 1, ""resident_bytes"": 95158272, ""offloaded_bytes"": 8388608}, {""microbatch"": 1, ""layer_id"": 2, ""resident_bytes"": 95158272, ""offloaded_bytes"": 8388608}]"
566,566,0,BWD,1,0,bwd,2,rope,bwd_op@2:rope,,,0,,267919360,359442432,101187584,0,0,0,0,0,0,0,0,0,0,0,0,0,728549376,0,False,[],"[{""microbatch"": 1, ""layer_id"": -1, ""resident_bytes"": 73934848, ""offloaded_bytes"": 0}, {""microbatch"": 1, ""layer_id"": 0, ""resident_bytes"": 95191040, ""offloaded_bytes"": 8388608}, {""microbatch"": 1, ""layer_id"": 1, ""resident_bytes"": 95158272, ""offloaded_bytes"": 8388608}, {""microbatch"": 1, ""layer_id"": 2, ""resident_bytes"": 95158272, ""offloaded_bytes"": 8388608}]"
567,567,0,BWD,1,0,bwd,2,qkv,bwd_op@2:qkv,,,0,,267919360,359442432,101187584,0,0,0,33554432,0,0,0,0,0,0,0,33554432,0,762103808,33554432,False,[],"[{""microbatch"": 1, ""layer_id"": -1, ""resident_bytes"": 73934848, ""offloaded_bytes"": 0}, {""microbatch"": 1, ""layer_id"": 0, ""resident_bytes"": 95191040, ""offloaded_bytes"": 8388608}, {""microbatch"": 1, ""layer_id"": 1, ""resident_bytes"": 95158272, ""offloaded_bytes"": 8388608}, {""microbatch"": 1, ""layer_id"": 2, ""resident_bytes"": 95158272, ""offloaded_bytes"": 8388608}]"
568,568,0,BWD,1,0,bwd,2,ln1,bwd_op@2:ln1,,,0,,267919360,359442432,101187584,0,0,0,0,0,0,0,0,0,0,0,-33554432,0,728549376,-33554432,False,[],"[{""microbatch"": 1, ""layer_id"": -1, ""resident_bytes"": 73934848, ""offloaded_bytes"": 0}, {""microbatch"": 1, ""layer_id"": 0, ""resident_bytes"": 95191040, ""offloaded_bytes"": 8388608}, {""microbatch"": 1, ""layer_id"": 1, ""resident_bytes"": 95158272, ""offloaded_bytes"": 8388608}, {""microbatch"": 1, ""layer_id"": 2, ""resident_bytes"": 95158272, ""offloaded_bytes"": 8388608}]"
569,569,0,BWD,1,0,bwd,2,,bwd_grad@2,,,0,,267919360,359442432,101187584,50593792,0,0,0,0,0,0,0,50593792,0,0,0,0,779143168,50593792,False,[],"[{""microbatch"": 1, ""layer_id"": -1, ""resident_bytes"": 73934848, ""offloaded_bytes"": 0}, {""microbatch"": 1, ""layer_id"": 0, ""resident_bytes"": 95191040, ""offloaded_bytes"": 8388608}, {""microbatch"": 1, ""layer_id"": 1, ""resident_bytes"": 95158272, ""offloaded_bytes"": 8388608}, {""microbatch"": 1, ""layer_id"": 2, ""resident_bytes"": 95158272, ""offloaded_bytes"": 8388608}]"
570,570,0,BWD,1,0,bwd,2,,bwd_activation_release@2,,,0,,267919360,264284160,101187584,0,0,0,0,0,0,-95158272,0,-50593792,0,0,0,0,633391104,-145752064,False,[],"[{""microbatch"": 1, ""layer_id"": -1, ""resident_bytes"": 73934848, ""offloaded_bytes"": 0}, {""microbatch"": 1, ""layer_id"": 0, ""resident_bytes"": 95191040, ""offloaded_bytes"": 8388608}, {""microbatch"": 1, ""layer_id"": 1, ""resident_bytes"": 95158272, ""offloaded_bytes"": 8388608}]"
571,571,0,BWD,1,0,bwd,1,,bwd_gather@1,,,0,,267919360,264284160,101187584,0,0,0,0,0,0,0,0,0,0,0,0,0,633391104,0,False,[],"[{""microbatch"": 1, ""layer_id"": -1, ""resident_bytes"": 73934848, ""offloaded_bytes"": 0}, {""microbatch"": 1, ""layer_id"": 0, ""resident_bytes"": 95191040, ""offloaded_bytes"": 8388608}, {""microbatch"": 1, ""layer_id"": 1, ""resident_bytes"": 95158272, ""offloaded_bytes"": 8388608}]"
572,572,0,BWD,1,0,bwd,1,,bwd_swap_prefetch@1,,,0,,267919360,264284160,101187584,0,0,16777216,0,0,0,0,0,0,0,16777216,0,0,650168320,16777216,False,[],"[{""microbatch"": 1, ""layer_id"": -1, ""resident_bytes"": 73934848, ""offloaded_bytes"": 0}, {""microbatch"": 1, ""layer_id"": 0, ""resident_bytes"": 95191040, ""offloaded_bytes"": 8388608}, {""microbatch"": 1, ""layer_id"": 1, ""resident_bytes"": 95158272, ""offloaded_bytes"": 8388608}]"
573,573,0,BWD,1,0,bwd,1,,bwd_recompute@1,,,0,,267919360,264284160,101187584,0,22577152,0,0,0,0,0,0,0,22577152,-16777216,0,0,655968256,5799936,False,[],"[{""microbatch"": 1, ""layer_id"": -1, ""resident_bytes"": 73934848, ""offloaded_bytes"": 0}, {""microbatch"": 1, ""layer_id"": 0, ""resident_bytes"": 95191040, ""offloaded_bytes"": 8388608}, {""microbatch"": 1, ""layer_id"": 1, ""resident_bytes"": 95158272, ""offloaded_bytes"": 8388608}]"
574,574,0,BWD,1,0,bwd,1,add2,bwd_op@1:add2,,,0,,267919360,264284160,101187584,0,0,0,4194304,0,0,0,0,0,-22577152,0,4194304,0,637585408,-18382848,False,[],"[{""microbatch"": 1, ""layer_id"": -1, ""resident_bytes"": 73934848, ""offloaded_bytes"": 0}, {""microbatch"": 1, ""layer_id"": 0, ""resident_bytes"": 95191040, ""offloaded_bytes"": 8388608}, {""microbatch"": 1, ""layer_id"": 1, ""resident_bytes"": 95158272, ""offloaded_bytes"": 8388608}]"
575,575,0,BWD,1,0,bwd,1,fc2,bwd_op@1:fc2,,,0,,267919360,264284160,101187584,0,0,0,0,0,0,0,0,0,0,0,-4194304,0,633391104,-4194304,False,[],"[{""microbatch"": 1, ""layer_id"": -1, ""resident_bytes"": 73934848, ""offloaded_bytes"": 0}, {""microbatch"": 1, ""layer_id"": 0, ""resident_bytes"": 95191040, ""offloaded_bytes"": 8388608}, {""microbatch"": 1, ""layer_id"": 1, ""resident_bytes"": 95158272, ""offloaded_bytes"": 8388608}]"
576,576,0,BWD,1,0,bwd,1,swiglu,bwd_op@1:swiglu,,,0,,267919360,264284160,101187584,0,0,0,0,0,0,0,0,0,0,0,0,0,633391104,0,False,[],"[{""microbatch"": 1, ""layer_id"": -1, ""resident_bytes"": 73934848, ""offloaded_bytes"": 0}, {""microbatch"": 1, ""layer_id"": 0, ""resident_bytes"": 95191040, ""offloaded_bytes"": 8388608}, {""microbatch"": 1, ""layer_id"": 1, ""resident_bytes"": 95158272, ""offloaded_bytes"": 8388608}]"
577,577,0,BWD,1,0,bwd,1,fc1,bwd_op@1:fc1,,,0,,267919360,264284160,101187584,0,0,0,33554432,0,0,0,0,0,0,0,33554432,0,666945536,33554432,False,[],"[{""microbatch"": 1, ""layer_id"": -1, ""resident_bytes"": 73934848, ""offloaded_bytes"": 0}, {""microbatch"": 1, ""layer_id"": 0, ""resident_bytes"": 95191040, ""offloaded_bytes"": 8388608}, {""microbatch"": 1, ""layer_id"": 1, ""resident_bytes"": 95158272, ""offloaded_bytes"": 8388608}]"
578,578,0,BWD,1,0,bwd,1,ln2,bwd_op@1:ln2,,,0,,267919360,264284160,101187584,0,0,0,0,0,0,0,0,0,0,0,-33554432,0,633391104,-33554432,False,[],"[{""microbatch"": 1, ""layer_id"": -1, ""resident_bytes"": 73934848, ""offloaded_bytes"": 0}, {""microbatch"": 1, ""layer_id"": 0, ""resident_bytes"": 95191040, ""offloaded_bytes"": 8388608}, {""microbatch"": 1, ""layer_id"": 1, ""resident_bytes"": 95158272, ""offloaded_bytes"": 8388608}]"
579,579,0,BWD,1,0,bwd,1,add1,bwd_op@1:add1,,,0,,267919360,264284160,101187584,0,0,0,4194304,0,0,0,0,0,0,0,4194304,0,637585408,4194304,False,[],"[{""microbatch"": 1, ""layer_id"": -1, ""resident_bytes"": 73934848, ""offloaded_bytes"": 0}, {""microbatch"": 1, ""layer_id"": 0, ""resident_bytes"": 95191040, ""offloaded_bytes"": 8388608}, {""microbatch"": 1, ""layer_id"": 1, ""resident_bytes"": 95158272, ""offloaded_bytes"": 8388608}]"
580,580,0,BWD,1,0,bwd,1,o_proj,bwd_op@1:o_proj,,,0,,267919360,264284160,101187584,0,0,0,0,0,0,0,0,0,0,0,-4194304,0,633391104,-4194304,False,[],"[{""microbatch"": 1, ""layer_id"": -1, ""resident_bytes"": 73934848, ""offloaded_bytes"": 0}, {""microbatch"": 1, ""layer_id"": 0, ""resident_bytes"": 95191040, ""offloaded_bytes"": 8388608}, {""microbatch"": 1, ""layer_id"": 1, ""resident_bytes"": 95158272, ""offloaded_bytes"": 8388608}]"
581,581,0,BWD,1,0,bwd,1,flash,bwd_op@1:flash,,,0,,267919360,264284160,101187584,0,0,0,0,0,0,0,0,0,0,0,0,0,633391104,0,False,[],"[{""microbatch"": 1, ""layer_id"": -1, ""resident_bytes"": 73934848, ""offloaded_bytes"": 0}, {""microbatch"": 1, ""layer_id"": 0, ""resident_bytes"": 95191040, ""offloaded_bytes"": 8388608}, {""microbatch"": 1, ""layer_id"": 1, ""resident_bytes"": 95158272, ""offloaded_bytes"": 8388608}]"
582,582,0,BWD,1,0,bwd,1,rope,bwd_op@1:rope,,,0,,267919360,264284160,101187584,0,0,0,0,0,0,0,0,0,0,0,0,0,633391104,0,False,[],"[{""microbatch"": 1, ""layer_id"": -1, ""resident_bytes"": 73934848, ""offloaded_bytes"": 0}, {""microbatch"": 1, ""layer_id"": 0, ""resident_bytes"": 95191040, ""offloaded_bytes"": 8388608}, {""microbatch"": 1, ""layer_id"": 1, ""resident_bytes"": 95158272, ""offloaded_bytes"": 8388608}]"
583,583,0,BWD,1,0,bwd,1,qkv,bwd_op@1:qkv,,,0,,267919360,264284160,101187584,0,0,0,33554432,0,0,0,0,0,0,0,33554432,0,666945536,33554432,False,[],"[{""microbatch"": 1, ""layer_id"": -1, ""resident_bytes"": 73934848, ""offloaded_bytes"": 0}, {""microbatch"": 1, ""layer_id"": 0, ""resident_bytes"": 95191040, ""offloaded_bytes"": 8388608}, {""microbatch"": 1, ""layer_id"": 1, ""resident_bytes"": 95158272, ""offloaded_bytes"": 8388608}]"
584,584,0,BWD,1,0,bwd,1,ln1,bwd_op@1:ln1,,,0,,267919360,264284160,101187584,0,0,0,0,0,0,0,0,0,0,0,-33554432,0,633391104,-33554432,False,[],"[{""microbatch"": 1, ""layer_id"": -1, ""resident_bytes"": 73934848, ""offloaded_bytes"": 0}, {""microbatch"": 1, ""layer_id"": 0, ""resident_bytes"": 95191040, ""offloaded_bytes"": 8388608}, {""microbatch"": 1, ""layer_id"": 1, ""resident_bytes"": 95158272, ""offloaded_bytes"": 8388608}]"
585,585,0,BWD,1,0,bwd,1,,bwd_grad@1,,,0,,267919360,264284160,101187584,50593792,0,0,0,0,0,0,0,50593792,0,0,0,0,683984896,50593792,False,[],"[{""microbatch"": 1, ""layer_id"": -1, ""resident_bytes"": 73934848, ""offloaded_bytes"": 0}, {""microbatch"": 1, ""layer_id"": 0, ""resident_bytes"": 95191040, ""offloaded_bytes"": 8388608}, {""microbatch"": 1, ""layer_id"": 1, ""resident_bytes"": 95158272, ""offloaded_bytes"": 8388608}]"
586,586,0,BWD,1,0,bwd,1,,bwd_activation_release@1,,,0,,267919360,169125888,101187584,0,0,0,0,0,0,-95158272,0,-50593792,0,0,0,0,538232832,-145752064,False,[],"[{""microbatch"": 1, ""layer_id"": -1, ""resident_bytes"": 73934848, ""offloaded_bytes"": 0}, {""microbatch"": 1, ""layer_id"": 0, ""resident_bytes"": 95191040, ""offloaded_bytes"": 8388608}]"
587,587,0,BWD,1,0,bwd,0,,bwd_gather@0,,,0,,267919360,169125888,50593792,0,0,0,0,0,0,0,-50593792,0,0,0,0,0,487639040,-50593792,False,[],"[{""microbatch"": 1, ""layer_id"": -1, ""resident_bytes"": 73934848, ""offloaded_bytes"": 0}, {""microbatch"": 1, ""layer_id"": 0, ""resident_bytes"": 95191040, ""offloaded_bytes"": 8388608}]"
588,588,0,BWD,1,0,bwd,0,,bwd_swap_prefetch@0,,,0,,267919360,169125888,50593792,0,0,8388608,0,0,0,0,0,0,0,8388608,0,0,496027648,8388608,False,[],"[{""microbatch"": 1, ""layer_id"": -1, ""resident_bytes"": 73934848, ""offloaded_bytes"": 0}, {""microbatch"": 1, ""layer_id"": 0, ""resident_bytes"": 95191040, ""offloaded_bytes"": 8388608}]"
589,589,0,BWD,1,0,bwd,0,,bwd_recompute@0,,,0,,267919360,169125888,50593792,0,22544384,0,0,0,0,0,0,0,22544384,-8388608,0,0,510183424,14155776,False,[],"[{""microbatch"": 1, ""layer_id"": -1, ""resident_bytes"": 73934848, ""offloaded_bytes"": 0}, {""microbatch"": 1, ""layer_id"": 0, ""resident_bytes"": 95191040, ""offloaded_bytes"": 8388608}]"
590,590,0,BWD,1,0,bwd,0,add2,bwd_op@0:add2,,,0,,267919360,169125888,50593792,0,0,0,4194304,0,0,0,0,0,-22544384,0,4194304,0,491833344,-18350080,False,[],"[{""microbatch"": 1, ""layer_id"": -1, ""resident_bytes"": 73934848, ""offloaded_bytes"": 0}, {""microbatch"": 1, ""layer_id"": 0, ""resident_bytes"": 95191040, ""offloaded_bytes"": 8388608}]"
591,591,0,BWD,1,0,bwd,0,fc2,bwd_op@0:fc2,,,0,,267919360,169125888,50593792,0,0,0,0,0,0,0,0,0,0,0,-4194304,0,487639040,-4194304,False,[],"[{""microbatch"": 1, ""layer_id"": -1, ""resident_bytes"": 73934848, ""offloaded_bytes"": 0}, {""microbatch"": 1, ""layer_id"": 0, ""resident_bytes"": 95191040, ""offloaded_bytes"": 8388608}]"
592,592,0,BWD,1,0,bwd,0,swiglu,bwd_op@0:swiglu,,,0,,267919360,169125888,50593792,0,0,0,0,0,0,0,0,0,0,0,0,0,487639040,0,False,[],"[{""microbatch"": 1, ""layer_id"": -1, ""resident_bytes"": 73934848, ""offloaded_bytes"": 0}, {""microbatch"": 1, ""layer_id"": 0, ""resident_bytes"": 95191040, ""offloaded_bytes"": 8388608}]"
593,593,0,BWD,1,0,bwd,0,fc1,bwd_op@0:fc1,,,0,,267919360,169125888,50593792,0,0,0,33554432,0,0,0,0,0,0,0,33554432,0,521193472,33554432,False,[],"[{""microbatch"": 1, ""layer_id"": -1, ""resident_bytes"": 73934848, ""offloaded_bytes"": 0}, {""microbatch"": 1, ""layer_id"": 0, ""resident_bytes"": 95191040, ""offloaded_bytes"": 8388608}]"
594,594,0,BWD,1,0,bwd,0,ln2,bwd_op@0:ln2,,,0,,267919360,169125888,50593792,0,0,0,0,0,0,0,0,0,0,0,-33554432,0,487639040,-33554432,False,[],"[{""microbatch"": 1, ""layer_id"": -1, ""resident_bytes"": 73934848, ""offloaded_bytes"": 0}, {""microbatch"": 1, ""layer_id"": 0, ""resident_bytes"": 95191040, ""offloaded_bytes"": 8388608}]"
595,595,0,BWD,1,0,bwd,0,add1,bwd_op@0:add1,,,0,,267919360,169125888,50593792,0,0,0,4194304,0,0,0,0,0,0,0,4194304,0,491833344,4194304,False,[],"[{""microbatch"": 1, ""layer_id"": -1, ""resident_bytes"": 73934848, ""offloaded_bytes"": 0}, {""microbatch"": 1, ""layer_id"": 0, ""resident_bytes"": 95191040, ""offloaded_bytes"": 8388608}]"
596,596,0,BWD,1,0,bwd,0,o_proj,bwd_op@0:o_proj,,,0,,267919360,169125888,50593792,0,0,0,0,0,0,0,0,0,0,0,-4194304,0,487639040,-4194304,False,[],"[{""microbatch"": 1, ""layer_id"": -1, ""resident_bytes"": 73934848, ""offloaded_bytes"": 0}, {""microbatch"": 1, ""layer_id"": 0, ""resident_bytes"": 95191040, ""offloaded_bytes"": 8388608}]"
597,597,0,BWD,1,0,bwd,0,flash,bwd_op@0:flash,,,0,,267919360,169125888,50593792,0,0,0,0,0,0,0,0,0,0,0,0,0,487639040,0,False,[],"[{""microbatch"": 1, ""layer_id"": -1, ""resident_bytes"": 73934848, ""offloaded_bytes"": 0}, {""microbatch"": 1, ""layer_id"": 0, ""resident_bytes"": 95191040, ""offloaded_bytes"": 8388608}]"
598,598,0,BWD,1,0,bwd,0,rope,bwd_op@0:rope,,,0,,267919360,169125888,50593792,0,0,0,0,0,0,0,0,0,0,0,0,0,487639040,0,False,[],"[{""microbatch"": 1, ""layer_id"": -1, ""resident_bytes"": 73934848, ""offloaded_bytes"": 0}, {""microbatch"": 1, ""layer_id"": 0, ""resident_bytes"": 95191040, ""offloaded_bytes"": 8388608}]"
599,599,0,BWD,1,0,bwd,0,qkv,bwd_op@0:qkv,,,0,,267919360,169125888,50593792,0,0,0,33554432,0,0,0,0,0,0,0,33554432,0,521193472,33554432,False,[],"[{""microbatch"": 1, ""layer_id"": -1, ""resident_bytes"": 73934848, ""offloaded_bytes"": 0}, {""microbatch"": 1, ""layer_id"": 0, ""resident_bytes"": 95191040, ""offloaded_bytes"": 8388608}]"
600,600,0,BWD,1,0,bwd,0,ln1,bwd_op@0:ln1,,,0,,267919360,169125888,50593792,0,0,0,0,0,0,0,0,0,0,0,-33554432,0,487639040,-33554432,False,[],"[{""microbatch"": 1, ""layer_id"": -1, ""resident_bytes"": 73934848, ""offloaded_bytes"": 0}, {""microbatch"": 1, ""layer_id"": 0, ""resident_bytes"": 95191040, ""offloaded_bytes"": 8388608}]"
601,601,0,BWD,1,0,bwd,0,,bwd_grad@0,,,0,,267919360,169125888,50593792,50593792,0,0,0,0,0,0,0,50593792,0,0,0,0,538232832,50593792,False,[],"[{""microbatch"": 1, ""layer_id"": -1, ""resident_bytes"": 73934848, ""offloaded_bytes"": 0}, {""microbatch"": 1, ""layer_id"": 0, ""resident_bytes"": 95191040, ""offloaded_bytes"": 8388608}]"
602,602,0,BWD,1,0,bwd,0,,bwd_activation_release@0,,,0,,267919360,73934848,50593792,0,0,0,0,0,0,-95191040,0,-50593792,0,0,0,0,392448000,-145784832,False,[],"[{""microbatch"": 1, ""layer_id"": -1, ""resident_bytes"": 73934848, ""offloaded_bytes"": 0}]"
603,603,0,BWD,1,0,bwd,-1,,bwd_edge_activation_release,,,0,,267919360,0,0,0,0,0,0,0,0,-73934848,-50593792,0,0,0,0,0,267919360,-124528640,False,[],[]
604,604,0,BWD,1,0,bwd,,,bwd_edge_gather@embedding,,,0,,267919360,0,32768000,0,0,0,0,0,0,0,32768000,0,0,0,0,0,300687360,32768000,False,[],[]
605,605,0,BWD,1,0,bwd,,,bwd_edge_grad@embedding,,,0,,267919360,0,32768000,32768000,0,0,0,0,0,0,0,32768000,0,0,0,0,333455360,32768000,False,[],[]
606,606,0,BWD,1,0,bwd,,,bwd_end,,,0,,267919360,0,0,0,0,0,0,0,0,0,-32768000,-32768000,0,0,0,0,267919360,-65536000,False,[],[]
607,607,0,FWD,2,0,fwd,,,fwd_edge_gather@embedding,,,0,,267919360,0,32768000,0,0,0,0,0,0,0,32768000,0,0,0,0,0,300687360,32768000,False,[],[]
608,608,0,FWD,2,0,fwd,,,fwd_edge_op@embedding,,,0,,267919360,0,32768000,0,0,0,0,0,0,0,0,0,0,0,0,0,300687360,0,False,[],[]
609,609,0,FWD,2,0,fwd,0,,fwd_gather@0,,,0,,267919360,0,101187584,0,0,0,0,0,0,0,68419584,0,0,0,0,0,369106944,68419584,False,[],[]
610,610,0,FWD,2,0,fwd,0,ln1,fwd_input@0:0,ALLOC,x|shard=0:tp|partial=complete|dtype=default,4194304,workspace,267919360,0,101187584,0,0,0,4194304,0,0,0,0,0,0,0,4194304,0,373301248,4194304,False,[],[]
611,611,0,FWD,2,0,fwd,0,ln1,fwd_output@0:0,ALLOC,ln1|shard=0:tp|partial=complete|dtype=default,4194304,workspace,267919360,0,101187584,0,0,0,8388608,0,0,0,0,0,0,0,4194304,0,377495552,4194304,False,[],[]
612,612,0,FWD,2,0,fwd,0,ln1,fwd_op_execute@0:ln1,MARK,op:0:0:ln1,0,,267919360,0,101187584,0,0,0,8388608,0,0,0,0,0,0,0,0,0,377495552,0,False,[],[]
613,613,0,FWD,2,0,fwd,0,ln1,fwd_value_end@0:ln1,FREE,ln1|shard=0:tp|partial=complete|dtype=default,4194304,workspace,267919360,0,101187584,0,0,0,4194304,0,0,0,0,0,0,0,-4194304,0,373301248,-4194304,False,[],[]
614,614,0,FWD,2,0,fwd,0,qkv,fwd_input@0:1,ALLOC,ln1|shard=replicated|partial=complete|dtype=default,33554432,act_live,267919360,33554432,101187584,0,0,0,4194304,0,0,33554432,0,0,0,0,0,0,406855680,33554432,False,[],[]
615,615,0,FWD,2,0,fwd,0,qkv,fwd_output@0:1,ALLOC,qkv|shard=2:tp|partial=complete|dtype=default,12582912,act_live,267919360,46137344,101187584,0,0,0,4194304,0,0,12582912,0,0,0,0,0,0,419438592,12582912,False,[],[]
616,616,0,FWD,2,0,fwd,0,qkv,fwd_comm@0:qkv,ALLOC,comm:0:1:qkv,33554432,communication,267919360,46137344,101187584,0,0,0,37748736,0,0,0,0,0,0,0,33554432,0,452993024,33554432,False,[],[]
617,617,0,FWD,2,0,fwd,0,qkv,fwd_op_execute@0:qkv,MARK,op:0:1:qkv,0,,267919360,46137344,101187584,0,0,0,37748736,0,0,0,0,0,0,0,0,0,452993024,0,False,[],[]
618,618,0,FWD,2,0,fwd,0,qkv,fwd_comm_end@0:qkv,FREE,comm:0:1:qkv,33554432,communication,267919360,46137344,101187584,0,0,0,4194304,0,0,0,0,0,0,0,-33554432,0,419438592,-33554432,False,[],[]
619,619,0,FWD,2,0,fwd,0,rope,fwd_op_execute@0:rope,MARK,op:0:2:rope,0,,267919360,46137344,101187584,0,0,0,4194304,0,0,0,0,0,0,0,0,0,419438592,0,False,[],[]
620,620,0,FWD,2,0,fwd,0,flash,fwd_output@0:3,ALLOC,attn|shard=2:tp|partial=complete|dtype=default,4194304,act_live,267919360,50331648,101187584,0,0,0,4194304,0,0,4194304,0,0,0,0,0,0,423632896,4194304,False,[],[]
621,621,0,FWD,2,0,fwd,0,flash,fwd_save@0:3,ALLOC,lse|shard=2:tp|partial=complete|dtype=default,32768,act_live,267919360,50364416,101187584,0,0,0,4194304,0,0,32768,0,0,0,0,0,0,423665664,32768,False,[],[]
622,622,0,FWD,2,0,fwd,0,flash,fwd_op@0:flash,ALLOC,workspace:0:3:flash,33554432,workspace,267919360,50364416,101187584,0,0,0,37748736,0,0,0,0,0,0,0,33554432,0,457220096,33554432,False,[],[]
623,623,0,FWD,2,0,fwd,0,flash,fwd_op_execute@0:flash,MARK,op:0:3:flash,0,,267919360,50364416,101187584,0,0,0,37748736,0,0,0,0,0,0,0,0,0,457220096,0,False,[],[]
624,624,0,FWD,2,0,fwd,0,flash,fwd_op_end@0:flash,FREE,workspace:0:3:flash,33554432,workspace,267919360,50364416,101187584,0,0,0,4194304,0,0,0,0,0,0,0,-33554432,0,423665664,-33554432,False,[],[]
625,625,0,FWD,2,0,fwd,0,o_proj,fwd_output@0:4,ALLOC,o|shard=replicated|partial=tp|dtype=default,33554432,workspace,267919360,50364416,101187584,0,0,0,37748736,0,0,0,0,0,0,0,33554432,0,457220096,33554432,False,[],[]
626,626,0,FWD,2,0,fwd,0,o_proj,fwd_op_execute@0:o_proj,MARK,op:0:4:o_proj,0,,267919360,50364416,101187584,0,0,0,37748736,0,0,0,0,0,0,0,0,0,457220096,0,False,[],[]
627,627,0,FWD,2,0,fwd,0,o_proj,fwd_value_end@0:o_proj,FREE,o|shard=replicated|partial=tp|dtype=default,33554432,workspace,267919360,50364416,101187584,0,0,0,4194304,0,0,0,0,0,0,0,-33554432,0,423665664,-33554432,False,[],[]
628,628,0,FWD,2,0,fwd,0,add1,fwd_input@0:5,ALLOC,o|shard=0:tp|partial=complete|dtype=default,4194304,workspace,267919360,50364416,101187584,0,0,0,8388608,0,0,0,0,0,0,0,4194304,0,427859968,4194304,False,[],[]
629,629,0,FWD,2,0,fwd,0,add1,fwd_output@0:5,ALLOC,h1|shard=0:tp|partial=complete|dtype=default,4194304,workspace,267919360,50364416,101187584,0,0,0,12582912,0,0,0,0,0,0,0,4194304,0,432054272,4194304,False,[],[]
630,630,0,FWD,2,0,fwd,0,add1,fwd_comm@0:add1,ALLOC,comm:0:5:add1,4194304,communication,267919360,50364416,101187584,0,0,0,16777216,0,0,0,0,0,0,0,4194304,0,436248576,4194304,False,[],[]
631,631,0,FWD,2,0,fwd,0,add1,fwd_op_execute@0:add1,MARK,op:0:5:add1,0,,267919360,50364416,101187584,0,0,0,16777216,0,0,0,0,0,0,0,0,0,436248576,0,False,[],[]
632,632,0,FWD,2,0,fwd,0,add1,fwd_comm_end@0:add1,FREE,comm:0:5:add1,4194304,communication,267919360,50364416,101187584,0,0,0,12582912,0,0,0,0,0,0,0,-4194304,0,432054272,-4194304,False,[],[]
633,633,0,FWD,2,0,fwd,0,add1,fwd_value_end@0:add1,FREE,o|shard=0:tp|partial=complete|dtype=default,4194304,workspace,267919360,50364416,101187584,0,0,0,8388608,0,0,0,0,0,0,0,-4194304,0,427859968,-4194304,False,[],[]
634,634,0,FWD,2,0,fwd,0,add1,fwd_value_end@0:add1,FREE,x|shard=0:tp|partial=complete|dtype=default,4194304,workspace,267919360,50364416,101187584,0,0,0,4194304,0,0,0,0,0,0,0,-4194304,0,423665664,-4194304,False,[],[]
635,635,0,FWD,2,0,fwd,0,ln2,fwd_output@0:6,ALLOC,ln2|shard=0:tp|partial=complete|dtype=default,4194304,workspace,267919360,50364416,101187584,0,0,0,8388608,0,0,0,0,0,0,0,4194304,0,427859968,4194304,False,[],[]
636,636,0,FWD,2,0,fwd,0,ln2,fwd_op_execute@0:ln2,MARK,op:0:6:ln2,0,,267919360,50364416,101187584,0,0,0,8388608,0,0,0,0,0,0,0,0,0,427859968,0,False,[],[]
637,637,0,FWD,2,0,fwd,0,ln2,fwd_value_end@0:ln2,FREE,ln2|shard=0:tp|partial=complete|dtype=default,4194304,workspace,267919360,50364416,101187584,0,0,0,4194304,0,0,0,0,0,0,0,-4194304,0,423665664,-4194304,False,[],[]
638,638,0,FWD,2,0,fwd,0,fc1,fwd_input@0:7,ALLOC,ln2|shard=replicated|partial=complete|dtype=default,33554432,act_live,267919360,83918848,101187584,0,0,0,4194304,0,0,33554432,0,0,0,0,0,0,457220096,33554432,False,[],[]
639,639,0,FWD,2,0,fwd,0,fc1,fwd_output@0:7,ALLOC,gate|shard=2:tp|partial=complete|dtype=default,22544384,workspace,267919360,83918848,101187584,0,0,0,26738688,0,0,0,0,0,0,0,22544384,0,479764480,22544384,False,[],[]
640,640,0,FWD,2,0,fwd,0,fc1,fwd_comm@0:fc1,ALLOC,comm:0:7:fc1,33554432,communication,267919360,83918848,101187584,0,0,0,60293120,0,0,0,0,0,0,0,33554432,0,513318912,33554432,False,[],[]
641,641,0,FWD,2,0,fwd,0,fc1,fwd_op_execute@0:fc1,MARK,op:0:7:fc1,0,,267919360,83918848,101187584,0,0,0,60293120,0,0,0,0,0,0,0,0,0,513318912,0,False,[],[]
642,642,0,FWD,2,0,fwd,0,fc1,fwd_comm_end@0:fc1,FREE,comm:0:7:fc1,33554432,communication,267919360,83918848,101187584,0,0,0,26738688,0,0,0,0,0,0,0,-33554432,0,479764480,-33554432,False,[],[]
643,643,0,FWD,2,0,fwd,0,swiglu,fwd_output@0:8,ALLOC,act|shard=2:tp|partial=complete|dtype=default,11272192,act_live,267919360,95191040,101187584,0,0,0,26738688,0,0,11272192,0,0,0,0,0,0,491036672,11272192,False,[],[]
644,644,0,FWD,2,0,fwd,0,swiglu,fwd_op_execute@0:swiglu,MARK,op:0:8:swiglu,0,,267919360,95191040,101187584,0,0,0,26738688,0,0,0,0,0,0,0,0,0,491036672,0,False,[],[]
645,645,0,FWD,2,0,fwd,0,swiglu,fwd_value_end@0:swiglu,FREE,gate|shard=2:tp|partial=complete|dtype=default,22544384,workspace,267919360,95191040,101187584,0,0,0,4194304,0,0,0,0,0,0,0,-22544384,0,468492288,-22544384,False,[],[]
646,646,0,FWD,2,0,fwd,0,fc2,fwd_output@0:9,ALLOC,o2|shard=replicated|partial=tp|dtype=default,33554432,workspace,267919360,95191040,101187584,0,0,0,37748736,0,0,0,0,0,0,0,33554432,0,502046720,33554432,False,[],[]
647,647,0,FWD,2,0,fwd,0,fc2,fwd_op_execute@0:fc2,MARK,op:0:9:fc2,0,,267919360,95191040,101187584,0,0,0,37748736,0,0,0,0,0,0,0,0,0,502046720,0,False,[],[]
648,648,0,FWD,2,0,fwd,0,fc2,fwd_value_end@0:fc2,FREE,o2|shard=replicated|partial=tp|dtype=default,33554432,workspace,267919360,95191040,101187584,0,0,0,4194304,0,0,0,0,0,0,0,-33554432,0,468492288,-33554432,False,[],[]
649,649,0,FWD,2,0,fwd,0,add2,fwd_input@0:10,ALLOC,o2|shard=0:tp|partial=complete|dtype=default,4194304,workspace,267919360,95191040,101187584,0,0,0,8388608,0,0,0,0,0,0,0,4194304,0,472686592,4194304,False,[],[]
650,650,0,FWD,2,0,fwd,0,add2,fwd_output@0:10,ALLOC,h2|shard=0:tp|partial=complete|dtype=default,4194304,workspace,267919360,95191040,101187584,0,0,0,12582912,0,0,0,0,0,0,0,4194304,0,476880896,4194304,False,[],[]
651,651,0,FWD,2,0,fwd,0,add2,fwd_comm@0:add2,ALLOC,comm:0:10:add2,4194304,communication,267919360,95191040,101187584,0,0,0,16777216,0,0,0,0,0,0,0,4194304,0,481075200,4194304,False,[],[]
652,652,0,FWD,2,0,fwd,0,add2,fwd_op_execute@0:add2,MARK,op:0:10:add2,0,,267919360,95191040,101187584,0,0,0,16777216,0,0,0,0,0,0,0,0,0,481075200,0,False,[],[]
653,653,0,FWD,2,0,fwd,0,add2,fwd_comm_end@0:add2,FREE,comm:0:10:add2,4194304,communication,267919360,95191040,101187584,0,0,0,12582912,0,0,0,0,0,0,0,-4194304,0,476880896,-4194304,False,[],[]
654,654,0,FWD,2,0,fwd,0,add2,fwd_value_end@0:add2,FREE,h2|shard=0:tp|partial=complete|dtype=default,4194304,workspace,267919360,95191040,101187584,0,0,0,8388608,0,0,0,0,0,0,0,-4194304,0,472686592,-4194304,False,[],[]
655,655,0,FWD,2,0,fwd,0,add2,fwd_value_end@0:add2,FREE,h1|shard=0:tp|partial=complete|dtype=default,4194304,workspace,267919360,95191040,101187584,0,0,0,4194304,0,0,0,0,0,0,0,-4194304,0,468492288,-4194304,False,[],[]
656,656,0,FWD,2,0,fwd,0,add2,fwd_value_end@0:add2,FREE,o2|shard=0:tp|partial=complete|dtype=default,4194304,workspace,267919360,95191040,101187584,0,0,0,0,0,0,0,0,0,0,0,-4194304,0,464297984,-4194304,False,[],[]
657,657,0,FWD,2,0,fwd,0,,fwd_end@0,,,0,,267919360,95191040,101187584,0,0,0,0,0,0,0,0,0,0,0,0,0,464297984,0,False,[],"[{""microbatch"": 2, ""layer_id"": 0, ""resident_bytes"": 95191040, ""offloaded_bytes"": 8388608}]"
658,658,0,FWD,2,0,fwd,1,,fwd_gather@1,,,0,,267919360,95191040,101187584,0,0,0,0,0,0,0,0,0,0,0,0,0,464297984,0,False,[],"[{""microbatch"": 2, ""layer_id"": 0, ""resident_bytes"": 95191040, ""offloaded_bytes"": 8388608}]"
659,659,0,FWD,2,0,fwd,1,ln1,fwd_input@1:0,ALLOC,x|shard=0:tp|partial=complete|dtype=default,4194304,workspace,267919360,95191040,101187584,0,0,0,4194304,0,0,0,0,0,0,0,4194304,0,468492288,4194304,False,[],"[{""microbatch"": 2, ""layer_id"": 0, ""resident_bytes"": 95191040, ""offloaded_bytes"": 8388608}]"
660,660,0,FWD,2,0,fwd,1,ln1,fwd_output@1:0,ALLOC,ln1|shard=0:tp|partial=complete|dtype=default,4194304,workspace,267919360,95191040,101187584,0,0,0,8388608,0,0,0,0,0,0,0,4194304,0,472686592,4194304,False,[],"[{""microbatch"": 2, ""layer_id"": 0, ""resident_bytes"": 95191040, ""offloaded_bytes"": 8388608}]"
661,661,0,FWD,2,0,fwd,1,ln1,fwd_op_execute@1:ln1,MARK,op:1:0:ln1,0,,267919360,95191040,101187584,0,0,0,8388608,0,0,0,0,0,0,0,0,0,472686592,0,False,[],"[{""microbatch"": 2, ""layer_id"": 0, ""resident_bytes"": 95191040, ""offloaded_bytes"": 8388608}]"
662,662,0,FWD,2,0,fwd,1,ln1,fwd_value_end@1:ln1,FREE,ln1|shard=0:tp|partial=complete|dtype=default,4194304,workspace,267919360,95191040,101187584,0,0,0,4194304,0,0,0,0,0,0,0,-4194304,0,468492288,-4194304,False,[],"[{""microbatch"": 2, ""layer_id"": 0, ""resident_bytes"": 95191040, ""offloaded_bytes"": 8388608}]"
663,663,0,FWD,2,0,fwd,1,qkv,fwd_input@1:1,ALLOC,ln1|shard=replicated|partial=complete|dtype=default,33554432,act_live,267919360,128745472,101187584,0,0,0,4194304,0,0,33554432,0,0,0,0,0,0,502046720,33554432,False,[],"[{""microbatch"": 2, ""layer_id"": 0, ""resident_bytes"": 95191040, ""offloaded_bytes"": 8388608}]"
664,664,0,FWD,2,0,fwd,1,qkv,fwd_output@1:1,ALLOC,qkv|shard=2:tp|partial=complete|dtype=default,12582912,act_live,267919360,141328384,101187584,0,0,0,4194304,0,0,12582912,0,0,0,0,0,0,514629632,12582912,False,[],"[{""microbatch"": 2, ""layer_id"": 0, ""resident_bytes"": 95191040, ""offloaded_bytes"": 8388608}]"
665,665,0,FWD,2,0,fwd,1,qkv,fwd_comm@1:qkv,ALLOC,comm:1:1:qkv,33554432,communication,267919360,141328384,101187584,0,0,0,37748736,0,0,0,0,0,0,0,33554432,0,548184064,33554432,False,[],"[{""microbatch"": 2, ""layer_id"": 0, ""resident_bytes"": 95191040, ""offloaded_bytes"": 8388608}]"
666,666,0,FWD,2,0,fwd,1,qkv,fwd_op_execute@1:qkv,MARK,op:1:1:qkv,0,,267919360,141328384,101187584,0,0,0,37748736,0,0,0,0,0,0,0,0,0,548184064,0,False,[],"[{""microbatch"": 2, ""layer_id"": 0, ""resident_bytes"": 95191040, ""offloaded_bytes"": 8388608}]"
667,667,0,FWD,2,0,fwd,1,qkv,fwd_comm_end@1:qkv,FREE,comm:1:1:qkv,33554432,communication,267919360,141328384,101187584,0,0,0,4194304,0,0,0,0,0,0,0,-33554432,0,514629632,-33554432,False,[],"[{""microbatch"": 2, ""layer_id"": 0, ""resident_bytes"": 95191040, ""offloaded_bytes"": 8388608}]"
668,668,0,FWD,2,0,fwd,1,rope,fwd_op_execute@1:rope,MARK,op:1:2:rope,0,,267919360,141328384,101187584,0,0,0,4194304,0,0,0,0,0,0,0,0,0,514629632,0,False,[],"[{""microbatch"": 2, ""layer_id"": 0, ""resident_bytes"": 95191040, ""offloaded_bytes"": 8388608}]"
669,669,0,FWD,2,0,fwd,1,flash,fwd_output@1:3,ALLOC,attn|shard=2:tp|partial=complete|dtype=default,4194304,act_live,267919360,145522688,101187584,0,0,0,4194304,0,0,4194304,0,0,0,0,0,0,518823936,4194304,False,[],"[{""microbatch"": 2, ""layer_id"": 0, ""resident_bytes"": 95191040, ""offloaded_bytes"": 8388608}]"
670,670,0,FWD,2,0,fwd,1,flash,fwd_save@1:3,ALLOC,lse|shard=2:tp|partial=complete|dtype=default,32768,workspace,267919360,145522688,101187584,0,0,0,4227072,0,0,0,0,0,0,0,32768,0,518856704,32768,False,[],"[{""microbatch"": 2, ""layer_id"": 0, ""resident_bytes"": 95191040, ""offloaded_bytes"": 8388608}]"
671,671,0,FWD,2,0,fwd,1,flash,fwd_op@1:flash,ALLOC,workspace:1:3:flash,33554432,workspace,267919360,145522688,101187584,0,0,0,37781504,0,0,0,0,0,0,0,33554432,0,552411136,33554432,False,[],"[{""microbatch"": 2, ""layer_id"": 0, ""resident_bytes"": 95191040, ""offloaded_bytes"": 8388608}]"
672,672,0,FWD,2,0,fwd,1,flash,fwd_op_execute@1:flash,MARK,op:1:3:flash,0,,267919360,145522688,101187584,0,0,0,37781504,0,0,0,0,0,0,0,0,0,552411136,0,False,[],"[{""microbatch"": 2, ""layer_id"": 0, ""resident_bytes"": 95191040, ""offloaded_bytes"": 8388608}]"
673,673,0,FWD,2,0,fwd,1,flash,fwd_op_end@1:flash,FREE,workspace:1:3:flash,33554432,workspace,267919360,145522688,101187584,0,0,0,4227072,0,0,0,0,0,0,0,-33554432,0,518856704,-33554432,False,[],"[{""microbatch"": 2, ""layer_id"": 0, ""resident_bytes"": 95191040, ""offloaded_bytes"": 8388608}]"
674,674,0,FWD,2,0,fwd,1,flash,fwd_value_end@1:flash,FREE,lse|shard=2:tp|partial=complete|dtype=default,32768,workspace,267919360,145522688,101187584,0,0,0,4194304,0,0,0,0,0,0,0,-32768,0,518823936,-32768,False,[],"[{""microbatch"": 2, ""layer_id"": 0, ""resident_bytes"": 95191040, ""offloaded_bytes"": 8388608}]"
675,675,0,FWD,2,0,fwd,1,o_proj,fwd_output@1:4,ALLOC,o|shard=replicated|partial=tp|dtype=default,33554432,workspace,267919360,145522688,101187584,0,0,0,37748736,0,0,0,0,0,0,0,33554432,0,552378368,33554432,False,[],"[{""microbatch"": 2, ""layer_id"": 0, ""resident_bytes"": 95191040, ""offloaded_bytes"": 8388608}]"
676,676,0,FWD,2,0,fwd,1,o_proj,fwd_op_execute@1:o_proj,MARK,op:1:4:o_proj,0,,267919360,145522688,101187584,0,0,0,37748736,0,0,0,0,0,0,0,0,0,552378368,0,False,[],"[{""microbatch"": 2, ""layer_id"": 0, ""resident_bytes"": 95191040, ""offloaded_bytes"": 8388608}]"
677,677,0,FWD,2,0,fwd,1,o_proj,fwd_value_end@1:o_proj,FREE,o|shard=replicated|partial=tp|dtype=default,33554432,workspace,267919360,145522688,101187584,0,0,0,4194304,0,0,0,0,0,0,0,-33554432,0,518823936,-33554432,False,[],"[{""microbatch"": 2, ""layer_id"": 0, ""resident_bytes"": 95191040, ""offloaded_bytes"": 8388608}]"
678,678,0,FWD,2,0,fwd,1,add1,fwd_input@1:5,ALLOC,o|shard=0:tp|partial=complete|dtype=default,4194304,workspace,267919360,145522688,101187584,0,0,0,8388608,0,0,0,0,0,0,0,4194304,0,523018240,4194304,False,[],"[{""microbatch"": 2, ""layer_id"": 0, ""resident_bytes"": 95191040, ""offloaded_bytes"": 8388608}]"
679,679,0,FWD,2,0,fwd,1,add1,fwd_output@1:5,ALLOC,h1|shard=0:tp|partial=complete|dtype=default,4194304,workspace,267919360,145522688,101187584,0,0,0,12582912,0,0,0,0,0,0,0,4194304,0,527212544,4194304,False,[],"[{""microbatch"": 2, ""layer_id"": 0, ""resident_bytes"": 95191040, ""offloaded_bytes"": 8388608}]"
680,680,0,FWD,2,0,fwd,1,add1,fwd_comm@1:add1,ALLOC,comm:1:5:add1,4194304,communication,267919360,145522688,101187584,0,0,0,16777216,0,0,0,0,0,0,0,4194304,0,531406848,4194304,False,[],"[{""microbatch"": 2, ""layer_id"": 0, ""resident_bytes"": 95191040, ""offloaded_bytes"": 8388608}]"
681,681,0,FWD,2,0,fwd,1,add1,fwd_op_execute@1:add1,MARK,op:1:5:add1,0,,267919360,145522688,101187584,0,0,0,16777216,0,0,0,0,0,0,0,0,0,531406848,0,False,[],"[{""microbatch"": 2, ""layer_id"": 0, ""resident_bytes"": 95191040, ""offloaded_bytes"": 8388608}]"
682,682,0,FWD,2,0,fwd,1,add1,fwd_comm_end@1:add1,FREE,comm:1:5:add1,4194304,communication,267919360,145522688,101187584,0,0,0,12582912,0,0,0,0,0,0,0,-4194304,0,527212544,-4194304,False,[],"[{""microbatch"": 2, ""layer_id"": 0, ""resident_bytes"": 95191040, ""offloaded_bytes"": 8388608}]"
683,683,0,FWD,2,0,fwd,1,add1,fwd_value_end@1:add1,FREE,o|shard=0:tp|partial=complete|dtype=default,4194304,workspace,267919360,145522688,101187584,0,0,0,8388608,0,0,0,0,0,0,0,-4194304,0,523018240,-4194304,False,[],"[{""microbatch"": 2, ""layer_id"": 0, ""resident_bytes"": 95191040, ""offloaded_bytes"": 8388608}]"
684,684,0,FWD,2,0,fwd,1,add1,fwd_value_end@1:add1,FREE,x|shard=0:tp|partial=complete|dtype=default,4194304,workspace,267919360,145522688,101187584,0,0,0,4194304,0,0,0,0,0,0,0,-4194304,0,518823936,-4194304,False,[],"[{""microbatch"": 2, ""layer_id"": 0, ""resident_bytes"": 95191040, ""offloaded_bytes"": 8388608}]"
685,685,0,FWD,2,0,fwd,1,ln2,fwd_output@1:6,ALLOC,ln2|shard=0:tp|partial=complete|dtype=default,4194304,workspace,267919360,145522688,101187584,0,0,0,8388608,0,0,0,0,0,0,0,4194304,0,523018240,4194304,False,[],"[{""microbatch"": 2, ""layer_id"": 0, ""resident_bytes"": 95191040, ""offloaded_bytes"": 8388608}]"
686,686,0,FWD,2,0,fwd,1,ln2,fwd_op_execute@1:ln2,MARK,op:1:6:ln2,0,,267919360,145522688,101187584,0,0,0,8388608,0,0,0,0,0,0,0,0,0,523018240,0,False,[],"[{""microbatch"": 2, ""layer_id"": 0, ""resident_bytes"": 95191040, ""offloaded_bytes"": 8388608}]"
687,687,0,FWD,2,0,fwd,1,ln2,fwd_value_end@1:ln2,FREE,ln2|shard=0:tp|partial=complete|dtype=default,4194304,workspace,267919360,145522688,101187584,0,0,0,4194304,0,0,0,0,0,0,0,-4194304,0,518823936,-4194304,False,[],"[{""microbatch"": 2, ""layer_id"": 0, ""resident_bytes"": 95191040, ""offloaded_bytes"": 8388608}]"
688,688,0,FWD,2,0,fwd,1,fc1,fwd_input@1:7,ALLOC,ln2|shard=replicated|partial=complete|dtype=default,33554432,act_live,267919360,179077120,101187584,0,0,0,4194304,0,0,33554432,0,0,0,0,0,0,552378368,33554432,False,[],"[{""microbatch"": 2, ""layer_id"": 0, ""resident_bytes"": 95191040, ""offloaded_bytes"": 8388608}]"
689,689,0,FWD,2,0,fwd,1,fc1,fwd_output@1:7,ALLOC,gate|shard=2:tp|partial=complete|dtype=default,22544384,workspace,267919360,179077120,101187584,0,0,0,26738688,0,0,0,0,0,0,0,22544384,0,574922752,22544384,False,[],"[{""microbatch"": 2, ""layer_id"": 0, ""resident_bytes"": 95191040, ""offloaded_bytes"": 8388608}]"
690,690,0,FWD,2,0,fwd,1,fc1,fwd_comm@1:fc1,ALLOC,comm:1:7:fc1,33554432,communication,267919360,179077120,101187584,0,0,0,60293120,0,0,0,0,0,0,0,33554432,0,608477184,33554432,False,[],"[{""microbatch"": 2, ""layer_id"": 0, ""resident_bytes"": 95191040, ""offloaded_bytes"": 8388608}]"
691,691,0,FWD,2,0,fwd,1,fc1,fwd_op_execute@1:fc1,MARK,op:1:7:fc1,0,,267919360,179077120,101187584,0,0,0,60293120,0,0,0,0,0,0,0,0,0,608477184,0,False,[],"[{""microbatch"": 2, ""layer_id"": 0, ""resident_bytes"": 95191040, ""offloaded_bytes"": 8388608}]"
692,692,0,FWD,2,0,fwd,1,fc1,fwd_comm_end@1:fc1,FREE,comm:1:7:fc1,33554432,communication,267919360,179077120,101187584,0,0,0,26738688,0,0,0,0,0,0,0,-33554432,0,574922752,-33554432,False,[],"[{""microbatch"": 2, ""layer_id"": 0, ""resident_bytes"": 95191040, ""offloaded_bytes"": 8388608}]"
693,693,0,FWD,2,0,fwd,1,swiglu,fwd_output@1:8,ALLOC,act|shard=2:tp|partial=complete|dtype=default,11272192,act_live,267919360,190349312,101187584,0,0,0,26738688,0,0,11272192,0,0,0,0,0,0,586194944,11272192,False,[],"[{""microbatch"": 2, ""layer_id"": 0, ""resident_bytes"": 95191040, ""offloaded_bytes"": 8388608}]"
694,694,0,FWD,2,0,fwd,1,swiglu,fwd_op_execute@1:swiglu,MARK,op:1:8:swiglu,0,,267919360,190349312,101187584,0,0,0,26738688,0,0,0,0,0,0,0,0,0,586194944,0,False,[],"[{""microbatch"": 2, ""layer_id"": 0, ""resident_bytes"": 95191040, ""offloaded_bytes"": 8388608}]"
695,695,0,FWD,2,0,fwd,1,swiglu,fwd_value_end@1:swiglu,FREE,gate|shard=2:tp|partial=complete|dtype=default,22544384,workspace,267919360,190349312,101187584,0,0,0,4194304,0,0,0,0,0,0,0,-22544384,0,563650560,-22544384,False,[],"[{""microbatch"": 2, ""layer_id"": 0, ""resident_bytes"": 95191040, ""offloaded_bytes"": 8388608}]"
696,696,0,FWD,2,0,fwd,1,fc2,fwd_output@1:9,ALLOC,o2|shard=replicated|partial=tp|dtype=default,33554432,workspace,267919360,190349312,101187584,0,0,0,37748736,0,0,0,0,0,0,0,33554432,0,597204992,33554432,False,[],"[{""microbatch"": 2, ""layer_id"": 0, ""resident_bytes"": 95191040, ""offloaded_bytes"": 8388608}]"
697,697,0,FWD,2,0,fwd,1,fc2,fwd_op_execute@1:fc2,MARK,op:1:9:fc2,0,,267919360,190349312,101187584,0,0,0,37748736,0,0,0,0,0,0,0,0,0,597204992,0,False,[],"[{""microbatch"": 2, ""layer_id"": 0, ""resident_bytes"": 95191040, ""offloaded_bytes"": 8388608}]"
698,698,0,FWD,2,0,fwd,1,fc2,fwd_value_end@1:fc2,FREE,o2|shard=replicated|partial=tp|dtype=default,33554432,workspace,267919360,190349312,101187584,0,0,0,4194304,0,0,0,0,0,0,0,-33554432,0,563650560,-33554432,False,[],"[{""microbatch"": 2, ""layer_id"": 0, ""resident_bytes"": 95191040, ""offloaded_bytes"": 8388608}]"
699,699,0,FWD,2,0,fwd,1,add2,fwd_input@1:10,ALLOC,o2|shard=0:tp|partial=complete|dtype=default,4194304,workspace,267919360,190349312,101187584,0,0,0,8388608,0,0,0,0,0,0,0,4194304,0,567844864,4194304,False,[],"[{""microbatch"": 2, ""layer_id"": 0, ""resident_bytes"": 95191040, ""offloaded_bytes"": 8388608}]"
700,700,0,FWD,2,0,fwd,1,add2,fwd_output@1:10,ALLOC,h2|shard=0:tp|partial=complete|dtype=default,4194304,workspace,267919360,190349312,101187584,0,0,0,12582912,0,0,0,0,0,0,0,4194304,0,572039168,4194304,False,[],"[{""microbatch"": 2, ""layer_id"": 0, ""resident_bytes"": 95191040, ""offloaded_bytes"": 8388608}]"
701,701,0,FWD,2,0,fwd,1,add2,fwd_comm@1:add2,ALLOC,comm:1:10:add2,4194304,communication,267919360,190349312,101187584,0,0,0,16777216,0,0,0,0,0,0,0,4194304,0,576233472,4194304,False,[],"[{""microbatch"": 2, ""layer_id"": 0, ""resident_bytes"": 95191040, ""offloaded_bytes"": 8388608}]"
702,702,0,FWD,2,0,fwd,1,add2,fwd_op_execute@1:add2,MARK,op:1:10:add2,0,,267919360,190349312,101187584,0,0,0,16777216,0,0,0,0,0,0,0,0,0,576233472,0,False,[],"[{""microbatch"": 2, ""layer_id"": 0, ""resident_bytes"": 95191040, ""offloaded_bytes"": 8388608}]"
703,703,0,FWD,2,0,fwd,1,add2,fwd_comm_end@1:add2,FREE,comm:1:10:add2,4194304,communication,267919360,190349312,101187584,0,0,0,12582912,0,0,0,0,0,0,0,-4194304,0,572039168,-4194304,False,[],"[{""microbatch"": 2, ""layer_id"": 0, ""resident_bytes"": 95191040, ""offloaded_bytes"": 8388608}]"
704,704,0,FWD,2,0,fwd,1,add2,fwd_value_end@1:add2,FREE,h2|shard=0:tp|partial=complete|dtype=default,4194304,workspace,267919360,190349312,101187584,0,0,0,8388608,0,0,0,0,0,0,0,-4194304,0,567844864,-4194304,False,[],"[{""microbatch"": 2, ""layer_id"": 0, ""resident_bytes"": 95191040, ""offloaded_bytes"": 8388608}]"
705,705,0,FWD,2,0,fwd,1,add2,fwd_value_end@1:add2,FREE,h1|shard=0:tp|partial=complete|dtype=default,4194304,workspace,267919360,190349312,101187584,0,0,0,4194304,0,0,0,0,0,0,0,-4194304,0,563650560,-4194304,False,[],"[{""microbatch"": 2, ""layer_id"": 0, ""resident_bytes"": 95191040, ""offloaded_bytes"": 8388608}]"
706,706,0,FWD,2,0,fwd,1,add2,fwd_value_end@1:add2,FREE,o2|shard=0:tp|partial=complete|dtype=default,4194304,workspace,267919360,190349312,101187584,0,0,0,0,0,0,0,0,0,0,0,-4194304,0,559456256,-4194304,False,[],"[{""microbatch"": 2, ""layer_id"": 0, ""resident_bytes"": 95191040, ""offloaded_bytes"": 8388608}]"
707,707,0,FWD,2,0,fwd,1,,fwd_end@1,,,0,,267919360,190349312,101187584,0,0,0,0,0,0,0,0,0,0,0,0,0,559456256,0,False,[],"[{""microbatch"": 2, ""layer_id"": 0, ""resident_bytes"": 95191040, ""offloaded_bytes"": 8388608}, {""microbatch"": 2, ""layer_id"": 1, ""resident_bytes"": 95158272, ""offloaded_bytes"": 8388608}]"
708,708,0,FWD,2,0,fwd,2,,fwd_gather@2,,,0,,267919360,190349312,101187584,0,0,0,0,0,0,0,0,0,0,0,0,0,559456256,0,False,[],"[{""microbatch"": 2, ""layer_id"": 0, ""resident_bytes"": 95191040, ""offloaded_bytes"": 8388608}, {""microbatch"": 2, ""layer_id"": 1, ""resident_bytes"": 95158272, ""offloaded_bytes"": 8388608}]"
709,709,0,FWD,2,0,fwd,2,ln1,fwd_input@2:0,ALLOC,x|shard=0:tp|partial=complete|dtype=default,4194304,workspace,267919360,190349312,101187584,0,0,0,4194304,0,0,0,0,0,0,0,4194304,0,563650560,4194304,False,[],"[{""microbatch"": 2, ""layer_id"": 0, ""resident_bytes"": 95191040, ""offloaded_bytes"": 8388608}, {""microbatch"": 2, ""layer_id"": 1, ""resident_bytes"": 95158272, ""offloaded_bytes"": 8388608}]"
710,710,0,FWD,2,0,fwd,2,ln1,fwd_output@2:0,ALLOC,ln1|shard=0:tp|partial=complete|dtype=default,4194304,workspace,267919360,190349312,101187584,0,0,0,8388608,0,0,0,0,0,0,0,4194304,0,567844864,4194304,False,[],"[{""microbatch"": 2, ""layer_id"": 0, ""resident_bytes"": 95191040, ""offloaded_bytes"": 8388608}, {""microbatch"": 2, ""layer_id"": 1, ""resident_bytes"": 95158272, ""offloaded_bytes"": 8388608}]"
711,711,0,FWD,2,0,fwd,2,ln1,fwd_op_execute@2:ln1,MARK,op:2:0:ln1,0,,267919360,190349312,101187584,0,0,0,8388608,0,0,0,0,0,0,0,0,0,567844864,0,False,[],"[{""microbatch"": 2, ""layer_id"": 0, ""resident_bytes"": 95191040, ""offloaded_bytes"": 8388608}, {""microbatch"": 2, ""layer_id"": 1, ""resident_bytes"": 95158272, ""offloaded_bytes"": 8388608}]"
712,712,0,FWD,2,0,fwd,2,ln1,fwd_value_end@2:ln1,FREE,ln1|shard=0:tp|partial=complete|dtype=default,4194304,workspace,267919360,190349312,101187584,0,0,0,4194304,0,0,0,0,0,0,0,-4194304,0,563650560,-4194304,False,[],"[{""microbatch"": 2, ""layer_id"": 0, ""resident_bytes"": 95191040, ""offloaded_bytes"": 8388608}, {""microbatch"": 2, ""layer_id"": 1, ""resident_bytes"": 95158272, ""offloaded_bytes"": 8388608}]"
713,713,0,FWD,2,0,fwd,2,qkv,fwd_input@2:1,ALLOC,ln1|shard=replicated|partial=complete|dtype=default,33554432,act_live,267919360,223903744,101187584,0,0,0,4194304,0,0,33554432,0,0,0,0,0,0,597204992,33554432,False,[],"[{""microbatch"": 2, ""layer_id"": 0, ""resident_bytes"": 95191040, ""offloaded_bytes"": 8388608}, {""microbatch"": 2, ""layer_id"": 1, ""resident_bytes"": 95158272, ""offloaded_bytes"": 8388608}]"
714,714,0,FWD,2,0,fwd,2,qkv,fwd_output@2:1,ALLOC,qkv|shard=2:tp|partial=complete|dtype=default,12582912,act_live,267919360,236486656,101187584,0,0,0,4194304,0,0,12582912,0,0,0,0,0,0,609787904,12582912,False,[],"[{""microbatch"": 2, ""layer_id"": 0, ""resident_bytes"": 95191040, ""offloaded_bytes"": 8388608}, {""microbatch"": 2, ""layer_id"": 1, ""resident_bytes"": 95158272, ""offloaded_bytes"": 8388608}]"
715,715,0,FWD,2,0,fwd,2,qkv,fwd_comm@2:qkv,ALLOC,comm:2:1:qkv,33554432,communication,267919360,236486656,101187584,0,0,0,37748736,0,0,0,0,0,0,0,33554432,0,643342336,33554432,False,[],"[{""microbatch"": 2, ""layer_id"": 0, ""resident_bytes"": 95191040, ""offloaded_bytes"": 8388608}, {""microbatch"": 2, ""layer_id"": 1, ""resident_bytes"": 95158272, ""offloaded_bytes"": 8388608}]"
716,716,0,FWD,2,0,fwd,2,qkv,fwd_op_execute@2:qkv,MARK,op:2:1:qkv,0,,267919360,236486656,101187584,0,0,0,37748736,0,0,0,0,0,0,0,0,0,643342336,0,False,[],"[{""microbatch"": 2, ""layer_id"": 0, ""resident_bytes"": 95191040, ""offloaded_bytes"": 8388608}, {""microbatch"": 2, ""layer_id"": 1, ""resident_bytes"": 95158272, ""offloaded_bytes"": 8388608}]"
717,717,0,FWD,2,0,fwd,2,qkv,fwd_comm_end@2:qkv,FREE,comm:2:1:qkv,33554432,communication,267919360,236486656,101187584,0,0,0,4194304,0,0,0,0,0,0,0,-33554432,0,609787904,-33554432,False,[],"[{""microbatch"": 2, ""layer_id"": 0, ""resident_bytes"": 95191040, ""offloaded_bytes"": 8388608}, {""microbatch"": 2, ""layer_id"": 1, ""resident_bytes"": 95158272, ""offloaded_bytes"": 8388608}]"
718,718,0,FWD,2,0,fwd,2,rope,fwd_op_execute@2:rope,MARK,op:2:2:rope,0,,267919360,236486656,101187584,0,0,0,4194304,0,0,0,0,0,0,0,0,0,609787904,0,False,[],"[{""microbatch"": 2, ""layer_id"": 0, ""resident_bytes"": 95191040, ""offloaded_bytes"": 8388608}, {""microbatch"": 2, ""layer_id"": 1, ""resident_bytes"": 95158272, ""offloaded_bytes"": 8388608}]"
719,719,0,FWD,2,0,fwd,2,flash,fwd_output@2:3,ALLOC,attn|shard=2:tp|partial=complete|dtype=default,4194304,act_live,267919360,240680960,101187584,0,0,0,4194304,0,0,4194304,0,0,0,0,0,0,613982208,4194304,False,[],"[{""microbatch"": 2, ""layer_id"": 0, ""resident_bytes"": 95191040, ""offloaded_bytes"": 8388608}, {""microbatch"": 2, ""layer_id"": 1, ""resident_bytes"": 95158272, ""offloaded_bytes"": 8388608}]"
720,720,0,FWD,2,0,fwd,2,flash,fwd_save@2:3,ALLOC,lse|shard=2:tp|partial=complete|dtype=default,32768,workspace,267919360,240680960,101187584,0,0,0,4227072,0,0,0,0,0,0,0,32768,0,614014976,32768,False,[],"[{""microbatch"": 2, ""layer_id"": 0, ""resident_bytes"": 95191040, ""offloaded_bytes"": 8388608}, {""microbatch"": 2, ""layer_id"": 1, ""resident_bytes"": 95158272, ""offloaded_bytes"": 8388608}]"
721,721,0,FWD,2,0,fwd,2,flash,fwd_op@2:flash,ALLOC,workspace:2:3:flash,33554432,workspace,267919360,240680960,101187584,0,0,0,37781504,0,0,0,0,0,0,0,33554432,0,647569408,33554432,False,[],"[{""microbatch"": 2, ""layer_id"": 0, ""resident_bytes"": 95191040, ""offloaded_bytes"": 8388608}, {""microbatch"": 2, ""layer_id"": 1, ""resident_bytes"": 95158272, ""offloaded_bytes"": 8388608}]"
722,722,0,FWD,2,0,fwd,2,flash,fwd_op_execute@2:flash,MARK,op:2:3:flash,0,,267919360,240680960,101187584,0,0,0,37781504,0,0,0,0,0,0,0,0,0,647569408,0,False,[],"[{""microbatch"": 2, ""layer_id"": 0, ""resident_bytes"": 95191040, ""offloaded_bytes"": 8388608}, {""microbatch"": 2, ""layer_id"": 1, ""resident_bytes"": 95158272, ""offloaded_bytes"": 8388608}]"
723,723,0,FWD,2,0,fwd,2,flash,fwd_op_end@2:flash,FREE,workspace:2:3:flash,33554432,workspace,267919360,240680960,101187584,0,0,0,4227072,0,0,0,0,0,0,0,-33554432,0,614014976,-33554432,False,[],"[{""microbatch"": 2, ""layer_id"": 0, ""resident_bytes"": 95191040, ""offloaded_bytes"": 8388608}, {""microbatch"": 2, ""layer_id"": 1, ""resident_bytes"": 95158272, ""offloaded_bytes"": 8388608}]"
724,724,0,FWD,2,0,fwd,2,flash,fwd_value_end@2:flash,FREE,lse|shard=2:tp|partial=complete|dtype=default,32768,workspace,267919360,240680960,101187584,0,0,0,4194304,0,0,0,0,0,0,0,-32768,0,613982208,-32768,False,[],"[{""microbatch"": 2, ""layer_id"": 0, ""resident_bytes"": 95191040, ""offloaded_bytes"": 8388608}, {""microbatch"": 2, ""layer_id"": 1, ""resident_bytes"": 95158272, ""offloaded_bytes"": 8388608}]"
725,725,0,FWD,2,0,fwd,2,o_proj,fwd_output@2:4,ALLOC,o|shard=replicated|partial=tp|dtype=default,33554432,workspace,267919360,240680960,101187584,0,0,0,37748736,0,0,0,0,0,0,0,33554432,0,647536640,33554432,False,[],"[{""microbatch"": 2, ""layer_id"": 0, ""resident_bytes"": 95191040, ""offloaded_bytes"": 8388608}, {""microbatch"": 2, ""layer_id"": 1, ""resident_bytes"": 95158272, ""offloaded_bytes"": 8388608}]"
726,726,0,FWD,2,0,fwd,2,o_proj,fwd_op_execute@2:o_proj,MARK,op:2:4:o_proj,0,,267919360,240680960,101187584,0,0,0,37748736,0,0,0,0,0,0,0,0,0,647536640,0,False,[],"[{""microbatch"": 2, ""layer_id"": 0, ""resident_bytes"": 95191040, ""offloaded_bytes"": 8388608}, {""microbatch"": 2, ""layer_id"": 1, ""resident_bytes"": 95158272, ""offloaded_bytes"": 8388608}]"
727,727,0,FWD,2,0,fwd,2,o_proj,fwd_value_end@2:o_proj,FREE,o|shard=replicated|partial=tp|dtype=default,33554432,workspace,267919360,240680960,101187584,0,0,0,4194304,0,0,0,0,0,0,0,-33554432,0,613982208,-33554432,False,[],"[{""microbatch"": 2, ""layer_id"": 0, ""resident_bytes"": 95191040, ""offloaded_bytes"": 8388608}, {""microbatch"": 2, ""layer_id"": 1, ""resident_bytes"": 95158272, ""offloaded_bytes"": 8388608}]"
728,728,0,FWD,2,0,fwd,2,add1,fwd_input@2:5,ALLOC,o|shard=0:tp|partial=complete|dtype=default,4194304,workspace,267919360,240680960,101187584,0,0,0,8388608,0,0,0,0,0,0,0,4194304,0,618176512,4194304,False,[],"[{""microbatch"": 2, ""layer_id"": 0, ""resident_bytes"": 95191040, ""offloaded_bytes"": 8388608}, {""microbatch"": 2, ""layer_id"": 1, ""resident_bytes"": 95158272, ""offloaded_bytes"": 8388608}]"
729,729,0,FWD,2,0,fwd,2,add1,fwd_output@2:5,ALLOC,h1|shard=0:tp|partial=complete|dtype=default,4194304,workspace,267919360,240680960,101187584,0,0,0,12582912,0,0,0,0,0,0,0,4194304,0,622370816,4194304,False,[],"[{""microbatch"": 2, ""layer_id"": 0, ""resident_bytes"": 95191040, ""offloaded_bytes"": 8388608}, {""microbatch"": 2, ""layer_id"": 1, ""resident_bytes"": 95158272, ""offloaded_bytes"": 8388608}]"
730,730,0,FWD,2,0,fwd,2,add1,fwd_comm@2:add1,ALLOC,comm:2:5:add1,4194304,communication,267919360,240680960,101187584,0,0,0,16777216,0,0,0,0,0,0,0,4194304,0,626565120,4194304,False,[],"[{""microbatch"": 2, ""layer_id"": 0, ""resident_bytes"": 95191040, ""offloaded_bytes"": 8388608}, {""microbatch"": 2, ""layer_id"": 1, ""resident_bytes"": 95158272, ""offloaded_bytes"": 8388608}]"
731,731,0,FWD,2,0,fwd,2,add1,fwd_op_execute@2:add1,MARK,op:2:5:add1,0,,267919360,240680960,101187584,0,0,0,16777216,0,0,0,0,0,0,0,0,0,626565120,0,False,[],"[{""microbatch"": 2, ""layer_id"": 0, ""resident_bytes"": 95191040, ""offloaded_bytes"": 8388608}, {""microbatch"": 2, ""layer_id"": 1, ""resident_bytes"": 95158272, ""offloaded_bytes"": 8388608}]"
732,732,0,FWD,2,0,fwd,2,add1,fwd_comm_end@2:add1,FREE,comm:2:5:add1,4194304,communication,267919360,240680960,101187584,0,0,0,12582912,0,0,0,0,0,0,0,-4194304,0,622370816,-4194304,False,[],"[{""microbatch"": 2, ""layer_id"": 0, ""resident_bytes"": 95191040, ""offloaded_bytes"": 8388608}, {""microbatch"": 2, ""layer_id"": 1, ""resident_bytes"": 95158272, ""offloaded_bytes"": 8388608}]"
733,733,0,FWD,2,0,fwd,2,add1,fwd_value_end@2:add1,FREE,o|shard=0:tp|partial=complete|dtype=default,4194304,workspace,267919360,240680960,101187584,0,0,0,8388608,0,0,0,0,0,0,0,-4194304,0,618176512,-4194304,False,[],"[{""microbatch"": 2, ""layer_id"": 0, ""resident_bytes"": 95191040, ""offloaded_bytes"": 8388608}, {""microbatch"": 2, ""layer_id"": 1, ""resident_bytes"": 95158272, ""offloaded_bytes"": 8388608}]"
734,734,0,FWD,2,0,fwd,2,add1,fwd_value_end@2:add1,FREE,x|shard=0:tp|partial=complete|dtype=default,4194304,workspace,267919360,240680960,101187584,0,0,0,4194304,0,0,0,0,0,0,0,-4194304,0,613982208,-4194304,False,[],"[{""microbatch"": 2, ""layer_id"": 0, ""resident_bytes"": 95191040, ""offloaded_bytes"": 8388608}, {""microbatch"": 2, ""layer_id"": 1, ""resident_bytes"": 95158272, ""offloaded_bytes"": 8388608}]"
735,735,0,FWD,2,0,fwd,2,ln2,fwd_output@2:6,ALLOC,ln2|shard=0:tp|partial=complete|dtype=default,4194304,workspace,267919360,240680960,101187584,0,0,0,8388608,0,0,0,0,0,0,0,4194304,0,618176512,4194304,False,[],"[{""microbatch"": 2, ""layer_id"": 0, ""resident_bytes"": 95191040, ""offloaded_bytes"": 8388608}, {""microbatch"": 2, ""layer_id"": 1, ""resident_bytes"": 95158272, ""offloaded_bytes"": 8388608}]"
736,736,0,FWD,2,0,fwd,2,ln2,fwd_op_execute@2:ln2,MARK,op:2:6:ln2,0,,267919360,240680960,101187584,0,0,0,8388608,0,0,0,0,0,0,0,0,0,618176512,0,False,[],"[{""microbatch"": 2, ""layer_id"": 0, ""resident_bytes"": 95191040, ""offloaded_bytes"": 8388608}, {""microbatch"": 2, ""layer_id"": 1, ""resident_bytes"": 95158272, ""offloaded_bytes"": 8388608}]"
737,737,0,FWD,2,0,fwd,2,ln2,fwd_value_end@2:ln2,FREE,ln2|shard=0:tp|partial=complete|dtype=default,4194304,workspace,267919360,240680960,101187584,0,0,0,4194304,0,0,0,0,0,0,0,-4194304,0,613982208,-4194304,False,[],"[{""microbatch"": 2, ""layer_id"": 0, ""resident_bytes"": 95191040, ""offloaded_bytes"": 8388608}, {""microbatch"": 2, ""layer_id"": 1, ""resident_bytes"": 95158272, ""offloaded_bytes"": 8388608}]"
738,738,0,FWD,2,0,fwd,2,fc1,fwd_input@2:7,ALLOC,ln2|shard=replicated|partial=complete|dtype=default,33554432,act_live,267919360,274235392,101187584,0,0,0,4194304,0,0,33554432,0,0,0,0,0,0,647536640,33554432,False,[],"[{""microbatch"": 2, ""layer_id"": 0, ""resident_bytes"": 95191040, ""offloaded_bytes"": 8388608}, {""microbatch"": 2, ""layer_id"": 1, ""resident_bytes"": 95158272, ""offloaded_bytes"": 8388608}]"
739,739,0,FWD,2,0,fwd,2,fc1,fwd_output@2:7,ALLOC,gate|shard=2:tp|partial=complete|dtype=default,22544384,workspace,267919360,274235392,101187584,0,0,0,26738688,0,0,0,0,0,0,0,22544384,0,670081024,22544384,False,[],"[{""microbatch"": 2, ""layer_id"": 0, ""resident_bytes"": 95191040, ""offloaded_bytes"": 8388608}, {""microbatch"": 2, ""layer_id"": 1, ""resident_bytes"": 95158272, ""offloaded_bytes"": 8388608}]"
740,740,0,FWD,2,0,fwd,2,fc1,fwd_comm@2:fc1,ALLOC,comm:2:7:fc1,33554432,communication,267919360,274235392,101187584,0,0,0,60293120,0,0,0,0,0,0,0,33554432,0,703635456,33554432,False,[],"[{""microbatch"": 2, ""layer_id"": 0, ""resident_bytes"": 95191040, ""offloaded_bytes"": 8388608}, {""microbatch"": 2, ""layer_id"": 1, ""resident_bytes"": 95158272, ""offloaded_bytes"": 8388608}]"
741,741,0,FWD,2,0,fwd,2,fc1,fwd_op_execute@2:fc1,MARK,op:2:7:fc1,0,,267919360,274235392,101187584,0,0,0,60293120,0,0,0,0,0,0,0,0,0,703635456,0,False,[],"[{""microbatch"": 2, ""layer_id"": 0, ""resident_bytes"": 95191040, ""offloaded_bytes"": 8388608}, {""microbatch"": 2, ""layer_id"": 1, ""resident_bytes"": 95158272, ""offloaded_bytes"": 8388608}]"
742,742,0,FWD,2,0,fwd,2,fc1,fwd_comm_end@2:fc1,FREE,comm:2:7:fc1,33554432,communication,267919360,274235392,101187584,0,0,0,26738688,0,0,0,0,0,0,0,-33554432,0,670081024,-33554432,False,[],"[{""microbatch"": 2, ""layer_id"": 0, ""resident_bytes"": 95191040, ""offloaded_bytes"": 8388608}, {""microbatch"": 2, ""layer_id"": 1, ""resident_bytes"": 95158272, ""offloaded_bytes"": 8388608}]"
743,743,0,FWD,2,0,fwd,2,swiglu,fwd_output@2:8,ALLOC,act|shard=2:tp|partial=complete|dtype=default,11272192,act_live,267919360,285507584,101187584,0,0,0,26738688,0,0,11272192,0,0,0,0,0,0,681353216,11272192,False,[],"[{""microbatch"": 2, ""layer_id"": 0, ""resident_bytes"": 95191040, ""offloaded_bytes"": 8388608}, {""microbatch"": 2, ""layer_id"": 1, ""resident_bytes"": 95158272, ""offloaded_bytes"": 8388608}]"
744,744,0,FWD,2,0,fwd,2,swiglu,fwd_op_execute@2:swiglu,MARK,op:2:8:swiglu,0,,267919360,285507584,101187584,0,0,0,26738688,0,0,0,0,0,0,0,0,0,681353216,0,False,[],"[{""microbatch"": 2, ""layer_id"": 0, ""resident_bytes"": 95191040, ""offloaded_bytes"": 8388608}, {""microbatch"": 2, ""layer_id"": 1, ""resident_bytes"": 95158272, ""offloaded_bytes"": 8388608}]"
745,745,0,FWD,2,0,fwd,2,swiglu,fwd_value_end@2:swiglu,FREE,gate|shard=2:tp|partial=complete|dtype=default,22544384,workspace,267919360,285507584,101187584,0,0,0,4194304,0,0,0,0,0,0,0,-22544384,0,658808832,-22544384,False,[],"[{""microbatch"": 2, ""layer_id"": 0, ""resident_bytes"": 95191040, ""offloaded_bytes"": 8388608}, {""microbatch"": 2, ""layer_id"": 1, ""resident_bytes"": 95158272, ""offloaded_bytes"": 8388608}]"
746,746,0,FWD,2,0,fwd,2,fc2,fwd_output@2:9,ALLOC,o2|shard=replicated|partial=tp|dtype=default,33554432,workspace,267919360,285507584,101187584,0,0,0,37748736,0,0,0,0,0,0,0,33554432,0,692363264,33554432,False,[],"[{""microbatch"": 2, ""layer_id"": 0, ""resident_bytes"": 95191040, ""offloaded_bytes"": 8388608}, {""microbatch"": 2, ""layer_id"": 1, ""resident_bytes"": 95158272, ""offloaded_bytes"": 8388608}]"
747,747,0,FWD,2,0,fwd,2,fc2,fwd_op_execute@2:fc2,MARK,op:2:9:fc2,0,,267919360,285507584,101187584,0,0,0,37748736,0,0,0,0,0,0,0,0,0,692363264,0,False,[],"[{""microbatch"": 2, ""layer_id"": 0, ""resident_bytes"": 95191040, ""offloaded_bytes"": 8388608}, {""microbatch"": 2, ""layer_id"": 1, ""resident_bytes"": 95158272, ""offloaded_bytes"": 8388608}]"
748,748,0,FWD,2,0,fwd,2,fc2,fwd_value_end@2:fc2,FREE,o2|shard=replicated|partial=tp|dtype=default,33554432,workspace,267919360,285507584,101187584,0,0,0,4194304,0,0,0,0,0,0,0,-33554432,0,658808832,-33554432,False,[],"[{""microbatch"": 2, ""layer_id"": 0, ""resident_bytes"": 95191040, ""offloaded_bytes"": 8388608}, {""microbatch"": 2, ""layer_id"": 1, ""resident_bytes"": 95158272, ""offloaded_bytes"": 8388608}]"
749,749,0,FWD,2,0,fwd,2,add2,fwd_input@2:10,ALLOC,o2|shard=0:tp|partial=complete|dtype=default,4194304,workspace,267919360,285507584,101187584,0,0,0,8388608,0,0,0,0,0,0,0,4194304,0,663003136,4194304,False,[],"[{""microbatch"": 2, ""layer_id"": 0, ""resident_bytes"": 95191040, ""offloaded_bytes"": 8388608}, {""microbatch"": 2, ""layer_id"": 1, ""resident_bytes"": 95158272, ""offloaded_bytes"": 8388608}]"
750,750,0,FWD,2,0,fwd,2,add2,fwd_output@2:10,ALLOC,h2|shard=0:tp|partial=complete|dtype=default,4194304,workspace,267919360,285507584,101187584,0,0,0,12582912,0,0,0,0,0,0,0,4194304,0,667197440,4194304,False,[],"[{""microbatch"": 2, ""layer_id"": 0, ""resident_bytes"": 95191040, ""offloaded_bytes"": 8388608}, {""microbatch"": 2, ""layer_id"": 1, ""resident_bytes"": 95158272, ""offloaded_bytes"": 8388608}]"
751,751,0,FWD,2,0,fwd,2,add2,fwd_comm@2:add2,ALLOC,comm:2:10:add2,4194304,communication,267919360,285507584,101187584,0,0,0,16777216,0,0,0,0,0,0,0,4194304,0,671391744,4194304,False,[],"[{""microbatch"": 2, ""layer_id"": 0, ""resident_bytes"": 95191040, ""offloaded_bytes"": 8388608}, {""microbatch"": 2, ""layer_id"": 1, ""resident_bytes"": 95158272, ""offloaded_bytes"": 8388608}]"
752,752,0,FWD,2,0,fwd,2,add2,fwd_op_execute@2:add2,MARK,op:2:10:add2,0,,267919360,285507584,101187584,0,0,0,16777216,0,0,0,0,0,0,0,0,0,671391744,0,False,[],"[{""microbatch"": 2, ""layer_id"": 0, ""resident_bytes"": 95191040, ""offloaded_bytes"": 8388608}, {""microbatch"": 2, ""layer_id"": 1, ""resident_bytes"": 95158272, ""offloaded_bytes"": 8388608}]"
753,753,0,FWD,2,0,fwd,2,add2,fwd_comm_end@2:add2,FREE,comm:2:10:add2,4194304,communication,267919360,285507584,101187584,0,0,0,12582912,0,0,0,0,0,0,0,-4194304,0,667197440,-4194304,False,[],"[{""microbatch"": 2, ""layer_id"": 0, ""resident_bytes"": 95191040, ""offloaded_bytes"": 8388608}, {""microbatch"": 2, ""layer_id"": 1, ""resident_bytes"": 95158272, ""offloaded_bytes"": 8388608}]"
754,754,0,FWD,2,0,fwd,2,add2,fwd_value_end@2:add2,FREE,h2|shard=0:tp|partial=complete|dtype=default,4194304,workspace,267919360,285507584,101187584,0,0,0,8388608,0,0,0,0,0,0,0,-4194304,0,663003136,-4194304,False,[],"[{""microbatch"": 2, ""layer_id"": 0, ""resident_bytes"": 95191040, ""offloaded_bytes"": 8388608}, {""microbatch"": 2, ""layer_id"": 1, ""resident_bytes"": 95158272, ""offloaded_bytes"": 8388608}]"
755,755,0,FWD,2,0,fwd,2,add2,fwd_value_end@2:add2,FREE,h1|shard=0:tp|partial=complete|dtype=default,4194304,workspace,267919360,285507584,101187584,0,0,0,4194304,0,0,0,0,0,0,0,-4194304,0,658808832,-4194304,False,[],"[{""microbatch"": 2, ""layer_id"": 0, ""resident_bytes"": 95191040, ""offloaded_bytes"": 8388608}, {""microbatch"": 2, ""layer_id"": 1, ""resident_bytes"": 95158272, ""offloaded_bytes"": 8388608}]"
756,756,0,FWD,2,0,fwd,2,add2,fwd_value_end@2:add2,FREE,o2|shard=0:tp|partial=complete|dtype=default,4194304,workspace,267919360,285507584,101187584,0,0,0,0,0,0,0,0,0,0,0,-4194304,0,654614528,-4194304,False,[],"[{""microbatch"": 2, ""layer_id"": 0, ""resident_bytes"": 95191040, ""offloaded_bytes"": 8388608}, {""microbatch"": 2, ""layer_id"": 1, ""resident_bytes"": 95158272, ""offloaded_bytes"": 8388608}]"
757,757,0,FWD,2,0,fwd,2,,fwd_end@2,,,0,,267919360,285507584,101187584,0,0,0,0,0,0,0,0,0,0,0,0,0,654614528,0,False,[],"[{""microbatch"": 2, ""layer_id"": 0, ""resident_bytes"": 95191040, ""offloaded_bytes"": 8388608}, {""microbatch"": 2, ""layer_id"": 1, ""resident_bytes"": 95158272, ""offloaded_bytes"": 8388608}, {""microbatch"": 2, ""layer_id"": 2, ""resident_bytes"": 95158272, ""offloaded_bytes"": 8388608}]"
758,758,0,FWD,2,0,fwd,3,,fwd_gather@3,,,0,,267919360,285507584,50593792,0,0,0,0,0,0,0,-50593792,0,0,0,0,0,604020736,-50593792,False,[],"[{""microbatch"": 2, ""layer_id"": 0, ""resident_bytes"": 95191040, ""offloaded_bytes"": 8388608}, {""microbatch"": 2, ""layer_id"": 1, ""resident_bytes"": 95158272, ""offloaded_bytes"": 8388608}, {""microbatch"": 2, ""layer_id"": 2, ""resident_bytes"": 95158272, ""offloaded_bytes"": 8388608}]"
759,759,0,FWD,2,0,fwd,3,ln1,fwd_input@3:0,ALLOC,x|shard=0:tp|partial=complete|dtype=default,4194304,workspace,267919360,285507584,50593792,0,0,0,4194304,0,0,0,0,0,0,0,4194304,0,608215040,4194304,False,[],"[{""microbatch"": 2, ""layer_id"": 0, ""resident_bytes"": 95191040, ""offloaded_bytes"": 8388608}, {""microbatch"": 2, ""layer_id"": 1, ""resident_bytes"": 95158272, ""offloaded_bytes"": 8388608}, {""microbatch"": 2, ""layer_id"": 2, ""resident_bytes"": 95158272, ""offloaded_bytes"": 8388608}]"
760,760,0,FWD,2,0,fwd,3,ln1,fwd_output@3:0,ALLOC,ln1|shard=0:tp|partial=complete|dtype=default,4194304,workspace,267919360,285507584,50593792,0,0,0,8388608,0,0,0,0,0,0,0,4194304,0,612409344,4194304,False,[],"[{""microbatch"": 2, ""layer_id"": 0, ""resident_bytes"": 95191040, ""offloaded_bytes"": 8388608}, {""microbatch"": 2, ""layer_id"": 1, ""resident_bytes"": 95158272, ""offloaded_bytes"": 8388608}, {""microbatch"": 2, ""layer_id"": 2, ""resident_bytes"": 95158272, ""offloaded_bytes"": 8388608}]"
761,761,0,FWD,2,0,fwd,3,ln1,fwd_op_execute@3:ln1,MARK,op:3:0:ln1,0,,267919360,285507584,50593792,0,0,0,8388608,0,0,0,0,0,0,0,0,0,612409344,0,False,[],"[{""microbatch"": 2, ""layer_id"": 0, ""resident_bytes"": 95191040, ""offloaded_bytes"": 8388608}, {""microbatch"": 2, ""layer_id"": 1, ""resident_bytes"": 95158272, ""offloaded_bytes"": 8388608}, {""microbatch"": 2, ""layer_id"": 2, ""resident_bytes"": 95158272, ""offloaded_bytes"": 8388608}]"
762,762,0,FWD,2,0,fwd,3,ln1,fwd_value_end@3:ln1,FREE,ln1|shard=0:tp|partial=complete|dtype=default,4194304,workspace,267919360,285507584,50593792,0,0,0,4194304,0,0,0,0,0,0,0,-4194304,0,608215040,-4194304,False,[],"[{""microbatch"": 2, ""layer_id"": 0, ""resident_bytes"": 95191040, ""offloaded_bytes"": 8388608}, {""microbatch"": 2, ""layer_id"": 1, ""resident_bytes"": 95158272, ""offloaded_bytes"": 8388608}, {""microbatch"": 2, ""layer_id"": 2, ""resident_bytes"": 95158272, ""offloaded_bytes"": 8388608}]"
763,763,0,FWD,2,0,fwd,3,qkv,fwd_input@3:1,ALLOC,ln1|shard=replicated|partial=complete|dtype=default,33554432,act_live,267919360,319062016,50593792,0,0,0,4194304,0,0,33554432,0,0,0,0,0,0,641769472,33554432,False,[],"[{""microbatch"": 2, ""layer_id"": 0, ""resident_bytes"": 95191040, ""offloaded_bytes"": 8388608}, {""microbatch"": 2, ""layer_id"": 1, ""resident_bytes"": 95158272, ""offloaded_bytes"": 8388608}, {""microbatch"": 2, ""layer_id"": 2, ""resident_bytes"": 95158272, ""offloaded_bytes"": 8388608}]"
764,764,0,FWD,2,0,fwd,3,qkv,fwd_output@3:1,ALLOC,qkv|shard=2:tp|partial=complete|dtype=default,12582912,act_live,267919360,331644928,50593792,0,0,0,4194304,0,0,12582912,0,0,0,0,0,0,654352384,12582912,False,[],"[{""microbatch"": 2, ""layer_id"": 0, ""resident_bytes"": 95191040, ""offloaded_bytes"": 8388608}, {""microbatch"": 2, ""layer_id"": 1, ""resident_bytes"": 95158272, ""offloaded_bytes"": 8388608}, {""microbatch"": 2, ""layer_id"": 2, ""resident_bytes"": 95158272, ""offloaded_bytes"": 8388608}]"
765,765,0,FWD,2,0,fwd,3,qkv,fwd_comm@3:qkv,ALLOC,comm:3:1:qkv,33554432,communication,267919360,331644928,50593792,0,0,0,37748736,0,0,0,0,0,0,0,33554432,0,687906816,33554432,False,[],"[{""microbatch"": 2, ""layer_id"": 0, ""resident_bytes"": 95191040, ""offloaded_bytes"": 8388608}, {""microbatch"": 2, ""layer_id"": 1, ""resident_bytes"": 95158272, ""offloaded_bytes"": 8388608}, {""microbatch"": 2, ""layer_id"": 2, ""resident_bytes"": 95158272, ""offloaded_bytes"": 8388608}]"
766,766,0,FWD,2,0,fwd,3,qkv,fwd_op_execute@3:qkv,MARK,op:3:1:qkv,0,,267919360,331644928,50593792,0,0,0,37748736,0,0,0,0,0,0,0,0,0,687906816,0,False,[],"[{""microbatch"": 2, ""layer_id"": 0, ""resident_bytes"": 95191040, ""offloaded_bytes"": 8388608}, {""microbatch"": 2, ""layer_id"": 1, ""resident_bytes"": 95158272, ""offloaded_bytes"": 8388608}, {""microbatch"": 2, ""layer_id"": 2, ""resident_bytes"": 95158272, ""offloaded_bytes"": 8388608}]"
767,767,0,FWD,2,0,fwd,3,qkv,fwd_comm_end@3:qkv,FREE,comm:3:1:qkv,33554432,communication,267919360,331644928,50593792,0,0,0,4194304,0,0,0,0,0,0,0,-33554432,0,654352384,-33554432,False,[],"[{""microbatch"": 2, ""layer_id"": 0, ""resident_bytes"": 95191040, ""offloaded_bytes"": 8388608}, {""microbatch"": 2, ""layer_id"": 1, ""resident_bytes"": 95158272, ""offloaded_bytes"": 8388608}, {""microbatch"": 2, ""layer_id"": 2, ""resident_bytes"": 95158272, ""offloaded_bytes"": 8388608}]"
768,768,0,FWD,2,0,fwd,3,rope,fwd_op_execute@3:rope,MARK,op:3:2:rope,0,,267919360,331644928,50593792,0,0,0,4194304,0,0,0,0,0,0,0,0,0,654352384,0,False,[],"[{""microbatch"": 2, ""layer_id"": 0, ""resident_bytes"": 95191040, ""offloaded_bytes"": 8388608}, {""microbatch"": 2, ""layer_id"": 1, ""resident_bytes"": 95158272, ""offloaded_bytes"": 8388608}, {""microbatch"": 2, ""layer_id"": 2, ""resident_bytes"": 95158272, ""offloaded_bytes"": 8388608}]"
769,769,0,FWD,2,0,fwd,3,flash,fwd_output@3:3,ALLOC,attn|shard=2:tp|partial=complete|dtype=default,4194304,act_live,267919360,335839232,50593792,0,0,0,4194304,0,0,4194304,0,0,0,0,0,0,658546688,4194304,False,[],"[{""microbatch"": 2, ""layer_id"": 0, ""resident_bytes"": 95191040, ""offloaded_bytes"": 8388608}, {""microbatch"": 2, ""layer_id"": 1, ""resident_bytes"": 95158272, ""offloaded_bytes"": 8388608}, {""microbatch"": 2, ""layer_id"": 2, ""resident_bytes"": 95158272, ""offloaded_bytes"": 8388608}]"
770,770,0,FWD,2,0,fwd,3,flash,fwd_save@3:3,ALLOC,lse|shard=2:tp|partial=complete|dtype=default,32768,workspace,267919360,335839232,50593792,0,0,0,4227072,0,0,0,0,0,0,0,32768,0,658579456,32768,False,[],"[{""microbatch"": 2, ""layer_id"": 0, ""resident_bytes"": 95191040, ""offloaded_bytes"": 8388608}, {""microbatch"": 2, ""layer_id"": 1, ""resident_bytes"": 95158272, ""offloaded_bytes"": 8388608}, {""microbatch"": 2, ""layer_id"": 2, ""resident_bytes"": 95158272, ""offloaded_bytes"": 8388608}]"
771,771,0,FWD,2,0,fwd,3,flash,fwd_op@3:flash,ALLOC,workspace:3:3:flash,33554432,workspace,267919360,335839232,50593792,0,0,0,37781504,0,0,0,0,0,0,0,33554432,0,692133888,33554432,False,[],"[{""microbatch"": 2, ""layer_id"": 0, ""resident_bytes"": 95191040, ""offloaded_bytes"": 8388608}, {""microbatch"": 2, ""layer_id"": 1, ""resident_bytes"": 95158272, ""offloaded_bytes"": 8388608}, {""microbatch"": 2, ""layer_id"": 2, ""resident_bytes"": 95158272, ""offloaded_bytes"": 8388608}]"
772,772,0,FWD,2,0,fwd,3,flash,fwd_op_execute@3:flash,MARK,op:3:3:flash,0,,267919360,335839232,50593792,0,0,0,37781504,0,0,0,0,0,0,0,0,0,692133888,0,False,[],"[{""microbatch"": 2, ""layer_id"": 0, ""resident_bytes"": 95191040, ""offloaded_bytes"": 8388608}, {""microbatch"": 2, ""layer_id"": 1, ""resident_bytes"": 95158272, ""offloaded_bytes"": 8388608}, {""microbatch"": 2, ""layer_id"": 2, ""resident_bytes"": 95158272, ""offloaded_bytes"": 8388608}]"
773,773,0,FWD,2,0,fwd,3,flash,fwd_op_end@3:flash,FREE,workspace:3:3:flash,33554432,workspace,267919360,335839232,50593792,0,0,0,4227072,0,0,0,0,0,0,0,-33554432,0,658579456,-33554432,False,[],"[{""microbatch"": 2, ""layer_id"": 0, ""resident_bytes"": 95191040, ""offloaded_bytes"": 8388608}, {""microbatch"": 2, ""layer_id"": 1, ""resident_bytes"": 95158272, ""offloaded_bytes"": 8388608}, {""microbatch"": 2, ""layer_id"": 2, ""resident_bytes"": 95158272, ""offloaded_bytes"": 8388608}]"
774,774,0,FWD,2,0,fwd,3,flash,fwd_value_end@3:flash,FREE,lse|shard=2:tp|partial=complete|dtype=default,32768,workspace,267919360,335839232,50593792,0,0,0,4194304,0,0,0,0,0,0,0,-32768,0,658546688,-32768,False,[],"[{""microbatch"": 2, ""layer_id"": 0, ""resident_bytes"": 95191040, ""offloaded_bytes"": 8388608}, {""microbatch"": 2, ""layer_id"": 1, ""resident_bytes"": 95158272, ""offloaded_bytes"": 8388608}, {""microbatch"": 2, ""layer_id"": 2, ""resident_bytes"": 95158272, ""offloaded_bytes"": 8388608}]"
775,775,0,FWD,2,0,fwd,3,o_proj,fwd_output@3:4,ALLOC,o|shard=replicated|partial=tp|dtype=default,33554432,workspace,267919360,335839232,50593792,0,0,0,37748736,0,0,0,0,0,0,0,33554432,0,692101120,33554432,False,[],"[{""microbatch"": 2, ""layer_id"": 0, ""resident_bytes"": 95191040, ""offloaded_bytes"": 8388608}, {""microbatch"": 2, ""layer_id"": 1, ""resident_bytes"": 95158272, ""offloaded_bytes"": 8388608}, {""microbatch"": 2, ""layer_id"": 2, ""resident_bytes"": 95158272, ""offloaded_bytes"": 8388608}]"
776,776,0,FWD,2,0,fwd,3,o_proj,fwd_op_execute@3:o_proj,MARK,op:3:4:o_proj,0,,267919360,335839232,50593792,0,0,0,37748736,0,0,0,0,0,0,0,0,0,692101120,0,False,[],"[{""microbatch"": 2, ""layer_id"": 0, ""resident_bytes"": 95191040, ""offloaded_bytes"": 8388608}, {""microbatch"": 2, ""layer_id"": 1, ""resident_bytes"": 95158272, ""offloaded_bytes"": 8388608}, {""microbatch"": 2, ""layer_id"": 2, ""resident_bytes"": 95158272, ""offloaded_bytes"": 8388608}]"
777,777,0,FWD,2,0,fwd,3,o_proj,fwd_value_end@3:o_proj,FREE,o|shard=replicated|partial=tp|dtype=default,33554432,workspace,267919360,335839232,50593792,0,0,0,4194304,0,0,0,0,0,0,0,-33554432,0,658546688,-33554432,False,[],"[{""microbatch"": 2, ""layer_id"": 0, ""resident_bytes"": 95191040, ""offloaded_bytes"": 8388608}, {""microbatch"": 2, ""layer_id"": 1, ""resident_bytes"": 95158272, ""offloaded_bytes"": 8388608}, {""microbatch"": 2, ""layer_id"": 2, ""resident_bytes"": 95158272, ""offloaded_bytes"": 8388608}]"
778,778,0,FWD,2,0,fwd,3,add1,fwd_input@3:5,ALLOC,o|shard=0:tp|partial=complete|dtype=default,4194304,workspace,267919360,335839232,50593792,0,0,0,8388608,0,0,0,0,0,0,0,4194304,0,662740992,4194304,False,[],"[{""microbatch"": 2, ""layer_id"": 0, ""resident_bytes"": 95191040, ""offloaded_bytes"": 8388608}, {""microbatch"": 2, ""layer_id"": 1, ""resident_bytes"": 95158272, ""offloaded_bytes"": 8388608}, {""microbatch"": 2, ""layer_id"": 2, ""resident_bytes"": 95158272, ""offloaded_bytes"": 8388608}]"
779,779,0,FWD,2,0,fwd,3,add1,fwd_output@3:5,ALLOC,h1|shard=0:tp|partial=complete|dtype=default,4194304,workspace,267919360,335839232,50593792,0,0,0,12582912,0,0,0,0,0,0,0,4194304,0,666935296,4194304,False,[],"[{""microbatch"": 2, ""layer_id"": 0, ""resident_bytes"": 95191040, ""offloaded_bytes"": 8388608}, {""microbatch"": 2, ""layer_id"": 1, ""resident_bytes"": 95158272, ""offloaded_bytes"": 8388608}, {""microbatch"": 2, ""layer_id"": 2, ""resident_bytes"": 95158272, ""offloaded_bytes"": 8388608}]"
780,780,0,FWD,2,0,fwd,3,add1,fwd_comm@3:add1,ALLOC,comm:3:5:add1,4194304,communication,267919360,335839232,50593792,0,0,0,16777216,0,0,0,0,0,0,0,4194304,0,671129600,4194304,False,[],"[{""microbatch"": 2, ""layer_id"": 0, ""resident_bytes"": 95191040, ""offloaded_bytes"": 8388608}, {""microbatch"": 2, ""layer_id"": 1, ""resident_bytes"": 95158272, ""offloaded_bytes"": 8388608}, {""microbatch"": 2, ""layer_id"": 2, ""resident_bytes"": 95158272, ""offloaded_bytes"": 8388608}]"
781,781,0,FWD,2,0,fwd,3,add1,fwd_op_execute@3:add1,MARK,op:3:5:add1,0,,267919360,335839232,50593792,0,0,0,16777216,0,0,0,0,0,0,0,0,0,671129600,0,False,[],"[{""microbatch"": 2, ""layer_id"": 0, ""resident_bytes"": 95191040, ""offloaded_bytes"": 8388608}, {""microbatch"": 2, ""layer_id"": 1, ""resident_bytes"": 95158272, ""offloaded_bytes"": 8388608}, {""microbatch"": 2, ""layer_id"": 2, ""resident_bytes"": 95158272, ""offloaded_bytes"": 8388608}]"
782,782,0,FWD,2,0,fwd,3,add1,fwd_comm_end@3:add1,FREE,comm:3:5:add1,4194304,communication,267919360,335839232,50593792,0,0,0,12582912,0,0,0,0,0,0,0,-4194304,0,666935296,-4194304,False,[],"[{""microbatch"": 2, ""layer_id"": 0, ""resident_bytes"": 95191040, ""offloaded_bytes"": 8388608}, {""microbatch"": 2, ""layer_id"": 1, ""resident_bytes"": 95158272, ""offloaded_bytes"": 8388608}, {""microbatch"": 2, ""layer_id"": 2, ""resident_bytes"": 95158272, ""offloaded_bytes"": 8388608}]"
783,783,0,FWD,2,0,fwd,3,add1,fwd_value_end@3:add1,FREE,o|shard=0:tp|partial=complete|dtype=default,4194304,workspace,267919360,335839232,50593792,0,0,0,8388608,0,0,0,0,0,0,0,-4194304,0,662740992,-4194304,False,[],"[{""microbatch"": 2, ""layer_id"": 0, ""resident_bytes"": 95191040, ""offloaded_bytes"": 8388608}, {""microbatch"": 2, ""layer_id"": 1, ""resident_bytes"": 95158272, ""offloaded_bytes"": 8388608}, {""microbatch"": 2, ""layer_id"": 2, ""resident_bytes"": 95158272, ""offloaded_bytes"": 8388608}]"
784,784,0,FWD,2,0,fwd,3,add1,fwd_value_end@3:add1,FREE,x|shard=0:tp|partial=complete|dtype=default,4194304,workspace,267919360,335839232,50593792,0,0,0,4194304,0,0,0,0,0,0,0,-4194304,0,658546688,-4194304,False,[],"[{""microbatch"": 2, ""layer_id"": 0, ""resident_bytes"": 95191040, ""offloaded_bytes"": 8388608}, {""microbatch"": 2, ""layer_id"": 1, ""resident_bytes"": 95158272, ""offloaded_bytes"": 8388608}, {""microbatch"": 2, ""layer_id"": 2, ""resident_bytes"": 95158272, ""offloaded_bytes"": 8388608}]"
785,785,0,FWD,2,0,fwd,3,ln2,fwd_output@3:6,ALLOC,ln2|shard=0:tp|partial=complete|dtype=default,4194304,workspace,267919360,335839232,50593792,0,0,0,8388608,0,0,0,0,0,0,0,4194304,0,662740992,4194304,False,[],"[{""microbatch"": 2, ""layer_id"": 0, ""resident_bytes"": 95191040, ""offloaded_bytes"": 8388608}, {""microbatch"": 2, ""layer_id"": 1, ""resident_bytes"": 95158272, ""offloaded_bytes"": 8388608}, {""microbatch"": 2, ""layer_id"": 2, ""resident_bytes"": 95158272, ""offloaded_bytes"": 8388608}]"
786,786,0,FWD,2,0,fwd,3,ln2,fwd_op_execute@3:ln2,MARK,op:3:6:ln2,0,,267919360,335839232,50593792,0,0,0,8388608,0,0,0,0,0,0,0,0,0,662740992,0,False,[],"[{""microbatch"": 2, ""layer_id"": 0, ""resident_bytes"": 95191040, ""offloaded_bytes"": 8388608}, {""microbatch"": 2, ""layer_id"": 1, ""resident_bytes"": 95158272, ""offloaded_bytes"": 8388608}, {""microbatch"": 2, ""layer_id"": 2, ""resident_bytes"": 95158272, ""offloaded_bytes"": 8388608}]"
787,787,0,FWD,2,0,fwd,3,ln2,fwd_value_end@3:ln2,FREE,ln2|shard=0:tp|partial=complete|dtype=default,4194304,workspace,267919360,335839232,50593792,0,0,0,4194304,0,0,0,0,0,0,0,-4194304,0,658546688,-4194304,False,[],"[{""microbatch"": 2, ""layer_id"": 0, ""resident_bytes"": 95191040, ""offloaded_bytes"": 8388608}, {""microbatch"": 2, ""layer_id"": 1, ""resident_bytes"": 95158272, ""offloaded_bytes"": 8388608}, {""microbatch"": 2, ""layer_id"": 2, ""resident_bytes"": 95158272, ""offloaded_bytes"": 8388608}]"
788,788,0,FWD,2,0,fwd,3,fc1,fwd_input@3:7,ALLOC,ln2|shard=replicated|partial=complete|dtype=default,33554432,act_live,267919360,369393664,50593792,0,0,0,4194304,0,0,33554432,0,0,0,0,0,0,692101120,33554432,False,[],"[{""microbatch"": 2, ""layer_id"": 0, ""resident_bytes"": 95191040, ""offloaded_bytes"": 8388608}, {""microbatch"": 2, ""layer_id"": 1, ""resident_bytes"": 95158272, ""offloaded_bytes"": 8388608}, {""microbatch"": 2, ""layer_id"": 2, ""resident_bytes"": 95158272, ""offloaded_bytes"": 8388608}]"
789,789,0,FWD,2,0,fwd,3,fc1,fwd_output@3:7,ALLOC,gate|shard=2:tp|partial=complete|dtype=default,22544384,workspace,267919360,369393664,50593792,0,0,0,26738688,0,0,0,0,0,0,0,22544384,0,714645504,22544384,False,[],"[{""microbatch"": 2, ""layer_id"": 0, ""resident_bytes"": 95191040, ""offloaded_bytes"": 8388608}, {""microbatch"": 2, ""layer_id"": 1, ""resident_bytes"": 95158272, ""offloaded_bytes"": 8388608}, {""microbatch"": 2, ""layer_id"": 2, ""resident_bytes"": 95158272, ""offloaded_bytes"": 8388608}]"
790,790,0,FWD,2,0,fwd,3,fc1,fwd_comm@3:fc1,ALLOC,comm:3:7:fc1,33554432,communication,267919360,369393664,50593792,0,0,0,60293120,0,0,0,0,0,0,0,33554432,0,748199936,33554432,False,[],"[{""microbatch"": 2, ""layer_id"": 0, ""resident_bytes"": 95191040, ""offloaded_bytes"": 8388608}, {""microbatch"": 2, ""layer_id"": 1, ""resident_bytes"": 95158272, ""offloaded_bytes"": 8388608}, {""microbatch"": 2, ""layer_id"": 2, ""resident_bytes"": 95158272, ""offloaded_bytes"": 8388608}]"
791,791,0,FWD,2,0,fwd,3,fc1,fwd_op_execute@3:fc1,MARK,op:3:7:fc1,0,,267919360,369393664,50593792,0,0,0,60293120,0,0,0,0,0,0,0,0,0,748199936,0,False,[],"[{""microbatch"": 2, ""layer_id"": 0, ""resident_bytes"": 95191040, ""offloaded_bytes"": 8388608}, {""microbatch"": 2, ""layer_id"": 1, ""resident_bytes"": 95158272, ""offloaded_bytes"": 8388608}, {""microbatch"": 2, ""layer_id"": 2, ""resident_bytes"": 95158272, ""offloaded_bytes"": 8388608}]"
792,792,0,FWD,2,0,fwd,3,fc1,fwd_comm_end@3:fc1,FREE,comm:3:7:fc1,33554432,communication,267919360,369393664,50593792,0,0,0,26738688,0,0,0,0,0,0,0,-33554432,0,714645504,-33554432,False,[],"[{""microbatch"": 2, ""layer_id"": 0, ""resident_bytes"": 95191040, ""offloaded_bytes"": 8388608}, {""microbatch"": 2, ""layer_id"": 1, ""resident_bytes"": 95158272, ""offloaded_bytes"": 8388608}, {""microbatch"": 2, ""layer_id"": 2, ""resident_bytes"": 95158272, ""offloaded_bytes"": 8388608}]"
793,793,0,FWD,2,0,fwd,3,swiglu,fwd_output@3:8,ALLOC,act|shard=2:tp|partial=complete|dtype=default,11272192,act_live,267919360,380665856,50593792,0,0,0,26738688,0,0,11272192,0,0,0,0,0,0,725917696,11272192,False,[],"[{""microbatch"": 2, ""layer_id"": 0, ""resident_bytes"": 95191040, ""offloaded_bytes"": 8388608}, {""microbatch"": 2, ""layer_id"": 1, ""resident_bytes"": 95158272, ""offloaded_bytes"": 8388608}, {""microbatch"": 2, ""layer_id"": 2, ""resident_bytes"": 95158272, ""offloaded_bytes"": 8388608}]"
794,794,0,FWD,2,0,fwd,3,swiglu,fwd_op_execute@3:swiglu,MARK,op:3:8:swiglu,0,,267919360,380665856,50593792,0,0,0,26738688,0,0,0,0,0,0,0,0,0,725917696,0,False,[],"[{""microbatch"": 2, ""layer_id"": 0, ""resident_bytes"": 95191040, ""offloaded_bytes"": 8388608}, {""microbatch"": 2, ""layer_id"": 1, ""resident_bytes"": 95158272, ""offloaded_bytes"": 8388608}, {""microbatch"": 2, ""layer_id"": 2, ""resident_bytes"": 95158272, ""offloaded_bytes"": 8388608}]"
795,795,0,FWD,2,0,fwd,3,swiglu,fwd_value_end@3:swiglu,FREE,gate|shard=2:tp|partial=complete|dtype=default,22544384,workspace,267919360,380665856,50593792,0,0,0,4194304,0,0,0,0,0,0,0,-22544384,0,703373312,-22544384,False,[],"[{""microbatch"": 2, ""layer_id"": 0, ""resident_bytes"": 95191040, ""offloaded_bytes"": 8388608}, {""microbatch"": 2, ""layer_id"": 1, ""resident_bytes"": 95158272, ""offloaded_bytes"": 8388608}, {""microbatch"": 2, ""layer_id"": 2, ""resident_bytes"": 95158272, ""offloaded_bytes"": 8388608}]"
796,796,0,FWD,2,0,fwd,3,fc2,fwd_output@3:9,ALLOC,o2|shard=replicated|partial=tp|dtype=default,33554432,workspace,267919360,380665856,50593792,0,0,0,37748736,0,0,0,0,0,0,0,33554432,0,736927744,33554432,False,[],"[{""microbatch"": 2, ""layer_id"": 0, ""resident_bytes"": 95191040, ""offloaded_bytes"": 8388608}, {""microbatch"": 2, ""layer_id"": 1, ""resident_bytes"": 95158272, ""offloaded_bytes"": 8388608}, {""microbatch"": 2, ""layer_id"": 2, ""resident_bytes"": 95158272, ""offloaded_bytes"": 8388608}]"
797,797,0,FWD,2,0,fwd,3,fc2,fwd_op_execute@3:fc2,MARK,op:3:9:fc2,0,,267919360,380665856,50593792,0,0,0,37748736,0,0,0,0,0,0,0,0,0,736927744,0,False,[],"[{""microbatch"": 2, ""layer_id"": 0, ""resident_bytes"": 95191040, ""offloaded_bytes"": 8388608}, {""microbatch"": 2, ""layer_id"": 1, ""resident_bytes"": 95158272, ""offloaded_bytes"": 8388608}, {""microbatch"": 2, ""layer_id"": 2, ""resident_bytes"": 95158272, ""offloaded_bytes"": 8388608}]"
798,798,0,FWD,2,0,fwd,3,fc2,fwd_value_end@3:fc2,FREE,o2|shard=replicated|partial=tp|dtype=default,33554432,workspace,267919360,380665856,50593792,0,0,0,4194304,0,0,0,0,0,0,0,-33554432,0,703373312,-33554432,False,[],"[{""microbatch"": 2, ""layer_id"": 0, ""resident_bytes"": 95191040, ""offloaded_bytes"": 8388608}, {""microbatch"": 2, ""layer_id"": 1, ""resident_bytes"": 95158272, ""offloaded_bytes"": 8388608}, {""microbatch"": 2, ""layer_id"": 2, ""resident_bytes"": 95158272, ""offloaded_bytes"": 8388608}]"
799,799,0,FWD,2,0,fwd,3,add2,fwd_input@3:10,ALLOC,o2|shard=0:tp|partial=complete|dtype=default,4194304,workspace,267919360,380665856,50593792,0,0,0,8388608,0,0,0,0,0,0,0,4194304,0,707567616,4194304,False,[],"[{""microbatch"": 2, ""layer_id"": 0, ""resident_bytes"": 95191040, ""offloaded_bytes"": 8388608}, {""microbatch"": 2, ""layer_id"": 1, ""resident_bytes"": 95158272, ""offloaded_bytes"": 8388608}, {""microbatch"": 2, ""layer_id"": 2, ""resident_bytes"": 95158272, ""offloaded_bytes"": 8388608}]"
800,800,0,FWD,2,0,fwd,3,add2,fwd_output@3:10,ALLOC,h2|shard=0:tp|partial=complete|dtype=default,4194304,workspace,267919360,380665856,50593792,0,0,0,12582912,0,0,0,0,0,0,0,4194304,0,711761920,4194304,False,[],"[{""microbatch"": 2, ""layer_id"": 0, ""resident_bytes"": 95191040, ""offloaded_bytes"": 8388608}, {""microbatch"": 2, ""layer_id"": 1, ""resident_bytes"": 95158272, ""offloaded_bytes"": 8388608}, {""microbatch"": 2, ""layer_id"": 2, ""resident_bytes"": 95158272, ""offloaded_bytes"": 8388608}]"
801,801,0,FWD,2,0,fwd,3,add2,fwd_comm@3:add2,ALLOC,comm:3:10:add2,4194304,communication,267919360,380665856,50593792,0,0,0,16777216,0,0,0,0,0,0,0,4194304,0,715956224,4194304,False,[],"[{""microbatch"": 2, ""layer_id"": 0, ""resident_bytes"": 95191040, ""offloaded_bytes"": 8388608}, {""microbatch"": 2, ""layer_id"": 1, ""resident_bytes"": 95158272, ""offloaded_bytes"": 8388608}, {""microbatch"": 2, ""layer_id"": 2, ""resident_bytes"": 95158272, ""offloaded_bytes"": 8388608}]"
802,802,0,FWD,2,0,fwd,3,add2,fwd_op_execute@3:add2,MARK,op:3:10:add2,0,,267919360,380665856,50593792,0,0,0,16777216,0,0,0,0,0,0,0,0,0,715956224,0,False,[],"[{""microbatch"": 2, ""layer_id"": 0, ""resident_bytes"": 95191040, ""offloaded_bytes"": 8388608}, {""microbatch"": 2, ""layer_id"": 1, ""resident_bytes"": 95158272, ""offloaded_bytes"": 8388608}, {""microbatch"": 2, ""layer_id"": 2, ""resident_bytes"": 95158272, ""offloaded_bytes"": 8388608}]"
803,803,0,FWD,2,0,fwd,3,add2,fwd_comm_end@3:add2,FREE,comm:3:10:add2,4194304,communication,267919360,380665856,50593792,0,0,0,12582912,0,0,0,0,0,0,0,-4194304,0,711761920,-4194304,False,[],"[{""microbatch"": 2, ""layer_id"": 0, ""resident_bytes"": 95191040, ""offloaded_bytes"": 8388608}, {""microbatch"": 2, ""layer_id"": 1, ""resident_bytes"": 95158272, ""offloaded_bytes"": 8388608}, {""microbatch"": 2, ""layer_id"": 2, ""resident_bytes"": 95158272, ""offloaded_bytes"": 8388608}]"
804,804,0,FWD,2,0,fwd,3,add2,fwd_value_end@3:add2,FREE,h2|shard=0:tp|partial=complete|dtype=default,4194304,workspace,267919360,380665856,50593792,0,0,0,8388608,0,0,0,0,0,0,0,-4194304,0,707567616,-4194304,False,[],"[{""microbatch"": 2, ""layer_id"": 0, ""resident_bytes"": 95191040, ""offloaded_bytes"": 8388608}, {""microbatch"": 2, ""layer_id"": 1, ""resident_bytes"": 95158272, ""offloaded_bytes"": 8388608}, {""microbatch"": 2, ""layer_id"": 2, ""resident_bytes"": 95158272, ""offloaded_bytes"": 8388608}]"
805,805,0,FWD,2,0,fwd,3,add2,fwd_value_end@3:add2,FREE,h1|shard=0:tp|partial=complete|dtype=default,4194304,workspace,267919360,380665856,50593792,0,0,0,4194304,0,0,0,0,0,0,0,-4194304,0,703373312,-4194304,False,[],"[{""microbatch"": 2, ""layer_id"": 0, ""resident_bytes"": 95191040, ""offloaded_bytes"": 8388608}, {""microbatch"": 2, ""layer_id"": 1, ""resident_bytes"": 95158272, ""offloaded_bytes"": 8388608}, {""microbatch"": 2, ""layer_id"": 2, ""resident_bytes"": 95158272, ""offloaded_bytes"": 8388608}]"
806,806,0,FWD,2,0,fwd,3,add2,fwd_value_end@3:add2,FREE,o2|shard=0:tp|partial=complete|dtype=default,4194304,workspace,267919360,380665856,50593792,0,0,0,0,0,0,0,0,0,0,0,-4194304,0,699179008,-4194304,False,[],"[{""microbatch"": 2, ""layer_id"": 0, ""resident_bytes"": 95191040, ""offloaded_bytes"": 8388608}, {""microbatch"": 2, ""layer_id"": 1, ""resident_bytes"": 95158272, ""offloaded_bytes"": 8388608}, {""microbatch"": 2, ""layer_id"": 2, ""resident_bytes"": 95158272, ""offloaded_bytes"": 8388608}]"
807,807,0,FWD,2,0,fwd,3,,fwd_end@3,,,0,,267919360,380665856,50593792,0,0,0,0,0,0,0,0,0,0,0,0,0,699179008,0,False,[],"[{""microbatch"": 2, ""layer_id"": 0, ""resident_bytes"": 95191040, ""offloaded_bytes"": 8388608}, {""microbatch"": 2, ""layer_id"": 1, ""resident_bytes"": 95158272, ""offloaded_bytes"": 8388608}, {""microbatch"": 2, ""layer_id"": 2, ""resident_bytes"": 95158272, ""offloaded_bytes"": 8388608}, {""microbatch"": 2, ""layer_id"": 3, ""resident_bytes"": 95158272, ""offloaded_bytes"": 8388608}]"
808,808,0,FWD,2,0,fwd,-1,final_norm,fwd_input@-1:0,ALLOC,final_hidden|shard=0:tp|partial=complete|dtype=default,4194304,act_live,267919360,384860160,16384,0,0,0,0,0,0,4194304,-50577408,0,0,0,0,0,652795904,-46383104,False,[],"[{""microbatch"": 2, ""layer_id"": 0, ""resident_bytes"": 95191040, ""offloaded_bytes"": 8388608}, {""microbatch"": 2, ""layer_id"": 1, ""resident_bytes"": 95158272, ""offloaded_bytes"": 8388608}, {""microbatch"": 2, ""layer_id"": 2, ""resident_bytes"": 95158272, ""offloaded_bytes"": 8388608}, {""microbatch"": 2, ""layer_id"": 3, ""resident_bytes"": 95158272, ""offloaded_bytes"": 8388608}]"
809,809,0,FWD,2,0,fwd,-1,final_norm,fwd_output@-1:0,ALLOC,normalized_hidden|shard=0:tp|partial=complete|dtype=default,4194304,act_live,267919360,389054464,16384,0,0,0,0,0,0,4194304,0,0,0,0,0,0,656990208,4194304,False,[],"[{""microbatch"": 2, ""layer_id"": 0, ""resident_bytes"": 95191040, ""offloaded_bytes"": 8388608}, {""microbatch"": 2, ""layer_id"": 1, ""resident_bytes"": 95158272, ""offloaded_bytes"": 8388608}, {""microbatch"": 2, ""layer_id"": 2, ""resident_bytes"": 95158272, ""offloaded_bytes"": 8388608}, {""microbatch"": 2, ""layer_id"": 3, ""resident_bytes"": 95158272, ""offloaded_bytes"": 8388608}]"
810,810,0,FWD,2,0,fwd,-1,final_norm,fwd_op_execute@-1:final_norm,MARK,op:-1:0:final_norm,0,,267919360,389054464,16384,0,0,0,0,0,0,0,0,0,0,0,0,0,656990208,0,False,[],"[{""microbatch"": 2, ""layer_id"": 0, ""resident_bytes"": 95191040, ""offloaded_bytes"": 8388608}, {""microbatch"": 2, ""layer_id"": 1, ""resident_bytes"": 95158272, ""offloaded_bytes"": 8388608}, {""microbatch"": 2, ""layer_id"": 2, ""resident_bytes"": 95158272, ""offloaded_bytes"": 8388608}, {""microbatch"": 2, ""layer_id"": 3, ""resident_bytes"": 95158272, ""offloaded_bytes"": 8388608}]"
811,811,0,FWD,2,0,fwd,-1,lm_head,loss_logits,ALLOC,logits|shard=0:tp|partial=complete|dtype=default,32768000,workspace,267919360,389054464,32768000,0,0,0,32768000,0,0,0,32751616,0,0,0,32768000,0,722509824,65519616,False,[],"[{""microbatch"": 2, ""layer_id"": 0, ""resident_bytes"": 95191040, ""offloaded_bytes"": 8388608}, {""microbatch"": 2, ""layer_id"": 1, ""resident_bytes"": 95158272, ""offloaded_bytes"": 8388608}, {""microbatch"": 2, ""layer_id"": 2, ""resident_bytes"": 95158272, ""offloaded_bytes"": 8388608}, {""microbatch"": 2, ""layer_id"": 3, ""resident_bytes"": 95158272, ""offloaded_bytes"": 8388608}]"
812,812,0,FWD,2,0,fwd,-1,lm_head,loss_logits,ALLOC,comm:-1:1:lm_head,32768000,communication,267919360,389054464,32768000,0,0,0,65536000,0,0,0,0,0,0,0,32768000,0,755277824,32768000,False,[],"[{""microbatch"": 2, ""layer_id"": 0, ""resident_bytes"": 95191040, ""offloaded_bytes"": 8388608}, {""microbatch"": 2, ""layer_id"": 1, ""resident_bytes"": 95158272, ""offloaded_bytes"": 8388608}, {""microbatch"": 2, ""layer_id"": 2, ""resident_bytes"": 95158272, ""offloaded_bytes"": 8388608}, {""microbatch"": 2, ""layer_id"": 3, ""resident_bytes"": 95158272, ""offloaded_bytes"": 8388608}]"
813,813,0,FWD,2,0,fwd,-1,lm_head,loss_logits,MARK,op:-1:1:lm_head,0,,267919360,389054464,32768000,0,0,0,65536000,0,0,0,0,0,0,0,0,0,755277824,0,False,[],"[{""microbatch"": 2, ""layer_id"": 0, ""resident_bytes"": 95191040, ""offloaded_bytes"": 8388608}, {""microbatch"": 2, ""layer_id"": 1, ""resident_bytes"": 95158272, ""offloaded_bytes"": 8388608}, {""microbatch"": 2, ""layer_id"": 2, ""resident_bytes"": 95158272, ""offloaded_bytes"": 8388608}, {""microbatch"": 2, ""layer_id"": 3, ""resident_bytes"": 95158272, ""offloaded_bytes"": 8388608}]"
814,814,0,FWD,2,0,fwd,-1,lm_head,loss_logits,FREE,comm:-1:1:lm_head,32768000,communication,267919360,389054464,32768000,0,0,0,32768000,0,0,0,0,0,0,0,-32768000,0,722509824,-32768000,False,[],"[{""microbatch"": 2, ""layer_id"": 0, ""resident_bytes"": 95191040, ""offloaded_bytes"": 8388608}, {""microbatch"": 2, ""layer_id"": 1, ""resident_bytes"": 95158272, ""offloaded_bytes"": 8388608}, {""microbatch"": 2, ""layer_id"": 2, ""resident_bytes"": 95158272, ""offloaded_bytes"": 8388608}, {""microbatch"": 2, ""layer_id"": 3, ""resident_bytes"": 95158272, ""offloaded_bytes"": 8388608}]"
815,815,0,FWD,2,0,fwd,-1,loss_cast_fp32,fwd_output@-1:2,ALLOC,loss_logits_fp32|shard=0:tp|partial=complete|dtype=4,65536000,workspace,267919360,389054464,0,0,0,0,98304000,0,0,0,-32768000,0,0,0,65536000,0,755277824,32768000,False,[],"[{""microbatch"": 2, ""layer_id"": 0, ""resident_bytes"": 95191040, ""offloaded_bytes"": 8388608}, {""microbatch"": 2, ""layer_id"": 1, ""resident_bytes"": 95158272, ""offloaded_bytes"": 8388608}, {""microbatch"": 2, ""layer_id"": 2, ""resident_bytes"": 95158272, ""offloaded_bytes"": 8388608}, {""microbatch"": 2, ""layer_id"": 3, ""resident_bytes"": 95158272, ""offloaded_bytes"": 8388608}]"
816,816,0,FWD,2,0,fwd,-1,loss_cast_fp32,fwd_op_execute@-1:loss_cast_fp32,MARK,op:-1:2:loss_cast_fp32,0,,267919360,389054464,0,0,0,0,98304000,0,0,0,0,0,0,0,0,0,755277824,0,False,[],"[{""microbatch"": 2, ""layer_id"": 0, ""resident_bytes"": 95191040, ""offloaded_bytes"": 8388608}, {""microbatch"": 2, ""layer_id"": 1, ""resident_bytes"": 95158272, ""offloaded_bytes"": 8388608}, {""microbatch"": 2, ""layer_id"": 2, ""resident_bytes"": 95158272, ""offloaded_bytes"": 8388608}, {""microbatch"": 2, ""layer_id"": 3, ""resident_bytes"": 95158272, ""offloaded_bytes"": 8388608}]"
817,817,0,FWD,2,0,fwd,-1,loss_cast_fp32,fwd_value_end@-1:loss_cast_fp32,FREE,logits|shard=0:tp|partial=complete|dtype=default,32768000,workspace,267919360,389054464,0,0,0,0,65536000,0,0,0,0,0,0,0,-32768000,0,722509824,-32768000,False,[],"[{""microbatch"": 2, ""layer_id"": 0, ""resident_bytes"": 95191040, ""offloaded_bytes"": 8388608}, {""microbatch"": 2, ""layer_id"": 1, ""resident_bytes"": 95158272, ""offloaded_bytes"": 8388608}, {""microbatch"": 2, ""layer_id"": 2, ""resident_bytes"": 95158272, ""offloaded_bytes"": 8388608}, {""microbatch"": 2, ""layer_id"": 3, ""resident_bytes"": 95158272, ""offloaded_bytes"": 8388608}]"
818,818,0,FWD,2,0,fwd,-1,loss_fwd_softmax,fwd_output@-1:3,ALLOC,loss_probabilities|shard=0:tp|partial=complete|dtype=4,65536000,act_live,267919360,454590464,0,0,0,0,65536000,0,0,65536000,0,0,0,0,0,0,788045824,65536000,False,[],"[{""microbatch"": 2, ""layer_id"": 0, ""resident_bytes"": 95191040, ""offloaded_bytes"": 8388608}, {""microbatch"": 2, ""layer_id"": 1, ""resident_bytes"": 95158272, ""offloaded_bytes"": 8388608}, {""microbatch"": 2, ""layer_id"": 2, ""resident_bytes"": 95158272, ""offloaded_bytes"": 8388608}, {""microbatch"": 2, ""layer_id"": 3, ""resident_bytes"": 95158272, ""offloaded_bytes"": 8388608}]"
819,819,0,FWD,2,0,fwd,-1,loss_fwd_softmax,fwd_save@-1:3,ALLOC,loss_stats|shard=0:tp|partial=complete|dtype=4,4096,act_live,267919360,454594560,0,0,0,0,65536000,0,0,4096,0,0,0,0,0,0,788049920,4096,False,[],"[{""microbatch"": 2, ""layer_id"": 0, ""resident_bytes"": 95191040, ""offloaded_bytes"": 8388608}, {""microbatch"": 2, ""layer_id"": 1, ""resident_bytes"": 95158272, ""offloaded_bytes"": 8388608}, {""microbatch"": 2, ""layer_id"": 2, ""resident_bytes"": 95158272, ""offloaded_bytes"": 8388608}, {""microbatch"": 2, ""layer_id"": 3, ""resident_bytes"": 95158272, ""offloaded_bytes"": 8388608}]"
820,820,0,FWD,2,0,fwd,-1,loss_fwd_softmax,fwd_op@-1:loss_fwd_softmax,ALLOC,workspace:-1:3:loss_fwd_softmax,32768,workspace,267919360,454594560,0,0,0,0,65568768,0,0,0,0,0,0,0,32768,0,788082688,32768,False,[],"[{""microbatch"": 2, ""layer_id"": 0, ""resident_bytes"": 95191040, ""offloaded_bytes"": 8388608}, {""microbatch"": 2, ""layer_id"": 1, ""resident_bytes"": 95158272, ""offloaded_bytes"": 8388608}, {""microbatch"": 2, ""layer_id"": 2, ""resident_bytes"": 95158272, ""offloaded_bytes"": 8388608}, {""microbatch"": 2, ""layer_id"": 3, ""resident_bytes"": 95158272, ""offloaded_bytes"": 8388608}]"
821,821,0,FWD,2,0,fwd,-1,loss_fwd_softmax,fwd_op_execute@-1:loss_fwd_softmax,MARK,op:-1:3:loss_fwd_softmax,0,,267919360,454594560,0,0,0,0,65568768,0,0,0,0,0,0,0,0,0,788082688,0,False,[],"[{""microbatch"": 2, ""layer_id"": 0, ""resident_bytes"": 95191040, ""offloaded_bytes"": 8388608}, {""microbatch"": 2, ""layer_id"": 1, ""resident_bytes"": 95158272, ""offloaded_bytes"": 8388608}, {""microbatch"": 2, ""layer_id"": 2, ""resident_bytes"": 95158272, ""offloaded_bytes"": 8388608}, {""microbatch"": 2, ""layer_id"": 3, ""resident_bytes"": 95158272, ""offloaded_bytes"": 8388608}]"
822,822,0,FWD,2,0,fwd,-1,loss_fwd_softmax,fwd_op_end@-1:loss_fwd_softmax,FREE,workspace:-1:3:loss_fwd_softmax,32768,workspace,267919360,454594560,0,0,0,0,65536000,0,0,0,0,0,0,0,-32768,0,788049920,-32768,False,[],"[{""microbatch"": 2, ""layer_id"": 0, ""resident_bytes"": 95191040, ""offloaded_bytes"": 8388608}, {""microbatch"": 2, ""layer_id"": 1, ""resident_bytes"": 95158272, ""offloaded_bytes"": 8388608}, {""microbatch"": 2, ""layer_id"": 2, ""resident_bytes"": 95158272, ""offloaded_bytes"": 8388608}, {""microbatch"": 2, ""layer_id"": 3, ""resident_bytes"": 95158272, ""offloaded_bytes"": 8388608}]"
823,823,0,FWD,2,0,fwd,-1,loss_fwd_softmax,fwd_value_end@-1:loss_fwd_softmax,FREE,loss_logits_fp32|shard=0:tp|partial=complete|dtype=4,65536000,workspace,267919360,454594560,0,0,0,0,0,0,0,0,0,0,0,0,-65536000,0,722513920,-65536000,False,[],"[{""microbatch"": 2, ""layer_id"": 0, ""resident_bytes"": 95191040, ""offloaded_bytes"": 8388608}, {""microbatch"": 2, ""layer_id"": 1, ""resident_bytes"": 95158272, ""offloaded_bytes"": 8388608}, {""microbatch"": 2, ""layer_id"": 2, ""resident_bytes"": 95158272, ""offloaded_bytes"": 8388608}, {""microbatch"": 2, ""layer_id"": 3, ""resident_bytes"": 95158272, ""offloaded_bytes"": 8388608}]"
824,824,0,FWD,2,0,fwd,-1,loss_reduce,fwd_input@-1:4,ALLOC,labels|shard=0:tp|partial=complete|dtype=4,2048,act_live,267919360,454596608,0,0,0,0,0,0,0,2048,0,0,0,0,0,0,722515968,2048,False,[],"[{""microbatch"": 2, ""layer_id"": 0, ""resident_bytes"": 95191040, ""offloaded_bytes"": 8388608}, {""microbatch"": 2, ""layer_id"": 1, ""resident_bytes"": 95158272, ""offloaded_bytes"": 8388608}, {""microbatch"": 2, ""layer_id"": 2, ""resident_bytes"": 95158272, ""offloaded_bytes"": 8388608}, {""microbatch"": 2, ""layer_id"": 3, ""resident_bytes"": 95158272, ""offloaded_bytes"": 8388608}]"
825,825,0,FWD,2,0,fwd,-1,loss_reduce,fwd_input@-1:4,ALLOC,loss_mask|shard=0:tp|partial=complete|dtype=4,2048,act_live,267919360,454598656,0,0,0,0,0,0,0,2048,0,0,0,0,0,0,722518016,2048,False,[],"[{""microbatch"": 2, ""layer_id"": 0, ""resident_bytes"": 95191040, ""offloaded_bytes"": 8388608}, {""microbatch"": 2, ""layer_id"": 1, ""resident_bytes"": 95158272, ""offloaded_bytes"": 8388608}, {""microbatch"": 2, ""layer_id"": 2, ""resident_bytes"": 95158272, ""offloaded_bytes"": 8388608}, {""microbatch"": 2, ""layer_id"": 3, ""resident_bytes"": 95158272, ""offloaded_bytes"": 8388608}]"
826,826,0,FWD,2,0,fwd,-1,loss_reduce,fwd_output@-1:4,ALLOC,loss|shard=replicated|partial=complete|dtype=4,4,workspace,267919360,454598656,0,0,0,0,4,0,0,0,0,0,0,0,4,0,722518020,4,False,[],"[{""microbatch"": 2, ""layer_id"": 0, ""resident_bytes"": 95191040, ""offloaded_bytes"": 8388608}, {""microbatch"": 2, ""layer_id"": 1, ""resident_bytes"": 95158272, ""offloaded_bytes"": 8388608}, {""microbatch"": 2, ""layer_id"": 2, ""resident_bytes"": 95158272, ""offloaded_bytes"": 8388608}, {""microbatch"": 2, ""layer_id"": 3, ""resident_bytes"": 95158272, ""offloaded_bytes"": 8388608}]"
827,827,0,FWD,2,0,fwd,-1,loss_reduce,fwd_op_execute@-1:loss_reduce,MARK,op:-1:4:loss_reduce,0,,267919360,454598656,0,0,0,0,4,0,0,0,0,0,0,0,0,0,722518020,0,False,[],"[{""microbatch"": 2, ""layer_id"": 0, ""resident_bytes"": 95191040, ""offloaded_bytes"": 8388608}, {""microbatch"": 2, ""layer_id"": 1, ""resident_bytes"": 95158272, ""offloaded_bytes"": 8388608}, {""microbatch"": 2, ""layer_id"": 2, ""resident_bytes"": 95158272, ""offloaded_bytes"": 8388608}, {""microbatch"": 2, ""layer_id"": 3, ""resident_bytes"": 95158272, ""offloaded_bytes"": 8388608}]"
828,828,0,FWD,2,0,fwd,-1,loss_reduce,fwd_value_end@-1:loss_reduce,FREE,loss|shard=replicated|partial=complete|dtype=4,4,workspace,267919360,454598656,0,0,0,0,0,0,0,0,0,0,0,0,-4,0,722518016,-4,False,[],"[{""microbatch"": 2, ""layer_id"": 0, ""resident_bytes"": 95191040, ""offloaded_bytes"": 8388608}, {""microbatch"": 2, ""layer_id"": 1, ""resident_bytes"": 95158272, ""offloaded_bytes"": 8388608}, {""microbatch"": 2, ""layer_id"": 2, ""resident_bytes"": 95158272, ""offloaded_bytes"": 8388608}, {""microbatch"": 2, ""layer_id"": 3, ""resident_bytes"": 95158272, ""offloaded_bytes"": 8388608}]"
829,829,0,FWD,2,0,fwd,,,fwd_end,,,0,,267919360,454600704,0,0,0,0,0,0,0,2048,0,0,0,0,0,0,722520064,2048,False,[],"[{""microbatch"": 2, ""layer_id"": -1, ""resident_bytes"": 73934848, ""offloaded_bytes"": 0}, {""microbatch"": 2, ""layer_id"": 0, ""resident_bytes"": 95191040, ""offloaded_bytes"": 8388608}, {""microbatch"": 2, ""layer_id"": 1, ""resident_bytes"": 95158272, ""offloaded_bytes"": 8388608}, {""microbatch"": 2, ""layer_id"": 2, ""resident_bytes"": 95158272, ""offloaded_bytes"": 8388608}, {""microbatch"": 2, ""layer_id"": 3, ""resident_bytes"": 95158272, ""offloaded_bytes"": 8388608}]"
830,830,0,BWD,2,0,bwd,,,bwd_edge_gather@loss_reduce,,,0,,267919360,454600704,0,0,0,0,0,0,0,0,0,0,0,0,0,0,722520064,0,False,[],"[{""microbatch"": 2, ""layer_id"": -1, ""resident_bytes"": 73934848, ""offloaded_bytes"": 0}, {""microbatch"": 2, ""layer_id"": 0, ""resident_bytes"": 95191040, ""offloaded_bytes"": 8388608}, {""microbatch"": 2, ""layer_id"": 1, ""resident_bytes"": 95158272, ""offloaded_bytes"": 8388608}, {""microbatch"": 2, ""layer_id"": 2, ""resident_bytes"": 95158272, ""offloaded_bytes"": 8388608}, {""microbatch"": 2, ""layer_id"": 3, ""resident_bytes"": 95158272, ""offloaded_bytes"": 8388608}]"
831,831,0,BWD,2,0,bwd,-1,loss_reduce,loss_bwd_dlogits,,,0,,267919360,454600704,0,0,0,0,131072000,0,0,0,0,0,0,0,131072000,0,853592064,131072000,False,[],"[{""microbatch"": 2, ""layer_id"": -1, ""resident_bytes"": 73934848, ""offloaded_bytes"": 0}, {""microbatch"": 2, ""layer_id"": 0, ""resident_bytes"": 95191040, ""offloaded_bytes"": 8388608}, {""microbatch"": 2, ""layer_id"": 1, ""resident_bytes"": 95158272, ""offloaded_bytes"": 8388608}, {""microbatch"": 2, ""layer_id"": 2, ""resident_bytes"": 95158272, ""offloaded_bytes"": 8388608}, {""microbatch"": 2, ""layer_id"": 3, ""resident_bytes"": 95158272, ""offloaded_bytes"": 8388608}]"
832,832,0,BWD,2,0,bwd,-1,loss_reduce,bwd_edge_grad@loss_reduce,,,0,,267919360,454600704,0,0,0,0,0,0,0,0,0,0,0,0,-131072000,0,722520064,-131072000,False,[],"[{""microbatch"": 2, ""layer_id"": -1, ""resident_bytes"": 73934848, ""offloaded_bytes"": 0}, {""microbatch"": 2, ""layer_id"": 0, ""resident_bytes"": 95191040, ""offloaded_bytes"": 8388608}, {""microbatch"": 2, ""layer_id"": 1, ""resident_bytes"": 95158272, ""offloaded_bytes"": 8388608}, {""microbatch"": 2, ""layer_id"": 2, ""resident_bytes"": 95158272, ""offloaded_bytes"": 8388608}, {""microbatch"": 2, ""layer_id"": 3, ""resident_bytes"": 95158272, ""offloaded_bytes"": 8388608}]"
833,833,0,BWD,2,0,bwd,,,bwd_edge_gather@loss_fwd_softmax,,,0,,267919360,454600704,0,0,0,0,0,0,0,0,0,0,0,0,0,0,722520064,0,False,[],"[{""microbatch"": 2, ""layer_id"": -1, ""resident_bytes"": 73934848, ""offloaded_bytes"": 0}, {""microbatch"": 2, ""layer_id"": 0, ""resident_bytes"": 95191040, ""offloaded_bytes"": 8388608}, {""microbatch"": 2, ""layer_id"": 1, ""resident_bytes"": 95158272, ""offloaded_bytes"": 8388608}, {""microbatch"": 2, ""layer_id"": 2, ""resident_bytes"": 95158272, ""offloaded_bytes"": 8388608}, {""microbatch"": 2, ""layer_id"": 3, ""resident_bytes"": 95158272, ""offloaded_bytes"": 8388608}]"
834,834,0,BWD,2,0,bwd,-1,loss_fwd_softmax,bwd_edge_grad@loss_fwd_softmax,,,0,,267919360,454600704,0,0,0,0,0,0,0,0,0,0,0,0,0,0,722520064,0,False,[],"[{""microbatch"": 2, ""layer_id"": -1, ""resident_bytes"": 73934848, ""offloaded_bytes"": 0}, {""microbatch"": 2, ""layer_id"": 0, ""resident_bytes"": 95191040, ""offloaded_bytes"": 8388608}, {""microbatch"": 2, ""layer_id"": 1, ""resident_bytes"": 95158272, ""offloaded_bytes"": 8388608}, {""microbatch"": 2, ""layer_id"": 2, ""resident_bytes"": 95158272, ""offloaded_bytes"": 8388608}, {""microbatch"": 2, ""layer_id"": 3, ""resident_bytes"": 95158272, ""offloaded_bytes"": 8388608}]"
835,835,0,BWD,2,0,bwd,,,bwd_edge_gather@loss_cast_fp32,,,0,,267919360,454600704,0,0,0,0,0,0,0,0,0,0,0,0,0,0,722520064,0,False,[],"[{""microbatch"": 2, ""layer_id"": -1, ""resident_bytes"": 73934848, ""offloaded_bytes"": 0}, {""microbatch"": 2, ""layer_id"": 0, ""resident_bytes"": 95191040, ""offloaded_bytes"": 8388608}, {""microbatch"": 2, ""layer_id"": 1, ""resident_bytes"": 95158272, ""offloaded_bytes"": 8388608}, {""microbatch"": 2, ""layer_id"": 2, ""resident_bytes"": 95158272, ""offloaded_bytes"": 8388608}, {""microbatch"": 2, ""layer_id"": 3, ""resident_bytes"": 95158272, ""offloaded_bytes"": 8388608}]"
836,836,0,BWD,2,0,bwd,-1,loss_cast_fp32,bwd_edge_grad@loss_cast_fp32,,,0,,267919360,454600704,0,0,0,0,0,0,0,0,0,0,0,0,0,0,722520064,0,False,[],"[{""microbatch"": 2, ""layer_id"": -1, ""resident_bytes"": 73934848, ""offloaded_bytes"": 0}, {""microbatch"": 2, ""layer_id"": 0, ""resident_bytes"": 95191040, ""offloaded_bytes"": 8388608}, {""microbatch"": 2, ""layer_id"": 1, ""resident_bytes"": 95158272, ""offloaded_bytes"": 8388608}, {""microbatch"": 2, ""layer_id"": 2, ""resident_bytes"": 95158272, ""offloaded_bytes"": 8388608}, {""microbatch"": 2, ""layer_id"": 3, ""resident_bytes"": 95158272, ""offloaded_bytes"": 8388608}]"
837,837,0,BWD,2,0,bwd,,,bwd_edge_gather@lm_head,,,0,,267919360,454600704,32768000,0,0,0,0,0,0,0,32768000,0,0,0,0,0,755288064,32768000,False,[],"[{""microbatch"": 2, ""layer_id"": -1, ""resident_bytes"": 73934848, ""offloaded_bytes"": 0}, {""microbatch"": 2, ""layer_id"": 0, ""resident_bytes"": 95191040, ""offloaded_bytes"": 8388608}, {""microbatch"": 2, ""layer_id"": 1, ""resident_bytes"": 95158272, ""offloaded_bytes"": 8388608}, {""microbatch"": 2, ""layer_id"": 2, ""resident_bytes"": 95158272, ""offloaded_bytes"": 8388608}, {""microbatch"": 2, ""layer_id"": 3, ""resident_bytes"": 95158272, ""offloaded_bytes"": 8388608}]"
838,838,0,BWD,2,0,bwd,-1,lm_head,bwd_edge_op@lm_head,,,0,,267919360,454600704,32768000,32768000,0,0,32768000,0,0,0,0,32768000,0,0,32768000,0,820824064,65536000,False,[],"[{""microbatch"": 2, ""layer_id"": -1, ""resident_bytes"": 73934848, ""offloaded_bytes"": 0}, {""microbatch"": 2, ""layer_id"": 0, ""resident_bytes"": 95191040, ""offloaded_bytes"": 8388608}, {""microbatch"": 2, ""layer_id"": 1, ""resident_bytes"": 95158272, ""offloaded_bytes"": 8388608}, {""microbatch"": 2, ""layer_id"": 2, ""resident_bytes"": 95158272, ""offloaded_bytes"": 8388608}, {""microbatch"": 2, ""layer_id"": 3, ""resident_bytes"": 95158272, ""offloaded_bytes"": 8388608}]"
839,839,0,BWD,2,0,bwd,-1,lm_head,bwd_edge_grad@lm_head,,,0,,267919360,454600704,32768000,32768000,0,0,0,0,0,0,0,0,0,0,-32768000,0,788056064,-32768000,False,[],"[{""microbatch"": 2, ""layer_id"": -1, ""resident_bytes"": 73934848, ""offloaded_bytes"": 0}, {""microbatch"": 2, ""layer_id"": 0, ""resident_bytes"": 95191040, ""offloaded_bytes"": 8388608}, {""microbatch"": 2, ""layer_id"": 1, ""resident_bytes"": 95158272, ""offloaded_bytes"": 8388608}, {""microbatch"": 2, ""layer_id"": 2, ""resident_bytes"": 95158272, ""offloaded_bytes"": 8388608}, {""microbatch"": 2, ""layer_id"": 3, ""resident_bytes"": 95158272, ""offloaded_bytes"": 8388608}]"
840,840,0,BWD,2,0,bwd,,,bwd_edge_gather@final_norm,,,0,,267919360,454600704,16384,0,0,0,0,0,0,0,-32751616,-32768000,0,0,0,0,722536448,-65519616,False,[],"[{""microbatch"": 2, ""layer_id"": -1, ""resident_bytes"": 73934848, ""offloaded_bytes"": 0}, {""microbatch"": 2, ""layer_id"": 0, ""resident_bytes"": 95191040, ""offloaded_bytes"": 8388608}, {""microbatch"": 2, ""layer_id"": 1, ""resident_bytes"": 95158272, ""offloaded_bytes"": 8388608}, {""microbatch"": 2, ""layer_id"": 2, ""resident_bytes"": 95158272, ""offloaded_bytes"": 8388608}, {""microbatch"": 2, ""layer_id"": 3, ""resident_bytes"": 95158272, ""offloaded_bytes"": 8388608}]"
841,841,0,BWD,2,0,bwd,-1,final_norm,bwd_edge_grad@final_norm,,,0,,267919360,454600704,16384,16384,0,0,0,0,0,0,0,16384,0,0,0,0,722552832,16384,False,[],"[{""microbatch"": 2, ""layer_id"": -1, ""resident_bytes"": 73934848, ""offloaded_bytes"": 0}, {""microbatch"": 2, ""layer_id"": 0, ""resident_bytes"": 95191040, ""offloaded_bytes"": 8388608}, {""microbatch"": 2, ""layer_id"": 1, ""resident_bytes"": 95158272, ""offloaded_bytes"": 8388608}, {""microbatch"": 2, ""layer_id"": 2, ""resident_bytes"": 95158272, ""offloaded_bytes"": 8388608}, {""microbatch"": 2, ""layer_id"": 3, ""resident_bytes"": 95158272, ""offloaded_bytes"": 8388608}]"
842,842,0,BWD,2,0,bwd,3,,bwd_gather@3,,,0,,267919360,454600704,101187584,0,0,0,0,0,0,0,101171200,-16384,0,0,0,0,823707648,101154816,False,[],"[{""microbatch"": 2, ""layer_id"": -1, ""resident_bytes"": 73934848, ""offloaded_bytes"": 0}, {""microbatch"": 2, ""layer_id"": 0, ""resident_bytes"": 95191040, ""offloaded_bytes"": 8388608}, {""microbatch"": 2, ""layer_id"": 1, ""resident_bytes"": 95158272, ""offloaded_bytes"": 8388608}, {""microbatch"": 2, ""layer_id"": 2, ""resident_bytes"": 95158272, ""offloaded_bytes"": 8388608}, {""microbatch"": 2, ""layer_id"": 3, ""resident_bytes"": 95158272, ""offloaded_bytes"": 8388608}]"
843,843,0,BWD,2,0,bwd,3,,bwd_swap_prefetch@3,,,0,,267919360,454600704,101187584,0,0,16777216,0,0,0,0,0,0,0,16777216,0,0,840484864,16777216,False,[],"[{""microbatch"": 2, ""layer_id"": -1, ""resident_bytes"": 73934848, ""offloaded_bytes"": 0}, {""microbatch"": 2, ""layer_id"": 0, ""resident_bytes"": 95191040, ""offloaded_bytes"": 8388608}, {""microbatch"": 2, ""layer_id"": 1, ""resident_bytes"": 95158272, ""offloaded_bytes"": 8388608}, {""microbatch"": 2, ""layer_id"": 2, ""resident_bytes"": 95158272, ""offloaded_bytes"": 8388608}, {""microbatch"": 2, ""layer_id"": 3, ""resident_bytes"": 95158272, ""offloaded_bytes"": 8388608}]"
844,844,0,BWD,2,0,bwd,3,,bwd_recompute@3,,,0,,267919360,454600704,101187584,0,22577152,0,0,0,0,0,0,0,22577152,-16777216,0,0,846284800,5799936,False,[],"[{""microbatch"": 2, ""layer_id"": -1, ""resident_bytes"": 73934848, ""offloaded_bytes"": 0}, {""microbatch"": 2, ""layer_id"": 0, ""resident_bytes"": 95191040, ""offloaded_bytes"": 8388608}, {""microbatch"": 2, ""layer_id"": 1, ""resident_bytes"": 95158272, ""offloaded_bytes"": 8388608}, {""microbatch"": 2, ""layer_id"": 2, ""resident_bytes"": 95158272, ""offloaded_bytes"": 8388608}, {""microbatch"": 2, ""layer_id"": 3, ""resident_bytes"": 95158272, ""offloaded_bytes"": 8388608}]"
845,845,0,BWD,2,0,bwd,3,add2,bwd_op@3:add2,,,0,,267919360,454600704,101187584,0,0,0,4194304,0,0,0,0,0,-22577152,0,4194304,0,827901952,-18382848,False,[],"[{""microbatch"": 2, ""layer_id"": -1, ""resident_bytes"": 73934848, ""offloaded_bytes"": 0}, {""microbatch"": 2, ""layer_id"": 0, ""resident_bytes"": 95191040, ""offloaded_bytes"": 8388608}, {""microbatch"": 2, ""layer_id"": 1, ""resident_bytes"": 95158272, ""offloaded_bytes"": 8388608}, {""microbatch"": 2, ""layer_id"": 2, ""resident_bytes"": 95158272, ""offloaded_bytes"": 8388608}, {""microbatch"": 2, ""layer_id"": 3, ""resident_bytes"": 95158272, ""offloaded_bytes"": 8388608}]"
846,846,0,BWD,2,0,bwd,3,fc2,bwd_op@3:fc2,,,0,,267919360,454600704,101187584,0,0,0,0,0,0,0,0,0,0,0,-4194304,0,823707648,-4194304,False,[],"[{""microbatch"": 2, ""layer_id"": -1, ""resident_bytes"": 73934848, ""offloaded_bytes"": 0}, {""microbatch"": 2, ""layer_id"": 0, ""resident_bytes"": 95191040, ""offloaded_bytes"": 8388608}, {""microbatch"": 2, ""layer_id"": 1, ""resident_bytes"": 95158272, ""offloaded_bytes"": 8388608}, {""microbatch"": 2, ""layer_id"": 2, ""resident_bytes"": 95158272, ""offloaded_bytes"": 8388608}, {""microbatch"": 2, ""layer_id"": 3, ""resident_bytes"": 95158272, ""offloaded_bytes"": 8388608}]"
847,847,0,BWD,2,0,bwd,3,swiglu,bwd_op@3:swiglu,,,0,,267919360,454600704,101187584,0,0,0,0,0,0,0,0,0,0,0,0,0,823707648,0,False,[],"[{""microbatch"": 2, ""layer_id"": -1, ""resident_bytes"": 73934848, ""offloaded_bytes"": 0}, {""microbatch"": 2, ""layer_id"": 0, ""resident_bytes"": 95191040, ""offloaded_bytes"": 8388608}, {""microbatch"": 2, ""layer_id"": 1, ""resident_bytes"": 95158272, ""offloaded_bytes"": 8388608}, {""microbatch"": 2, ""layer_id"": 2, ""resident_bytes"": 95158272, ""offloaded_bytes"": 8388608}, {""microbatch"": 2, ""layer_id"": 3, ""resident_bytes"": 95158272, ""offloaded_bytes"": 8388608}]"
848,848,0,BWD,2,0,bwd,3,fc1,bwd_op@3:fc1,,,0,,267919360,454600704,101187584,0,0,0,33554432,0,0,0,0,0,0,0,33554432,0,857262080,33554432,False,[],"[{""microbatch"": 2, ""layer_id"": -1, ""resident_bytes"": 73934848, ""offloaded_bytes"": 0}, {""microbatch"": 2, ""layer_id"": 0, ""resident_bytes"": 95191040, ""offloaded_bytes"": 8388608}, {""microbatch"": 2, ""layer_id"": 1, ""resident_bytes"": 95158272, ""offloaded_bytes"": 8388608}, {""microbatch"": 2, ""layer_id"": 2, ""resident_bytes"": 95158272, ""offloaded_bytes"": 8388608}, {""microbatch"": 2, ""layer_id"": 3, ""resident_bytes"": 95158272, ""offloaded_bytes"": 8388608}]"
849,849,0,BWD,2,0,bwd,3,ln2,bwd_op@3:ln2,,,0,,267919360,454600704,101187584,0,0,0,0,0,0,0,0,0,0,0,-33554432,0,823707648,-33554432,False,[],"[{""microbatch"": 2, ""layer_id"": -1, ""resident_bytes"": 73934848, ""offloaded_bytes"": 0}, {""microbatch"": 2, ""layer_id"": 0, ""resident_bytes"": 95191040, ""offloaded_bytes"": 8388608}, {""microbatch"": 2, ""layer_id"": 1, ""resident_bytes"": 95158272, ""offloaded_bytes"": 8388608}, {""microbatch"": 2, ""layer_id"": 2, ""resident_bytes"": 95158272, ""offloaded_bytes"": 8388608}, {""microbatch"": 2, ""layer_id"": 3, ""resident_bytes"": 95158272, ""offloaded_bytes"": 8388608}]"
850,850,0,BWD,2,0,bwd,3,add1,bwd_op@3:add1,,,0,,267919360,454600704,101187584,0,0,0,4194304,0,0,0,0,0,0,0,4194304,0,827901952,4194304,False,[],"[{""microbatch"": 2, ""layer_id"": -1, ""resident_bytes"": 73934848, ""offloaded_bytes"": 0}, {""microbatch"": 2, ""layer_id"": 0, ""resident_bytes"": 95191040, ""offloaded_bytes"": 8388608}, {""microbatch"": 2, ""layer_id"": 1, ""resident_bytes"": 95158272, ""offloaded_bytes"": 8388608}, {""microbatch"": 2, ""layer_id"": 2, ""resident_bytes"": 95158272, ""offloaded_bytes"": 8388608}, {""microbatch"": 2, ""layer_id"": 3, ""resident_bytes"": 95158272, ""offloaded_bytes"": 8388608}]"
851,851,0,BWD,2,0,bwd,3,o_proj,bwd_op@3:o_proj,,,0,,267919360,454600704,101187584,0,0,0,0,0,0,0,0,0,0,0,-4194304,0,823707648,-4194304,False,[],"[{""microbatch"": 2, ""layer_id"": -1, ""resident_bytes"": 73934848, ""offloaded_bytes"": 0}, {""microbatch"": 2, ""layer_id"": 0, ""resident_bytes"": 95191040, ""offloaded_bytes"": 8388608}, {""microbatch"": 2, ""layer_id"": 1, ""resident_bytes"": 95158272, ""offloaded_bytes"": 8388608}, {""microbatch"": 2, ""layer_id"": 2, ""resident_bytes"": 95158272, ""offloaded_bytes"": 8388608}, {""microbatch"": 2, ""layer_id"": 3, ""resident_bytes"": 95158272, ""offloaded_bytes"": 8388608}]"
852,852,0,BWD,2,0,bwd,3,flash,bwd_op@3:flash,,,0,,267919360,454600704,101187584,0,0,0,0,0,0,0,0,0,0,0,0,0,823707648,0,False,[],"[{""microbatch"": 2, ""layer_id"": -1, ""resident_bytes"": 73934848, ""offloaded_bytes"": 0}, {""microbatch"": 2, ""layer_id"": 0, ""resident_bytes"": 95191040, ""offloaded_bytes"": 8388608}, {""microbatch"": 2, ""layer_id"": 1, ""resident_bytes"": 95158272, ""offloaded_bytes"": 8388608}, {""microbatch"": 2, ""layer_id"": 2, ""resident_bytes"": 95158272, ""offloaded_bytes"": 8388608}, {""microbatch"": 2, ""layer_id"": 3, ""resident_bytes"": 95158272, ""offloaded_bytes"": 8388608}]"
853,853,0,BWD,2,0,bwd,3,rope,bwd_op@3:rope,,,0,,267919360,454600704,101187584,0,0,0,0,0,0,0,0,0,0,0,0,0,823707648,0,False,[],"[{""microbatch"": 2, ""layer_id"": -1, ""resident_bytes"": 73934848, ""offloaded_bytes"": 0}, {""microbatch"": 2, ""layer_id"": 0, ""resident_bytes"": 95191040, ""offloaded_bytes"": 8388608}, {""microbatch"": 2, ""layer_id"": 1, ""resident_bytes"": 95158272, ""offloaded_bytes"": 8388608}, {""microbatch"": 2, ""layer_id"": 2, ""resident_bytes"": 95158272, ""offloaded_bytes"": 8388608}, {""microbatch"": 2, ""layer_id"": 3, ""resident_bytes"": 95158272, ""offloaded_bytes"": 8388608}]"
854,854,0,BWD,2,0,bwd,3,qkv,bwd_op@3:qkv,,,0,,267919360,454600704,101187584,0,0,0,33554432,0,0,0,0,0,0,0,33554432,0,857262080,33554432,False,[],"[{""microbatch"": 2, ""layer_id"": -1, ""resident_bytes"": 73934848, ""offloaded_bytes"": 0}, {""microbatch"": 2, ""layer_id"": 0, ""resident_bytes"": 95191040, ""offloaded_bytes"": 8388608}, {""microbatch"": 2, ""layer_id"": 1, ""resident_bytes"": 95158272, ""offloaded_bytes"": 8388608}, {""microbatch"": 2, ""layer_id"": 2, ""resident_bytes"": 95158272, ""offloaded_bytes"": 8388608}, {""microbatch"": 2, ""layer_id"": 3, ""resident_bytes"": 95158272, ""offloaded_bytes"": 8388608}]"
855,855,0,BWD,2,0,bwd,3,ln1,bwd_op@3:ln1,,,0,,267919360,454600704,101187584,0,0,0,0,0,0,0,0,0,0,0,-33554432,0,823707648,-33554432,False,[],"[{""microbatch"": 2, ""layer_id"": -1, ""resident_bytes"": 73934848, ""offloaded_bytes"": 0}, {""microbatch"": 2, ""layer_id"": 0, ""resident_bytes"": 95191040, ""offloaded_bytes"": 8388608}, {""microbatch"": 2, ""layer_id"": 1, ""resident_bytes"": 95158272, ""offloaded_bytes"": 8388608}, {""microbatch"": 2, ""layer_id"": 2, ""resident_bytes"": 95158272, ""offloaded_bytes"": 8388608}, {""microbatch"": 2, ""layer_id"": 3, ""resident_bytes"": 95158272, ""offloaded_bytes"": 8388608}]"
856,856,0,BWD,2,0,bwd,3,,bwd_grad@3,,,0,,267919360,454600704,101187584,50593792,0,0,0,0,0,0,0,50593792,0,0,0,0,874301440,50593792,False,[],"[{""microbatch"": 2, ""layer_id"": -1, ""resident_bytes"": 73934848, ""offloaded_bytes"": 0}, {""microbatch"": 2, ""layer_id"": 0, ""resident_bytes"": 95191040, ""offloaded_bytes"": 8388608}, {""microbatch"": 2, ""layer_id"": 1, ""resident_bytes"": 95158272, ""offloaded_bytes"": 8388608}, {""microbatch"": 2, ""layer_id"": 2, ""resident_bytes"": 95158272, ""offloaded_bytes"": 8388608}, {""microbatch"": 2, ""layer_id"": 3, ""resident_bytes"": 95158272, ""offloaded_bytes"": 8388608}]"
857,857,0,BWD,2,0,bwd,3,,bwd_activation_release@3,,,0,,267919360,359442432,101187584,0,0,0,0,0,0,-95158272,0,-50593792,0,0,0,0,728549376,-145752064,False,[],"[{""microbatch"": 2, ""layer_id"": -1, ""resident_bytes"": 73934848, ""offloaded_bytes"": 0}, {""microbatch"": 2, ""layer_id"": 0, ""resident_bytes"": 95191040, ""offloaded_bytes"": 8388608}, {""microbatch"": 2, ""layer_id"": 1, ""resident_bytes"": 95158272, ""offloaded_bytes"": 8388608}, {""microbatch"": 2, ""layer_id"": 2, ""resident_bytes"": 95158272, ""offloaded_bytes"": 8388608}]"
858,858,0,BWD,2,0,bwd,2,,bwd_gather@2,,,0,,267919360,359442432,101187584,0,0,0,0,0,0,0,0,0,0,0,0,0,728549376,0,False,[],"[{""microbatch"": 2, ""layer_id"": -1, ""resident_bytes"": 73934848, ""offloaded_bytes"": 0}, {""microbatch"": 2, ""layer_id"": 0, ""resident_bytes"": 95191040, ""offloaded_bytes"": 8388608}, {""microbatch"": 2, ""layer_id"": 1, ""resident_bytes"": 95158272, ""offloaded_bytes"": 8388608}, {""microbatch"": 2, ""layer_id"": 2, ""resident_bytes"": 95158272, ""offloaded_bytes"": 8388608}]"
859,859,0,BWD,2,0,bwd,2,,bwd_swap_prefetch@2,,,0,,267919360,359442432,101187584,0,0,16777216,0,0,0,0,0,0,0,16777216,0,0,745326592,16777216,False,[],"[{""microbatch"": 2, ""layer_id"": -1, ""resident_bytes"": 73934848, ""offloaded_bytes"": 0}, {""microbatch"": 2, ""layer_id"": 0, ""resident_bytes"": 95191040, ""offloaded_bytes"": 8388608}, {""microbatch"": 2, ""layer_id"": 1, ""resident_bytes"": 95158272, ""offloaded_bytes"": 8388608}, {""microbatch"": 2, ""layer_id"": 2, ""resident_bytes"": 95158272, ""offloaded_bytes"": 8388608}]"
860,860,0,BWD,2,0,bwd,2,,bwd_recompute@2,,,0,,267919360,359442432,101187584,0,22577152,0,0,0,0,0,0,0,22577152,-16777216,0,0,751126528,5799936,False,[],"[{""microbatch"": 2, ""layer_id"": -1, ""resident_bytes"": 73934848, ""offloaded_bytes"": 0}, {""microbatch"": 2, ""layer_id"": 0, ""resident_bytes"": 95191040, ""offloaded_bytes"": 8388608}, {""microbatch"": 2, ""layer_id"": 1, ""resident_bytes"": 95158272, ""offloaded_bytes"": 8388608}, {""microbatch"": 2, ""layer_id"": 2, ""resident_bytes"": 95158272, ""offloaded_bytes"": 8388608}]"
861,861,0,BWD,2,0,bwd,2,add2,bwd_op@2:add2,,,0,,267919360,359442432,101187584,0,0,0,4194304,0,0,0,0,0,-22577152,0,4194304,0,732743680,-18382848,False,[],"[{""microbatch"": 2, ""layer_id"": -1, ""resident_bytes"": 73934848, ""offloaded_bytes"": 0}, {""microbatch"": 2, ""layer_id"": 0, ""resident_bytes"": 95191040, ""offloaded_bytes"": 8388608}, {""microbatch"": 2, ""layer_id"": 1, ""resident_bytes"": 95158272, ""offloaded_bytes"": 8388608}, {""microbatch"": 2, ""layer_id"": 2, ""resident_bytes"": 95158272, ""offloaded_bytes"": 8388608}]"
862,862,0,BWD,2,0,bwd,2,fc2,bwd_op@2:fc2,,,0,,267919360,359442432,101187584,0,0,0,0,0,0,0,0,0,0,0,-4194304,0,728549376,-4194304,False,[],"[{""microbatch"": 2, ""layer_id"": -1, ""resident_bytes"": 73934848, ""offloaded_bytes"": 0}, {""microbatch"": 2, ""layer_id"": 0, ""resident_bytes"": 95191040, ""offloaded_bytes"": 8388608}, {""microbatch"": 2, ""layer_id"": 1, ""resident_bytes"": 95158272, ""offloaded_bytes"": 8388608}, {""microbatch"": 2, ""layer_id"": 2, ""resident_bytes"": 95158272, ""offloaded_bytes"": 8388608}]"
863,863,0,BWD,2,0,bwd,2,swiglu,bwd_op@2:swiglu,,,0,,267919360,359442432,101187584,0,0,0,0,0,0,0,0,0,0,0,0,0,728549376,0,False,[],"[{""microbatch"": 2, ""layer_id"": -1, ""resident_bytes"": 73934848, ""offloaded_bytes"": 0}, {""microbatch"": 2, ""layer_id"": 0, ""resident_bytes"": 95191040, ""offloaded_bytes"": 8388608}, {""microbatch"": 2, ""layer_id"": 1, ""resident_bytes"": 95158272, ""offloaded_bytes"": 8388608}, {""microbatch"": 2, ""layer_id"": 2, ""resident_bytes"": 95158272, ""offloaded_bytes"": 8388608}]"
864,864,0,BWD,2,0,bwd,2,fc1,bwd_op@2:fc1,,,0,,267919360,359442432,101187584,0,0,0,33554432,0,0,0,0,0,0,0,33554432,0,762103808,33554432,False,[],"[{""microbatch"": 2, ""layer_id"": -1, ""resident_bytes"": 73934848, ""offloaded_bytes"": 0}, {""microbatch"": 2, ""layer_id"": 0, ""resident_bytes"": 95191040, ""offloaded_bytes"": 8388608}, {""microbatch"": 2, ""layer_id"": 1, ""resident_bytes"": 95158272, ""offloaded_bytes"": 8388608}, {""microbatch"": 2, ""layer_id"": 2, ""resident_bytes"": 95158272, ""offloaded_bytes"": 8388608}]"
865,865,0,BWD,2,0,bwd,2,ln2,bwd_op@2:ln2,,,0,,267919360,359442432,101187584,0,0,0,0,0,0,0,0,0,0,0,-33554432,0,728549376,-33554432,False,[],"[{""microbatch"": 2, ""layer_id"": -1, ""resident_bytes"": 73934848, ""offloaded_bytes"": 0}, {""microbatch"": 2, ""layer_id"": 0, ""resident_bytes"": 95191040, ""offloaded_bytes"": 8388608}, {""microbatch"": 2, ""layer_id"": 1, ""resident_bytes"": 95158272, ""offloaded_bytes"": 8388608}, {""microbatch"": 2, ""layer_id"": 2, ""resident_bytes"": 95158272, ""offloaded_bytes"": 8388608}]"
866,866,0,BWD,2,0,bwd,2,add1,bwd_op@2:add1,,,0,,267919360,359442432,101187584,0,0,0,4194304,0,0,0,0,0,0,0,4194304,0,732743680,4194304,False,[],"[{""microbatch"": 2, ""layer_id"": -1, ""resident_bytes"": 73934848, ""offloaded_bytes"": 0}, {""microbatch"": 2, ""layer_id"": 0, ""resident_bytes"": 95191040, ""offloaded_bytes"": 8388608}, {""microbatch"": 2, ""layer_id"": 1, ""resident_bytes"": 95158272, ""offloaded_bytes"": 8388608}, {""microbatch"": 2, ""layer_id"": 2, ""resident_bytes"": 95158272, ""offloaded_bytes"": 8388608}]"
867,867,0,BWD,2,0,bwd,2,o_proj,bwd_op@2:o_proj,,,0,,267919360,359442432,101187584,0,0,0,0,0,0,0,0,0,0,0,-4194304,0,728549376,-4194304,False,[],"[{""microbatch"": 2, ""layer_id"": -1, ""resident_bytes"": 73934848, ""offloaded_bytes"": 0}, {""microbatch"": 2, ""layer_id"": 0, ""resident_bytes"": 95191040, ""offloaded_bytes"": 8388608}, {""microbatch"": 2, ""layer_id"": 1, ""resident_bytes"": 95158272, ""offloaded_bytes"": 8388608}, {""microbatch"": 2, ""layer_id"": 2, ""resident_bytes"": 95158272, ""offloaded_bytes"": 8388608}]"
868,868,0,BWD,2,0,bwd,2,flash,bwd_op@2:flash,,,0,,267919360,359442432,101187584,0,0,0,0,0,0,0,0,0,0,0,0,0,728549376,0,False,[],"[{""microbatch"": 2, ""layer_id"": -1, ""resident_bytes"": 73934848, ""offloaded_bytes"": 0}, {""microbatch"": 2, ""layer_id"": 0, ""resident_bytes"": 95191040, ""offloaded_bytes"": 8388608}, {""microbatch"": 2, ""layer_id"": 1, ""resident_bytes"": 95158272, ""offloaded_bytes"": 8388608}, {""microbatch"": 2, ""layer_id"": 2, ""resident_bytes"": 95158272, ""offloaded_bytes"": 8388608}]"
869,869,0,BWD,2,0,bwd,2,rope,bwd_op@2:rope,,,0,,267919360,359442432,101187584,0,0,0,0,0,0,0,0,0,0,0,0,0,728549376,0,False,[],"[{""microbatch"": 2, ""layer_id"": -1, ""resident_bytes"": 73934848, ""offloaded_bytes"": 0}, {""microbatch"": 2, ""layer_id"": 0, ""resident_bytes"": 95191040, ""offloaded_bytes"": 8388608}, {""microbatch"": 2, ""layer_id"": 1, ""resident_bytes"": 95158272, ""offloaded_bytes"": 8388608}, {""microbatch"": 2, ""layer_id"": 2, ""resident_bytes"": 95158272, ""offloaded_bytes"": 8388608}]"
870,870,0,BWD,2,0,bwd,2,qkv,bwd_op@2:qkv,,,0,,267919360,359442432,101187584,0,0,0,33554432,0,0,0,0,0,0,0,33554432,0,762103808,33554432,False,[],"[{""microbatch"": 2, ""layer_id"": -1, ""resident_bytes"": 73934848, ""offloaded_bytes"": 0}, {""microbatch"": 2, ""layer_id"": 0, ""resident_bytes"": 95191040, ""offloaded_bytes"": 8388608}, {""microbatch"": 2, ""layer_id"": 1, ""resident_bytes"": 95158272, ""offloaded_bytes"": 8388608}, {""microbatch"": 2, ""layer_id"": 2, ""resident_bytes"": 95158272, ""offloaded_bytes"": 8388608}]"
871,871,0,BWD,2,0,bwd,2,ln1,bwd_op@2:ln1,,,0,,267919360,359442432,101187584,0,0,0,0,0,0,0,0,0,0,0,-33554432,0,728549376,-33554432,False,[],"[{""microbatch"": 2, ""layer_id"": -1, ""resident_bytes"": 73934848, ""offloaded_bytes"": 0}, {""microbatch"": 2, ""layer_id"": 0, ""resident_bytes"": 95191040, ""offloaded_bytes"": 8388608}, {""microbatch"": 2, ""layer_id"": 1, ""resident_bytes"": 95158272, ""offloaded_bytes"": 8388608}, {""microbatch"": 2, ""layer_id"": 2, ""resident_bytes"": 95158272, ""offloaded_bytes"": 8388608}]"
872,872,0,BWD,2,0,bwd,2,,bwd_grad@2,,,0,,267919360,359442432,101187584,50593792,0,0,0,0,0,0,0,50593792,0,0,0,0,779143168,50593792,False,[],"[{""microbatch"": 2, ""layer_id"": -1, ""resident_bytes"": 73934848, ""offloaded_bytes"": 0}, {""microbatch"": 2, ""layer_id"": 0, ""resident_bytes"": 95191040, ""offloaded_bytes"": 8388608}, {""microbatch"": 2, ""layer_id"": 1, ""resident_bytes"": 95158272, ""offloaded_bytes"": 8388608}, {""microbatch"": 2, ""layer_id"": 2, ""resident_bytes"": 95158272, ""offloaded_bytes"": 8388608}]"
873,873,0,BWD,2,0,bwd,2,,bwd_activation_release@2,,,0,,267919360,264284160,101187584,0,0,0,0,0,0,-95158272,0,-50593792,0,0,0,0,633391104,-145752064,False,[],"[{""microbatch"": 2, ""layer_id"": -1, ""resident_bytes"": 73934848, ""offloaded_bytes"": 0}, {""microbatch"": 2, ""layer_id"": 0, ""resident_bytes"": 95191040, ""offloaded_bytes"": 8388608}, {""microbatch"": 2, ""layer_id"": 1, ""resident_bytes"": 95158272, ""offloaded_bytes"": 8388608}]"
874,874,0,BWD,2,0,bwd,1,,bwd_gather@1,,,0,,267919360,264284160,101187584,0,0,0,0,0,0,0,0,0,0,0,0,0,633391104,0,False,[],"[{""microbatch"": 2, ""layer_id"": -1, ""resident_bytes"": 73934848, ""offloaded_bytes"": 0}, {""microbatch"": 2, ""layer_id"": 0, ""resident_bytes"": 95191040, ""offloaded_bytes"": 8388608}, {""microbatch"": 2, ""layer_id"": 1, ""resident_bytes"": 95158272, ""offloaded_bytes"": 8388608}]"
875,875,0,BWD,2,0,bwd,1,,bwd_swap_prefetch@1,,,0,,267919360,264284160,101187584,0,0,16777216,0,0,0,0,0,0,0,16777216,0,0,650168320,16777216,False,[],"[{""microbatch"": 2, ""layer_id"": -1, ""resident_bytes"": 73934848, ""offloaded_bytes"": 0}, {""microbatch"": 2, ""layer_id"": 0, ""resident_bytes"": 95191040, ""offloaded_bytes"": 8388608}, {""microbatch"": 2, ""layer_id"": 1, ""resident_bytes"": 95158272, ""offloaded_bytes"": 8388608}]"
876,876,0,BWD,2,0,bwd,1,,bwd_recompute@1,,,0,,267919360,264284160,101187584,0,22577152,0,0,0,0,0,0,0,22577152,-16777216,0,0,655968256,5799936,False,[],"[{""microbatch"": 2, ""layer_id"": -1, ""resident_bytes"": 73934848, ""offloaded_bytes"": 0}, {""microbatch"": 2, ""layer_id"": 0, ""resident_bytes"": 95191040, ""offloaded_bytes"": 8388608}, {""microbatch"": 2, ""layer_id"": 1, ""resident_bytes"": 95158272, ""offloaded_bytes"": 8388608}]"
877,877,0,BWD,2,0,bwd,1,add2,bwd_op@1:add2,,,0,,267919360,264284160,101187584,0,0,0,4194304,0,0,0,0,0,-22577152,0,4194304,0,637585408,-18382848,False,[],"[{""microbatch"": 2, ""layer_id"": -1, ""resident_bytes"": 73934848, ""offloaded_bytes"": 0}, {""microbatch"": 2, ""layer_id"": 0, ""resident_bytes"": 95191040, ""offloaded_bytes"": 8388608}, {""microbatch"": 2, ""layer_id"": 1, ""resident_bytes"": 95158272, ""offloaded_bytes"": 8388608}]"
878,878,0,BWD,2,0,bwd,1,fc2,bwd_op@1:fc2,,,0,,267919360,264284160,101187584,0,0,0,0,0,0,0,0,0,0,0,-4194304,0,633391104,-4194304,False,[],"[{""microbatch"": 2, ""layer_id"": -1, ""resident_bytes"": 73934848, ""offloaded_bytes"": 0}, {""microbatch"": 2, ""layer_id"": 0, ""resident_bytes"": 95191040, ""offloaded_bytes"": 8388608}, {""microbatch"": 2, ""layer_id"": 1, ""resident_bytes"": 95158272, ""offloaded_bytes"": 8388608}]"
879,879,0,BWD,2,0,bwd,1,swiglu,bwd_op@1:swiglu,,,0,,267919360,264284160,101187584,0,0,0,0,0,0,0,0,0,0,0,0,0,633391104,0,False,[],"[{""microbatch"": 2, ""layer_id"": -1, ""resident_bytes"": 73934848, ""offloaded_bytes"": 0}, {""microbatch"": 2, ""layer_id"": 0, ""resident_bytes"": 95191040, ""offloaded_bytes"": 8388608}, {""microbatch"": 2, ""layer_id"": 1, ""resident_bytes"": 95158272, ""offloaded_bytes"": 8388608}]"
880,880,0,BWD,2,0,bwd,1,fc1,bwd_op@1:fc1,,,0,,267919360,264284160,101187584,0,0,0,33554432,0,0,0,0,0,0,0,33554432,0,666945536,33554432,False,[],"[{""microbatch"": 2, ""layer_id"": -1, ""resident_bytes"": 73934848, ""offloaded_bytes"": 0}, {""microbatch"": 2, ""layer_id"": 0, ""resident_bytes"": 95191040, ""offloaded_bytes"": 8388608}, {""microbatch"": 2, ""layer_id"": 1, ""resident_bytes"": 95158272, ""offloaded_bytes"": 8388608}]"
881,881,0,BWD,2,0,bwd,1,ln2,bwd_op@1:ln2,,,0,,267919360,264284160,101187584,0,0,0,0,0,0,0,0,0,0,0,-33554432,0,633391104,-33554432,False,[],"[{""microbatch"": 2, ""layer_id"": -1, ""resident_bytes"": 73934848, ""offloaded_bytes"": 0}, {""microbatch"": 2, ""layer_id"": 0, ""resident_bytes"": 95191040, ""offloaded_bytes"": 8388608}, {""microbatch"": 2, ""layer_id"": 1, ""resident_bytes"": 95158272, ""offloaded_bytes"": 8388608}]"
882,882,0,BWD,2,0,bwd,1,add1,bwd_op@1:add1,,,0,,267919360,264284160,101187584,0,0,0,4194304,0,0,0,0,0,0,0,4194304,0,637585408,4194304,False,[],"[{""microbatch"": 2, ""layer_id"": -1, ""resident_bytes"": 73934848, ""offloaded_bytes"": 0}, {""microbatch"": 2, ""layer_id"": 0, ""resident_bytes"": 95191040, ""offloaded_bytes"": 8388608}, {""microbatch"": 2, ""layer_id"": 1, ""resident_bytes"": 95158272, ""offloaded_bytes"": 8388608}]"
883,883,0,BWD,2,0,bwd,1,o_proj,bwd_op@1:o_proj,,,0,,267919360,264284160,101187584,0,0,0,0,0,0,0,0,0,0,0,-4194304,0,633391104,-4194304,False,[],"[{""microbatch"": 2, ""layer_id"": -1, ""resident_bytes"": 73934848, ""offloaded_bytes"": 0}, {""microbatch"": 2, ""layer_id"": 0, ""resident_bytes"": 95191040, ""offloaded_bytes"": 8388608}, {""microbatch"": 2, ""layer_id"": 1, ""resident_bytes"": 95158272, ""offloaded_bytes"": 8388608}]"
884,884,0,BWD,2,0,bwd,1,flash,bwd_op@1:flash,,,0,,267919360,264284160,101187584,0,0,0,0,0,0,0,0,0,0,0,0,0,633391104,0,False,[],"[{""microbatch"": 2, ""layer_id"": -1, ""resident_bytes"": 73934848, ""offloaded_bytes"": 0}, {""microbatch"": 2, ""layer_id"": 0, ""resident_bytes"": 95191040, ""offloaded_bytes"": 8388608}, {""microbatch"": 2, ""layer_id"": 1, ""resident_bytes"": 95158272, ""offloaded_bytes"": 8388608}]"
885,885,0,BWD,2,0,bwd,1,rope,bwd_op@1:rope,,,0,,267919360,264284160,101187584,0,0,0,0,0,0,0,0,0,0,0,0,0,633391104,0,False,[],"[{""microbatch"": 2, ""layer_id"": -1, ""resident_bytes"": 73934848, ""offloaded_bytes"": 0}, {""microbatch"": 2, ""layer_id"": 0, ""resident_bytes"": 95191040, ""offloaded_bytes"": 8388608}, {""microbatch"": 2, ""layer_id"": 1, ""resident_bytes"": 95158272, ""offloaded_bytes"": 8388608}]"
886,886,0,BWD,2,0,bwd,1,qkv,bwd_op@1:qkv,,,0,,267919360,264284160,101187584,0,0,0,33554432,0,0,0,0,0,0,0,33554432,0,666945536,33554432,False,[],"[{""microbatch"": 2, ""layer_id"": -1, ""resident_bytes"": 73934848, ""offloaded_bytes"": 0}, {""microbatch"": 2, ""layer_id"": 0, ""resident_bytes"": 95191040, ""offloaded_bytes"": 8388608}, {""microbatch"": 2, ""layer_id"": 1, ""resident_bytes"": 95158272, ""offloaded_bytes"": 8388608}]"
887,887,0,BWD,2,0,bwd,1,ln1,bwd_op@1:ln1,,,0,,267919360,264284160,101187584,0,0,0,0,0,0,0,0,0,0,0,-33554432,0,633391104,-33554432,False,[],"[{""microbatch"": 2, ""layer_id"": -1, ""resident_bytes"": 73934848, ""offloaded_bytes"": 0}, {""microbatch"": 2, ""layer_id"": 0, ""resident_bytes"": 95191040, ""offloaded_bytes"": 8388608}, {""microbatch"": 2, ""layer_id"": 1, ""resident_bytes"": 95158272, ""offloaded_bytes"": 8388608}]"
888,888,0,BWD,2,0,bwd,1,,bwd_grad@1,,,0,,267919360,264284160,101187584,50593792,0,0,0,0,0,0,0,50593792,0,0,0,0,683984896,50593792,False,[],"[{""microbatch"": 2, ""layer_id"": -1, ""resident_bytes"": 73934848, ""offloaded_bytes"": 0}, {""microbatch"": 2, ""layer_id"": 0, ""resident_bytes"": 95191040, ""offloaded_bytes"": 8388608}, {""microbatch"": 2, ""layer_id"": 1, ""resident_bytes"": 95158272, ""offloaded_bytes"": 8388608}]"
889,889,0,BWD,2,0,bwd,1,,bwd_activation_release@1,,,0,,267919360,169125888,101187584,0,0,0,0,0,0,-95158272,0,-50593792,0,0,0,0,538232832,-145752064,False,[],"[{""microbatch"": 2, ""layer_id"": -1, ""resident_bytes"": 73934848, ""offloaded_bytes"": 0}, {""microbatch"": 2, ""layer_id"": 0, ""resident_bytes"": 95191040, ""offloaded_bytes"": 8388608}]"
890,890,0,BWD,2,0,bwd,0,,bwd_gather@0,,,0,,267919360,169125888,50593792,0,0,0,0,0,0,0,-50593792,0,0,0,0,0,487639040,-50593792,False,[],"[{""microbatch"": 2, ""layer_id"": -1, ""resident_bytes"": 73934848, ""offloaded_bytes"": 0}, {""microbatch"": 2, ""layer_id"": 0, ""resident_bytes"": 95191040, ""offloaded_bytes"": 8388608}]"
891,891,0,BWD,2,0,bwd,0,,bwd_swap_prefetch@0,,,0,,267919360,169125888,50593792,0,0,8388608,0,0,0,0,0,0,0,8388608,0,0,496027648,8388608,False,[],"[{""microbatch"": 2, ""layer_id"": -1, ""resident_bytes"": 73934848, ""offloaded_bytes"": 0}, {""microbatch"": 2, ""layer_id"": 0, ""resident_bytes"": 95191040, ""offloaded_bytes"": 8388608}]"
892,892,0,BWD,2,0,bwd,0,,bwd_recompute@0,,,0,,267919360,169125888,50593792,0,22544384,0,0,0,0,0,0,0,22544384,-8388608,0,0,510183424,14155776,False,[],"[{""microbatch"": 2, ""layer_id"": -1, ""resident_bytes"": 73934848, ""offloaded_bytes"": 0}, {""microbatch"": 2, ""layer_id"": 0, ""resident_bytes"": 95191040, ""offloaded_bytes"": 8388608}]"
893,893,0,BWD,2,0,bwd,0,add2,bwd_op@0:add2,,,0,,267919360,169125888,50593792,0,0,0,4194304,0,0,0,0,0,-22544384,0,4194304,0,491833344,-18350080,False,[],"[{""microbatch"": 2, ""layer_id"": -1, ""resident_bytes"": 73934848, ""offloaded_bytes"": 0}, {""microbatch"": 2, ""layer_id"": 0, ""resident_bytes"": 95191040, ""offloaded_bytes"": 8388608}]"
894,894,0,BWD,2,0,bwd,0,fc2,bwd_op@0:fc2,,,0,,267919360,169125888,50593792,0,0,0,0,0,0,0,0,0,0,0,-4194304,0,487639040,-4194304,False,[],"[{""microbatch"": 2, ""layer_id"": -1, ""resident_bytes"": 73934848, ""offloaded_bytes"": 0}, {""microbatch"": 2, ""layer_id"": 0, ""resident_bytes"": 95191040, ""offloaded_bytes"": 8388608}]"
895,895,0,BWD,2,0,bwd,0,swiglu,bwd_op@0:swiglu,,,0,,267919360,169125888,50593792,0,0,0,0,0,0,0,0,0,0,0,0,0,487639040,0,False,[],"[{""microbatch"": 2, ""layer_id"": -1, ""resident_bytes"": 73934848, ""offloaded_bytes"": 0}, {""microbatch"": 2, ""layer_id"": 0, ""resident_bytes"": 95191040, ""offloaded_bytes"": 8388608}]"
896,896,0,BWD,2,0,bwd,0,fc1,bwd_op@0:fc1,,,0,,267919360,169125888,50593792,0,0,0,33554432,0,0,0,0,0,0,0,33554432,0,521193472,33554432,False,[],"[{""microbatch"": 2, ""layer_id"": -1, ""resident_bytes"": 73934848, ""offloaded_bytes"": 0}, {""microbatch"": 2, ""layer_id"": 0, ""resident_bytes"": 95191040, ""offloaded_bytes"": 8388608}]"
897,897,0,BWD,2,0,bwd,0,ln2,bwd_op@0:ln2,,,0,,267919360,169125888,50593792,0,0,0,0,0,0,0,0,0,0,0,-33554432,0,487639040,-33554432,False,[],"[{""microbatch"": 2, ""layer_id"": -1, ""resident_bytes"": 73934848, ""offloaded_bytes"": 0}, {""microbatch"": 2, ""layer_id"": 0, ""resident_bytes"": 95191040, ""offloaded_bytes"": 8388608}]"
898,898,0,BWD,2,0,bwd,0,add1,bwd_op@0:add1,,,0,,267919360,169125888,50593792,0,0,0,4194304,0,0,0,0,0,0,0,4194304,0,491833344,4194304,False,[],"[{""microbatch"": 2, ""layer_id"": -1, ""resident_bytes"": 73934848, ""offloaded_bytes"": 0}, {""microbatch"": 2, ""layer_id"": 0, ""resident_bytes"": 95191040, ""offloaded_bytes"": 8388608}]"
899,899,0,BWD,2,0,bwd,0,o_proj,bwd_op@0:o_proj,,,0,,267919360,169125888,50593792,0,0,0,0,0,0,0,0,0,0,0,-4194304,0,487639040,-4194304,False,[],"[{""microbatch"": 2, ""layer_id"": -1, ""resident_bytes"": 73934848, ""offloaded_bytes"": 0}, {""microbatch"": 2, ""layer_id"": 0, ""resident_bytes"": 95191040, ""offloaded_bytes"": 8388608}]"
900,900,0,BWD,2,0,bwd,0,flash,bwd_op@0:flash,,,0,,267919360,169125888,50593792,0,0,0,0,0,0,0,0,0,0,0,0,0,487639040,0,False,[],"[{""microbatch"": 2, ""layer_id"": -1, ""resident_bytes"": 73934848, ""offloaded_bytes"": 0}, {""microbatch"": 2, ""layer_id"": 0, ""resident_bytes"": 95191040, ""offloaded_bytes"": 8388608}]"
901,901,0,BWD,2,0,bwd,0,rope,bwd_op@0:rope,,,0,,267919360,169125888,50593792,0,0,0,0,0,0,0,0,0,0,0,0,0,487639040,0,False,[],"[{""microbatch"": 2, ""layer_id"": -1, ""resident_bytes"": 73934848, ""offloaded_bytes"": 0}, {""microbatch"": 2, ""layer_id"": 0, ""resident_bytes"": 95191040, ""offloaded_bytes"": 8388608}]"
902,902,0,BWD,2,0,bwd,0,qkv,bwd_op@0:qkv,,,0,,267919360,169125888,50593792,0,0,0,33554432,0,0,0,0,0,0,0,33554432,0,521193472,33554432,False,[],"[{""microbatch"": 2, ""layer_id"": -1, ""resident_bytes"": 73934848, ""offloaded_bytes"": 0}, {""microbatch"": 2, ""layer_id"": 0, ""resident_bytes"": 95191040, ""offloaded_bytes"": 8388608}]"
903,903,0,BWD,2,0,bwd,0,ln1,bwd_op@0:ln1,,,0,,267919360,169125888,50593792,0,0,0,0,0,0,0,0,0,0,0,-33554432,0,487639040,-33554432,False,[],"[{""microbatch"": 2, ""layer_id"": -1, ""resident_bytes"": 73934848, ""offloaded_bytes"": 0}, {""microbatch"": 2, ""layer_id"": 0, ""resident_bytes"": 95191040, ""offloaded_bytes"": 8388608}]"
904,904,0,BWD,2,0,bwd,0,,bwd_grad@0,,,0,,267919360,169125888,50593792,50593792,0,0,0,0,0,0,0,50593792,0,0,0,0,538232832,50593792,False,[],"[{""microbatch"": 2, ""layer_id"": -1, ""resident_bytes"": 73934848, ""offloaded_bytes"": 0}, {""microbatch"": 2, ""layer_id"": 0, ""resident_bytes"": 95191040, ""offloaded_bytes"": 8388608}]"
905,905,0,BWD,2,0,bwd,0,,bwd_activation_release@0,,,0,,267919360,73934848,50593792,0,0,0,0,0,0,-95191040,0,-50593792,0,0,0,0,392448000,-145784832,False,[],"[{""microbatch"": 2, ""layer_id"": -1, ""resident_bytes"": 73934848, ""offloaded_bytes"": 0}]"
906,906,0,BWD,2,0,bwd,-1,,bwd_edge_activation_release,,,0,,267919360,0,0,0,0,0,0,0,0,-73934848,-50593792,0,0,0,0,0,267919360,-124528640,False,[],[]
907,907,0,BWD,2,0,bwd,,,bwd_edge_gather@embedding,,,0,,267919360,0,32768000,0,0,0,0,0,0,0,32768000,0,0,0,0,0,300687360,32768000,False,[],[]
908,908,0,BWD,2,0,bwd,,,bwd_edge_grad@embedding,,,0,,267919360,0,32768000,32768000,0,0,0,0,0,0,0,32768000,0,0,0,0,333455360,32768000,False,[],[]
909,909,0,BWD,2,0,bwd,,,bwd_end,,,0,,267919360,0,0,0,0,0,0,0,0,0,-32768000,-32768000,0,0,0,0,267919360,-65536000,False,[],[]
910,910,0,FWD,3,0,fwd,,,fwd_edge_gather@embedding,,,0,,267919360,0,32768000,0,0,0,0,0,0,0,32768000,0,0,0,0,0,300687360,32768000,False,[],[]
911,911,0,FWD,3,0,fwd,,,fwd_edge_op@embedding,,,0,,267919360,0,32768000,0,0,0,0,0,0,0,0,0,0,0,0,0,300687360,0,False,[],[]
912,912,0,FWD,3,0,fwd,0,,fwd_gather@0,,,0,,267919360,0,101187584,0,0,0,0,0,0,0,68419584,0,0,0,0,0,369106944,68419584,False,[],[]
913,913,0,FWD,3,0,fwd,0,ln1,fwd_input@0:0,ALLOC,x|shard=0:tp|partial=complete|dtype=default,4194304,workspace,267919360,0,101187584,0,0,0,4194304,0,0,0,0,0,0,0,4194304,0,373301248,4194304,False,[],[]
914,914,0,FWD,3,0,fwd,0,ln1,fwd_output@0:0,ALLOC,ln1|shard=0:tp|partial=complete|dtype=default,4194304,workspace,267919360,0,101187584,0,0,0,8388608,0,0,0,0,0,0,0,4194304,0,377495552,4194304,False,[],[]
915,915,0,FWD,3,0,fwd,0,ln1,fwd_op_execute@0:ln1,MARK,op:0:0:ln1,0,,267919360,0,101187584,0,0,0,8388608,0,0,0,0,0,0,0,0,0,377495552,0,False,[],[]
916,916,0,FWD,3,0,fwd,0,ln1,fwd_value_end@0:ln1,FREE,ln1|shard=0:tp|partial=complete|dtype=default,4194304,workspace,267919360,0,101187584,0,0,0,4194304,0,0,0,0,0,0,0,-4194304,0,373301248,-4194304,False,[],[]
917,917,0,FWD,3,0,fwd,0,qkv,fwd_input@0:1,ALLOC,ln1|shard=replicated|partial=complete|dtype=default,33554432,act_live,267919360,33554432,101187584,0,0,0,4194304,0,0,33554432,0,0,0,0,0,0,406855680,33554432,False,[],[]
918,918,0,FWD,3,0,fwd,0,qkv,fwd_output@0:1,ALLOC,qkv|shard=2:tp|partial=complete|dtype=default,12582912,act_live,267919360,46137344,101187584,0,0,0,4194304,0,0,12582912,0,0,0,0,0,0,419438592,12582912,False,[],[]
919,919,0,FWD,3,0,fwd,0,qkv,fwd_comm@0:qkv,ALLOC,comm:0:1:qkv,33554432,communication,267919360,46137344,101187584,0,0,0,37748736,0,0,0,0,0,0,0,33554432,0,452993024,33554432,False,[],[]
920,920,0,FWD,3,0,fwd,0,qkv,fwd_op_execute@0:qkv,MARK,op:0:1:qkv,0,,267919360,46137344,101187584,0,0,0,37748736,0,0,0,0,0,0,0,0,0,452993024,0,False,[],[]
921,921,0,FWD,3,0,fwd,0,qkv,fwd_comm_end@0:qkv,FREE,comm:0:1:qkv,33554432,communication,267919360,46137344,101187584,0,0,0,4194304,0,0,0,0,0,0,0,-33554432,0,419438592,-33554432,False,[],[]
922,922,0,FWD,3,0,fwd,0,rope,fwd_op_execute@0:rope,MARK,op:0:2:rope,0,,267919360,46137344,101187584,0,0,0,4194304,0,0,0,0,0,0,0,0,0,419438592,0,False,[],[]
923,923,0,FWD,3,0,fwd,0,flash,fwd_output@0:3,ALLOC,attn|shard=2:tp|partial=complete|dtype=default,4194304,act_live,267919360,50331648,101187584,0,0,0,4194304,0,0,4194304,0,0,0,0,0,0,423632896,4194304,False,[],[]
924,924,0,FWD,3,0,fwd,0,flash,fwd_save@0:3,ALLOC,lse|shard=2:tp|partial=complete|dtype=default,32768,act_live,267919360,50364416,101187584,0,0,0,4194304,0,0,32768,0,0,0,0,0,0,423665664,32768,False,[],[]
925,925,0,FWD,3,0,fwd,0,flash,fwd_op@0:flash,ALLOC,workspace:0:3:flash,33554432,workspace,267919360,50364416,101187584,0,0,0,37748736,0,0,0,0,0,0,0,33554432,0,457220096,33554432,False,[],[]
926,926,0,FWD,3,0,fwd,0,flash,fwd_op_execute@0:flash,MARK,op:0:3:flash,0,,267919360,50364416,101187584,0,0,0,37748736,0,0,0,0,0,0,0,0,0,457220096,0,False,[],[]
927,927,0,FWD,3,0,fwd,0,flash,fwd_op_end@0:flash,FREE,workspace:0:3:flash,33554432,workspace,267919360,50364416,101187584,0,0,0,4194304,0,0,0,0,0,0,0,-33554432,0,423665664,-33554432,False,[],[]
928,928,0,FWD,3,0,fwd,0,o_proj,fwd_output@0:4,ALLOC,o|shard=replicated|partial=tp|dtype=default,33554432,workspace,267919360,50364416,101187584,0,0,0,37748736,0,0,0,0,0,0,0,33554432,0,457220096,33554432,False,[],[]
929,929,0,FWD,3,0,fwd,0,o_proj,fwd_op_execute@0:o_proj,MARK,op:0:4:o_proj,0,,267919360,50364416,101187584,0,0,0,37748736,0,0,0,0,0,0,0,0,0,457220096,0,False,[],[]
930,930,0,FWD,3,0,fwd,0,o_proj,fwd_value_end@0:o_proj,FREE,o|shard=replicated|partial=tp|dtype=default,33554432,workspace,267919360,50364416,101187584,0,0,0,4194304,0,0,0,0,0,0,0,-33554432,0,423665664,-33554432,False,[],[]
931,931,0,FWD,3,0,fwd,0,add1,fwd_input@0:5,ALLOC,o|shard=0:tp|partial=complete|dtype=default,4194304,workspace,267919360,50364416,101187584,0,0,0,8388608,0,0,0,0,0,0,0,4194304,0,427859968,4194304,False,[],[]
932,932,0,FWD,3,0,fwd,0,add1,fwd_output@0:5,ALLOC,h1|shard=0:tp|partial=complete|dtype=default,4194304,workspace,267919360,50364416,101187584,0,0,0,12582912,0,0,0,0,0,0,0,4194304,0,432054272,4194304,False,[],[]
933,933,0,FWD,3,0,fwd,0,add1,fwd_comm@0:add1,ALLOC,comm:0:5:add1,4194304,communication,267919360,50364416,101187584,0,0,0,16777216,0,0,0,0,0,0,0,4194304,0,436248576,4194304,False,[],[]
934,934,0,FWD,3,0,fwd,0,add1,fwd_op_execute@0:add1,MARK,op:0:5:add1,0,,267919360,50364416,101187584,0,0,0,16777216,0,0,0,0,0,0,0,0,0,436248576,0,False,[],[]
935,935,0,FWD,3,0,fwd,0,add1,fwd_comm_end@0:add1,FREE,comm:0:5:add1,4194304,communication,267919360,50364416,101187584,0,0,0,12582912,0,0,0,0,0,0,0,-4194304,0,432054272,-4194304,False,[],[]
936,936,0,FWD,3,0,fwd,0,add1,fwd_value_end@0:add1,FREE,o|shard=0:tp|partial=complete|dtype=default,4194304,workspace,267919360,50364416,101187584,0,0,0,8388608,0,0,0,0,0,0,0,-4194304,0,427859968,-4194304,False,[],[]
937,937,0,FWD,3,0,fwd,0,add1,fwd_value_end@0:add1,FREE,x|shard=0:tp|partial=complete|dtype=default,4194304,workspace,267919360,50364416,101187584,0,0,0,4194304,0,0,0,0,0,0,0,-4194304,0,423665664,-4194304,False,[],[]
938,938,0,FWD,3,0,fwd,0,ln2,fwd_output@0:6,ALLOC,ln2|shard=0:tp|partial=complete|dtype=default,4194304,workspace,267919360,50364416,101187584,0,0,0,8388608,0,0,0,0,0,0,0,4194304,0,427859968,4194304,False,[],[]
939,939,0,FWD,3,0,fwd,0,ln2,fwd_op_execute@0:ln2,MARK,op:0:6:ln2,0,,267919360,50364416,101187584,0,0,0,8388608,0,0,0,0,0,0,0,0,0,427859968,0,False,[],[]
940,940,0,FWD,3,0,fwd,0,ln2,fwd_value_end@0:ln2,FREE,ln2|shard=0:tp|partial=complete|dtype=default,4194304,workspace,267919360,50364416,101187584,0,0,0,4194304,0,0,0,0,0,0,0,-4194304,0,423665664,-4194304,False,[],[]
941,941,0,FWD,3,0,fwd,0,fc1,fwd_input@0:7,ALLOC,ln2|shard=replicated|partial=complete|dtype=default,33554432,act_live,267919360,83918848,101187584,0,0,0,4194304,0,0,33554432,0,0,0,0,0,0,457220096,33554432,False,[],[]
942,942,0,FWD,3,0,fwd,0,fc1,fwd_output@0:7,ALLOC,gate|shard=2:tp|partial=complete|dtype=default,22544384,workspace,267919360,83918848,101187584,0,0,0,26738688,0,0,0,0,0,0,0,22544384,0,479764480,22544384,False,[],[]
943,943,0,FWD,3,0,fwd,0,fc1,fwd_comm@0:fc1,ALLOC,comm:0:7:fc1,33554432,communication,267919360,83918848,101187584,0,0,0,60293120,0,0,0,0,0,0,0,33554432,0,513318912,33554432,False,[],[]
944,944,0,FWD,3,0,fwd,0,fc1,fwd_op_execute@0:fc1,MARK,op:0:7:fc1,0,,267919360,83918848,101187584,0,0,0,60293120,0,0,0,0,0,0,0,0,0,513318912,0,False,[],[]
945,945,0,FWD,3,0,fwd,0,fc1,fwd_comm_end@0:fc1,FREE,comm:0:7:fc1,33554432,communication,267919360,83918848,101187584,0,0,0,26738688,0,0,0,0,0,0,0,-33554432,0,479764480,-33554432,False,[],[]
946,946,0,FWD,3,0,fwd,0,swiglu,fwd_output@0:8,ALLOC,act|shard=2:tp|partial=complete|dtype=default,11272192,act_live,267919360,95191040,101187584,0,0,0,26738688,0,0,11272192,0,0,0,0,0,0,491036672,11272192,False,[],[]
947,947,0,FWD,3,0,fwd,0,swiglu,fwd_op_execute@0:swiglu,MARK,op:0:8:swiglu,0,,267919360,95191040,101187584,0,0,0,26738688,0,0,0,0,0,0,0,0,0,491036672,0,False,[],[]
948,948,0,FWD,3,0,fwd,0,swiglu,fwd_value_end@0:swiglu,FREE,gate|shard=2:tp|partial=complete|dtype=default,22544384,workspace,267919360,95191040,101187584,0,0,0,4194304,0,0,0,0,0,0,0,-22544384,0,468492288,-22544384,False,[],[]
949,949,0,FWD,3,0,fwd,0,fc2,fwd_output@0:9,ALLOC,o2|shard=replicated|partial=tp|dtype=default,33554432,workspace,267919360,95191040,101187584,0,0,0,37748736,0,0,0,0,0,0,0,33554432,0,502046720,33554432,False,[],[]
950,950,0,FWD,3,0,fwd,0,fc2,fwd_op_execute@0:fc2,MARK,op:0:9:fc2,0,,267919360,95191040,101187584,0,0,0,37748736,0,0,0,0,0,0,0,0,0,502046720,0,False,[],[]
951,951,0,FWD,3,0,fwd,0,fc2,fwd_value_end@0:fc2,FREE,o2|shard=replicated|partial=tp|dtype=default,33554432,workspace,267919360,95191040,101187584,0,0,0,4194304,0,0,0,0,0,0,0,-33554432,0,468492288,-33554432,False,[],[]
952,952,0,FWD,3,0,fwd,0,add2,fwd_input@0:10,ALLOC,o2|shard=0:tp|partial=complete|dtype=default,4194304,workspace,267919360,95191040,101187584,0,0,0,8388608,0,0,0,0,0,0,0,4194304,0,472686592,4194304,False,[],[]
953,953,0,FWD,3,0,fwd,0,add2,fwd_output@0:10,ALLOC,h2|shard=0:tp|partial=complete|dtype=default,4194304,workspace,267919360,95191040,101187584,0,0,0,12582912,0,0,0,0,0,0,0,4194304,0,476880896,4194304,False,[],[]
954,954,0,FWD,3,0,fwd,0,add2,fwd_comm@0:add2,ALLOC,comm:0:10:add2,4194304,communication,267919360,95191040,101187584,0,0,0,16777216,0,0,0,0,0,0,0,4194304,0,481075200,4194304,False,[],[]
955,955,0,FWD,3,0,fwd,0,add2,fwd_op_execute@0:add2,MARK,op:0:10:add2,0,,267919360,95191040,101187584,0,0,0,16777216,0,0,0,0,0,0,0,0,0,481075200,0,False,[],[]
956,956,0,FWD,3,0,fwd,0,add2,fwd_comm_end@0:add2,FREE,comm:0:10:add2,4194304,communication,267919360,95191040,101187584,0,0,0,12582912,0,0,0,0,0,0,0,-4194304,0,476880896,-4194304,False,[],[]
957,957,0,FWD,3,0,fwd,0,add2,fwd_value_end@0:add2,FREE,h2|shard=0:tp|partial=complete|dtype=default,4194304,workspace,267919360,95191040,101187584,0,0,0,8388608,0,0,0,0,0,0,0,-4194304,0,472686592,-4194304,False,[],[]
958,958,0,FWD,3,0,fwd,0,add2,fwd_value_end@0:add2,FREE,h1|shard=0:tp|partial=complete|dtype=default,4194304,workspace,267919360,95191040,101187584,0,0,0,4194304,0,0,0,0,0,0,0,-4194304,0,468492288,-4194304,False,[],[]
959,959,0,FWD,3,0,fwd,0,add2,fwd_value_end@0:add2,FREE,o2|shard=0:tp|partial=complete|dtype=default,4194304,workspace,267919360,95191040,101187584,0,0,0,0,0,0,0,0,0,0,0,-4194304,0,464297984,-4194304,False,[],[]
960,960,0,FWD,3,0,fwd,0,,fwd_end@0,,,0,,267919360,95191040,101187584,0,0,0,0,0,0,0,0,0,0,0,0,0,464297984,0,False,[],"[{""microbatch"": 3, ""layer_id"": 0, ""resident_bytes"": 95191040, ""offloaded_bytes"": 8388608}]"
961,961,0,FWD,3,0,fwd,1,,fwd_gather@1,,,0,,267919360,95191040,101187584,0,0,0,0,0,0,0,0,0,0,0,0,0,464297984,0,False,[],"[{""microbatch"": 3, ""layer_id"": 0, ""resident_bytes"": 95191040, ""offloaded_bytes"": 8388608}]"
962,962,0,FWD,3,0,fwd,1,ln1,fwd_input@1:0,ALLOC,x|shard=0:tp|partial=complete|dtype=default,4194304,workspace,267919360,95191040,101187584,0,0,0,4194304,0,0,0,0,0,0,0,4194304,0,468492288,4194304,False,[],"[{""microbatch"": 3, ""layer_id"": 0, ""resident_bytes"": 95191040, ""offloaded_bytes"": 8388608}]"
963,963,0,FWD,3,0,fwd,1,ln1,fwd_output@1:0,ALLOC,ln1|shard=0:tp|partial=complete|dtype=default,4194304,workspace,267919360,95191040,101187584,0,0,0,8388608,0,0,0,0,0,0,0,4194304,0,472686592,4194304,False,[],"[{""microbatch"": 3, ""layer_id"": 0, ""resident_bytes"": 95191040, ""offloaded_bytes"": 8388608}]"
964,964,0,FWD,3,0,fwd,1,ln1,fwd_op_execute@1:ln1,MARK,op:1:0:ln1,0,,267919360,95191040,101187584,0,0,0,8388608,0,0,0,0,0,0,0,0,0,472686592,0,False,[],"[{""microbatch"": 3, ""layer_id"": 0, ""resident_bytes"": 95191040, ""offloaded_bytes"": 8388608}]"
965,965,0,FWD,3,0,fwd,1,ln1,fwd_value_end@1:ln1,FREE,ln1|shard=0:tp|partial=complete|dtype=default,4194304,workspace,267919360,95191040,101187584,0,0,0,4194304,0,0,0,0,0,0,0,-4194304,0,468492288,-4194304,False,[],"[{""microbatch"": 3, ""layer_id"": 0, ""resident_bytes"": 95191040, ""offloaded_bytes"": 8388608}]"
966,966,0,FWD,3,0,fwd,1,qkv,fwd_input@1:1,ALLOC,ln1|shard=replicated|partial=complete|dtype=default,33554432,act_live,267919360,128745472,101187584,0,0,0,4194304,0,0,33554432,0,0,0,0,0,0,502046720,33554432,False,[],"[{""microbatch"": 3, ""layer_id"": 0, ""resident_bytes"": 95191040, ""offloaded_bytes"": 8388608}]"
967,967,0,FWD,3,0,fwd,1,qkv,fwd_output@1:1,ALLOC,qkv|shard=2:tp|partial=complete|dtype=default,12582912,act_live,267919360,141328384,101187584,0,0,0,4194304,0,0,12582912,0,0,0,0,0,0,514629632,12582912,False,[],"[{""microbatch"": 3, ""layer_id"": 0, ""resident_bytes"": 95191040, ""offloaded_bytes"": 8388608}]"
968,968,0,FWD,3,0,fwd,1,qkv,fwd_comm@1:qkv,ALLOC,comm:1:1:qkv,33554432,communication,267919360,141328384,101187584,0,0,0,37748736,0,0,0,0,0,0,0,33554432,0,548184064,33554432,False,[],"[{""microbatch"": 3, ""layer_id"": 0, ""resident_bytes"": 95191040, ""offloaded_bytes"": 8388608}]"
969,969,0,FWD,3,0,fwd,1,qkv,fwd_op_execute@1:qkv,MARK,op:1:1:qkv,0,,267919360,141328384,101187584,0,0,0,37748736,0,0,0,0,0,0,0,0,0,548184064,0,False,[],"[{""microbatch"": 3, ""layer_id"": 0, ""resident_bytes"": 95191040, ""offloaded_bytes"": 8388608}]"
970,970,0,FWD,3,0,fwd,1,qkv,fwd_comm_end@1:qkv,FREE,comm:1:1:qkv,33554432,communication,267919360,141328384,101187584,0,0,0,4194304,0,0,0,0,0,0,0,-33554432,0,514629632,-33554432,False,[],"[{""microbatch"": 3, ""layer_id"": 0, ""resident_bytes"": 95191040, ""offloaded_bytes"": 8388608}]"
971,971,0,FWD,3,0,fwd,1,rope,fwd_op_execute@1:rope,MARK,op:1:2:rope,0,,267919360,141328384,101187584,0,0,0,4194304,0,0,0,0,0,0,0,0,0,514629632,0,False,[],"[{""microbatch"": 3, ""layer_id"": 0, ""resident_bytes"": 95191040, ""offloaded_bytes"": 8388608}]"
972,972,0,FWD,3,0,fwd,1,flash,fwd_output@1:3,ALLOC,attn|shard=2:tp|partial=complete|dtype=default,4194304,act_live,267919360,145522688,101187584,0,0,0,4194304,0,0,4194304,0,0,0,0,0,0,518823936,4194304,False,[],"[{""microbatch"": 3, ""layer_id"": 0, ""resident_bytes"": 95191040, ""offloaded_bytes"": 8388608}]"
973,973,0,FWD,3,0,fwd,1,flash,fwd_save@1:3,ALLOC,lse|shard=2:tp|partial=complete|dtype=default,32768,workspace,267919360,145522688,101187584,0,0,0,4227072,0,0,0,0,0,0,0,32768,0,518856704,32768,False,[],"[{""microbatch"": 3, ""layer_id"": 0, ""resident_bytes"": 95191040, ""offloaded_bytes"": 8388608}]"
974,974,0,FWD,3,0,fwd,1,flash,fwd_op@1:flash,ALLOC,workspace:1:3:flash,33554432,workspace,267919360,145522688,101187584,0,0,0,37781504,0,0,0,0,0,0,0,33554432,0,552411136,33554432,False,[],"[{""microbatch"": 3, ""layer_id"": 0, ""resident_bytes"": 95191040, ""offloaded_bytes"": 8388608}]"
975,975,0,FWD,3,0,fwd,1,flash,fwd_op_execute@1:flash,MARK,op:1:3:flash,0,,267919360,145522688,101187584,0,0,0,37781504,0,0,0,0,0,0,0,0,0,552411136,0,False,[],"[{""microbatch"": 3, ""layer_id"": 0, ""resident_bytes"": 95191040, ""offloaded_bytes"": 8388608}]"
976,976,0,FWD,3,0,fwd,1,flash,fwd_op_end@1:flash,FREE,workspace:1:3:flash,33554432,workspace,267919360,145522688,101187584,0,0,0,4227072,0,0,0,0,0,0,0,-33554432,0,518856704,-33554432,False,[],"[{""microbatch"": 3, ""layer_id"": 0, ""resident_bytes"": 95191040, ""offloaded_bytes"": 8388608}]"
977,977,0,FWD,3,0,fwd,1,flash,fwd_value_end@1:flash,FREE,lse|shard=2:tp|partial=complete|dtype=default,32768,workspace,267919360,145522688,101187584,0,0,0,4194304,0,0,0,0,0,0,0,-32768,0,518823936,-32768,False,[],"[{""microbatch"": 3, ""layer_id"": 0, ""resident_bytes"": 95191040, ""offloaded_bytes"": 8388608}]"
978,978,0,FWD,3,0,fwd,1,o_proj,fwd_output@1:4,ALLOC,o|shard=replicated|partial=tp|dtype=default,33554432,workspace,267919360,145522688,101187584,0,0,0,37748736,0,0,0,0,0,0,0,33554432,0,552378368,33554432,False,[],"[{""microbatch"": 3, ""layer_id"": 0, ""resident_bytes"": 95191040, ""offloaded_bytes"": 8388608}]"
979,979,0,FWD,3,0,fwd,1,o_proj,fwd_op_execute@1:o_proj,MARK,op:1:4:o_proj,0,,267919360,145522688,101187584,0,0,0,37748736,0,0,0,0,0,0,0,0,0,552378368,0,False,[],"[{""microbatch"": 3, ""layer_id"": 0, ""resident_bytes"": 95191040, ""offloaded_bytes"": 8388608}]"
980,980,0,FWD,3,0,fwd,1,o_proj,fwd_value_end@1:o_proj,FREE,o|shard=replicated|partial=tp|dtype=default,33554432,workspace,267919360,145522688,101187584,0,0,0,4194304,0,0,0,0,0,0,0,-33554432,0,518823936,-33554432,False,[],"[{""microbatch"": 3, ""layer_id"": 0, ""resident_bytes"": 95191040, ""offloaded_bytes"": 8388608}]"
981,981,0,FWD,3,0,fwd,1,add1,fwd_input@1:5,ALLOC,o|shard=0:tp|partial=complete|dtype=default,4194304,workspace,267919360,145522688,101187584,0,0,0,8388608,0,0,0,0,0,0,0,4194304,0,523018240,4194304,False,[],"[{""microbatch"": 3, ""layer_id"": 0, ""resident_bytes"": 95191040, ""offloaded_bytes"": 8388608}]"
982,982,0,FWD,3,0,fwd,1,add1,fwd_output@1:5,ALLOC,h1|shard=0:tp|partial=complete|dtype=default,4194304,workspace,267919360,145522688,101187584,0,0,0,12582912,0,0,0,0,0,0,0,4194304,0,527212544,4194304,False,[],"[{""microbatch"": 3, ""layer_id"": 0, ""resident_bytes"": 95191040, ""offloaded_bytes"": 8388608}]"
983,983,0,FWD,3,0,fwd,1,add1,fwd_comm@1:add1,ALLOC,comm:1:5:add1,4194304,communication,267919360,145522688,101187584,0,0,0,16777216,0,0,0,0,0,0,0,4194304,0,531406848,4194304,False,[],"[{""microbatch"": 3, ""layer_id"": 0, ""resident_bytes"": 95191040, ""offloaded_bytes"": 8388608}]"
984,984,0,FWD,3,0,fwd,1,add1,fwd_op_execute@1:add1,MARK,op:1:5:add1,0,,267919360,145522688,101187584,0,0,0,16777216,0,0,0,0,0,0,0,0,0,531406848,0,False,[],"[{""microbatch"": 3, ""layer_id"": 0, ""resident_bytes"": 95191040, ""offloaded_bytes"": 8388608}]"
985,985,0,FWD,3,0,fwd,1,add1,fwd_comm_end@1:add1,FREE,comm:1:5:add1,4194304,communication,267919360,145522688,101187584,0,0,0,12582912,0,0,0,0,0,0,0,-4194304,0,527212544,-4194304,False,[],"[{""microbatch"": 3, ""layer_id"": 0, ""resident_bytes"": 95191040, ""offloaded_bytes"": 8388608}]"
986,986,0,FWD,3,0,fwd,1,add1,fwd_value_end@1:add1,FREE,o|shard=0:tp|partial=complete|dtype=default,4194304,workspace,267919360,145522688,101187584,0,0,0,8388608,0,0,0,0,0,0,0,-4194304,0,523018240,-4194304,False,[],"[{""microbatch"": 3, ""layer_id"": 0, ""resident_bytes"": 95191040, ""offloaded_bytes"": 8388608}]"
987,987,0,FWD,3,0,fwd,1,add1,fwd_value_end@1:add1,FREE,x|shard=0:tp|partial=complete|dtype=default,4194304,workspace,267919360,145522688,101187584,0,0,0,4194304,0,0,0,0,0,0,0,-4194304,0,518823936,-4194304,False,[],"[{""microbatch"": 3, ""layer_id"": 0, ""resident_bytes"": 95191040, ""offloaded_bytes"": 8388608}]"
988,988,0,FWD,3,0,fwd,1,ln2,fwd_output@1:6,ALLOC,ln2|shard=0:tp|partial=complete|dtype=default,4194304,workspace,267919360,145522688,101187584,0,0,0,8388608,0,0,0,0,0,0,0,4194304,0,523018240,4194304,False,[],"[{""microbatch"": 3, ""layer_id"": 0, ""resident_bytes"": 95191040, ""offloaded_bytes"": 8388608}]"
989,989,0,FWD,3,0,fwd,1,ln2,fwd_op_execute@1:ln2,MARK,op:1:6:ln2,0,,267919360,145522688,101187584,0,0,0,8388608,0,0,0,0,0,0,0,0,0,523018240,0,False,[],"[{""microbatch"": 3, ""layer_id"": 0, ""resident_bytes"": 95191040, ""offloaded_bytes"": 8388608}]"
990,990,0,FWD,3,0,fwd,1,ln2,fwd_value_end@1:ln2,FREE,ln2|shard=0:tp|partial=complete|dtype=default,4194304,workspace,267919360,145522688,101187584,0,0,0,4194304,0,0,0,0,0,0,0,-4194304,0,518823936,-4194304,False,[],"[{""microbatch"": 3, ""layer_id"": 0, ""resident_bytes"": 95191040, ""offloaded_bytes"": 8388608}]"
991,991,0,FWD,3,0,fwd,1,fc1,fwd_input@1:7,ALLOC,ln2|shard=replicated|partial=complete|dtype=default,33554432,act_live,267919360,179077120,101187584,0,0,0,4194304,0,0,33554432,0,0,0,0,0,0,552378368,33554432,False,[],"[{""microbatch"": 3, ""layer_id"": 0, ""resident_bytes"": 95191040, ""offloaded_bytes"": 8388608}]"
992,992,0,FWD,3,0,fwd,1,fc1,fwd_output@1:7,ALLOC,gate|shard=2:tp|partial=complete|dtype=default,22544384,workspace,267919360,179077120,101187584,0,0,0,26738688,0,0,0,0,0,0,0,22544384,0,574922752,22544384,False,[],"[{""microbatch"": 3, ""layer_id"": 0, ""resident_bytes"": 95191040, ""offloaded_bytes"": 8388608}]"
993,993,0,FWD,3,0,fwd,1,fc1,fwd_comm@1:fc1,ALLOC,comm:1:7:fc1,33554432,communication,267919360,179077120,101187584,0,0,0,60293120,0,0,0,0,0,0,0,33554432,0,608477184,33554432,False,[],"[{""microbatch"": 3, ""layer_id"": 0, ""resident_bytes"": 95191040, ""offloaded_bytes"": 8388608}]"
994,994,0,FWD,3,0,fwd,1,fc1,fwd_op_execute@1:fc1,MARK,op:1:7:fc1,0,,267919360,179077120,101187584,0,0,0,60293120,0,0,0,0,0,0,0,0,0,608477184,0,False,[],"[{""microbatch"": 3, ""layer_id"": 0, ""resident_bytes"": 95191040, ""offloaded_bytes"": 8388608}]"
995,995,0,FWD,3,0,fwd,1,fc1,fwd_comm_end@1:fc1,FREE,comm:1:7:fc1,33554432,communication,267919360,179077120,101187584,0,0,0,26738688,0,0,0,0,0,0,0,-33554432,0,574922752,-33554432,False,[],"[{""microbatch"": 3, ""layer_id"": 0, ""resident_bytes"": 95191040, ""offloaded_bytes"": 8388608}]"
996,996,0,FWD,3,0,fwd,1,swiglu,fwd_output@1:8,ALLOC,act|shard=2:tp|partial=complete|dtype=default,11272192,act_live,267919360,190349312,101187584,0,0,0,26738688,0,0,11272192,0,0,0,0,0,0,586194944,11272192,False,[],"[{""microbatch"": 3, ""layer_id"": 0, ""resident_bytes"": 95191040, ""offloaded_bytes"": 8388608}]"
997,997,0,FWD,3,0,fwd,1,swiglu,fwd_op_execute@1:swiglu,MARK,op:1:8:swiglu,0,,267919360,190349312,101187584,0,0,0,26738688,0,0,0,0,0,0,0,0,0,586194944,0,False,[],"[{""microbatch"": 3, ""layer_id"": 0, ""resident_bytes"": 95191040, ""offloaded_bytes"": 8388608}]"
998,998,0,FWD,3,0,fwd,1,swiglu,fwd_value_end@1:swiglu,FREE,gate|shard=2:tp|partial=complete|dtype=default,22544384,workspace,267919360,190349312,101187584,0,0,0,4194304,0,0,0,0,0,0,0,-22544384,0,563650560,-22544384,False,[],"[{""microbatch"": 3, ""layer_id"": 0, ""resident_bytes"": 95191040, ""offloaded_bytes"": 8388608}]"
999,999,0,FWD,3,0,fwd,1,fc2,fwd_output@1:9,ALLOC,o2|shard=replicated|partial=tp|dtype=default,33554432,workspace,267919360,190349312,101187584,0,0,0,37748736,0,0,0,0,0,0,0,33554432,0,597204992,33554432,False,[],"[{""microbatch"": 3, ""layer_id"": 0, ""resident_bytes"": 95191040, ""offloaded_bytes"": 8388608}]"
1000,1000,0,FWD,3,0,fwd,1,fc2,fwd_op_execute@1:fc2,MARK,op:1:9:fc2,0,,267919360,190349312,101187584,0,0,0,37748736,0,0,0,0,0,0,0,0,0,597204992,0,False,[],"[{""microbatch"": 3, ""layer_id"": 0, ""resident_bytes"": 95191040, ""offloaded_bytes"": 8388608}]"
1001,1001,0,FWD,3,0,fwd,1,fc2,fwd_value_end@1:fc2,FREE,o2|shard=replicated|partial=tp|dtype=default,33554432,workspace,267919360,190349312,101187584,0,0,0,4194304,0,0,0,0,0,0,0,-33554432,0,563650560,-33554432,False,[],"[{""microbatch"": 3, ""layer_id"": 0, ""resident_bytes"": 95191040, ""offloaded_bytes"": 8388608}]"
1002,1002,0,FWD,3,0,fwd,1,add2,fwd_input@1:10,ALLOC,o2|shard=0:tp|partial=complete|dtype=default,4194304,workspace,267919360,190349312,101187584,0,0,0,8388608,0,0,0,0,0,0,0,4194304,0,567844864,4194304,False,[],"[{""microbatch"": 3, ""layer_id"": 0, ""resident_bytes"": 95191040, ""offloaded_bytes"": 8388608}]"
1003,1003,0,FWD,3,0,fwd,1,add2,fwd_output@1:10,ALLOC,h2|shard=0:tp|partial=complete|dtype=default,4194304,workspace,267919360,190349312,101187584,0,0,0,12582912,0,0,0,0,0,0,0,4194304,0,572039168,4194304,False,[],"[{""microbatch"": 3, ""layer_id"": 0, ""resident_bytes"": 95191040, ""offloaded_bytes"": 8388608}]"
1004,1004,0,FWD,3,0,fwd,1,add2,fwd_comm@1:add2,ALLOC,comm:1:10:add2,4194304,communication,267919360,190349312,101187584,0,0,0,16777216,0,0,0,0,0,0,0,4194304,0,576233472,4194304,False,[],"[{""microbatch"": 3, ""layer_id"": 0, ""resident_bytes"": 95191040, ""offloaded_bytes"": 8388608}]"
1005,1005,0,FWD,3,0,fwd,1,add2,fwd_op_execute@1:add2,MARK,op:1:10:add2,0,,267919360,190349312,101187584,0,0,0,16777216,0,0,0,0,0,0,0,0,0,576233472,0,False,[],"[{""microbatch"": 3, ""layer_id"": 0, ""resident_bytes"": 95191040, ""offloaded_bytes"": 8388608}]"
1006,1006,0,FWD,3,0,fwd,1,add2,fwd_comm_end@1:add2,FREE,comm:1:10:add2,4194304,communication,267919360,190349312,101187584,0,0,0,12582912,0,0,0,0,0,0,0,-4194304,0,572039168,-4194304,False,[],"[{""microbatch"": 3, ""layer_id"": 0, ""resident_bytes"": 95191040, ""offloaded_bytes"": 8388608}]"
1007,1007,0,FWD,3,0,fwd,1,add2,fwd_value_end@1:add2,FREE,h2|shard=0:tp|partial=complete|dtype=default,4194304,workspace,267919360,190349312,101187584,0,0,0,8388608,0,0,0,0,0,0,0,-4194304,0,567844864,-4194304,False,[],"[{""microbatch"": 3, ""layer_id"": 0, ""resident_bytes"": 95191040, ""offloaded_bytes"": 8388608}]"
1008,1008,0,FWD,3,0,fwd,1,add2,fwd_value_end@1:add2,FREE,h1|shard=0:tp|partial=complete|dtype=default,4194304,workspace,267919360,190349312,101187584,0,0,0,4194304,0,0,0,0,0,0,0,-4194304,0,563650560,-4194304,False,[],"[{""microbatch"": 3, ""layer_id"": 0, ""resident_bytes"": 95191040, ""offloaded_bytes"": 8388608}]"
1009,1009,0,FWD,3,0,fwd,1,add2,fwd_value_end@1:add2,FREE,o2|shard=0:tp|partial=complete|dtype=default,4194304,workspace,267919360,190349312,101187584,0,0,0,0,0,0,0,0,0,0,0,-4194304,0,559456256,-4194304,False,[],"[{""microbatch"": 3, ""layer_id"": 0, ""resident_bytes"": 95191040, ""offloaded_bytes"": 8388608}]"
1010,1010,0,FWD,3,0,fwd,1,,fwd_end@1,,,0,,267919360,190349312,101187584,0,0,0,0,0,0,0,0,0,0,0,0,0,559456256,0,False,[],"[{""microbatch"": 3, ""layer_id"": 0, ""resident_bytes"": 95191040, ""offloaded_bytes"": 8388608}, {""microbatch"": 3, ""layer_id"": 1, ""resident_bytes"": 95158272, ""offloaded_bytes"": 8388608}]"
1011,1011,0,FWD,3,0,fwd,2,,fwd_gather@2,,,0,,267919360,190349312,101187584,0,0,0,0,0,0,0,0,0,0,0,0,0,559456256,0,False,[],"[{""microbatch"": 3, ""layer_id"": 0, ""resident_bytes"": 95191040, ""offloaded_bytes"": 8388608}, {""microbatch"": 3, ""layer_id"": 1, ""resident_bytes"": 95158272, ""offloaded_bytes"": 8388608}]"
1012,1012,0,FWD,3,0,fwd,2,ln1,fwd_input@2:0,ALLOC,x|shard=0:tp|partial=complete|dtype=default,4194304,workspace,267919360,190349312,101187584,0,0,0,4194304,0,0,0,0,0,0,0,4194304,0,563650560,4194304,False,[],"[{""microbatch"": 3, ""layer_id"": 0, ""resident_bytes"": 95191040, ""offloaded_bytes"": 8388608}, {""microbatch"": 3, ""layer_id"": 1, ""resident_bytes"": 95158272, ""offloaded_bytes"": 8388608}]"
1013,1013,0,FWD,3,0,fwd,2,ln1,fwd_output@2:0,ALLOC,ln1|shard=0:tp|partial=complete|dtype=default,4194304,workspace,267919360,190349312,101187584,0,0,0,8388608,0,0,0,0,0,0,0,4194304,0,567844864,4194304,False,[],"[{""microbatch"": 3, ""layer_id"": 0, ""resident_bytes"": 95191040, ""offloaded_bytes"": 8388608}, {""microbatch"": 3, ""layer_id"": 1, ""resident_bytes"": 95158272, ""offloaded_bytes"": 8388608}]"
1014,1014,0,FWD,3,0,fwd,2,ln1,fwd_op_execute@2:ln1,MARK,op:2:0:ln1,0,,267919360,190349312,101187584,0,0,0,8388608,0,0,0,0,0,0,0,0,0,567844864,0,False,[],"[{""microbatch"": 3, ""layer_id"": 0, ""resident_bytes"": 95191040, ""offloaded_bytes"": 8388608}, {""microbatch"": 3, ""layer_id"": 1, ""resident_bytes"": 95158272, ""offloaded_bytes"": 8388608}]"
1015,1015,0,FWD,3,0,fwd,2,ln1,fwd_value_end@2:ln1,FREE,ln1|shard=0:tp|partial=complete|dtype=default,4194304,workspace,267919360,190349312,101187584,0,0,0,4194304,0,0,0,0,0,0,0,-4194304,0,563650560,-4194304,False,[],"[{""microbatch"": 3, ""layer_id"": 0, ""resident_bytes"": 95191040, ""offloaded_bytes"": 8388608}, {""microbatch"": 3, ""layer_id"": 1, ""resident_bytes"": 95158272, ""offloaded_bytes"": 8388608}]"
1016,1016,0,FWD,3,0,fwd,2,qkv,fwd_input@2:1,ALLOC,ln1|shard=replicated|partial=complete|dtype=default,33554432,act_live,267919360,223903744,101187584,0,0,0,4194304,0,0,33554432,0,0,0,0,0,0,597204992,33554432,False,[],"[{""microbatch"": 3, ""layer_id"": 0, ""resident_bytes"": 95191040, ""offloaded_bytes"": 8388608}, {""microbatch"": 3, ""layer_id"": 1, ""resident_bytes"": 95158272, ""offloaded_bytes"": 8388608}]"
1017,1017,0,FWD,3,0,fwd,2,qkv,fwd_output@2:1,ALLOC,qkv|shard=2:tp|partial=complete|dtype=default,12582912,act_live,267919360,236486656,101187584,0,0,0,4194304,0,0,12582912,0,0,0,0,0,0,609787904,12582912,False,[],"[{""microbatch"": 3, ""layer_id"": 0, ""resident_bytes"": 95191040, ""offloaded_bytes"": 8388608}, {""microbatch"": 3, ""layer_id"": 1, ""resident_bytes"": 95158272, ""offloaded_bytes"": 8388608}]"
1018,1018,0,FWD,3,0,fwd,2,qkv,fwd_comm@2:qkv,ALLOC,comm:2:1:qkv,33554432,communication,267919360,236486656,101187584,0,0,0,37748736,0,0,0,0,0,0,0,33554432,0,643342336,33554432,False,[],"[{""microbatch"": 3, ""layer_id"": 0, ""resident_bytes"": 95191040, ""offloaded_bytes"": 8388608}, {""microbatch"": 3, ""layer_id"": 1, ""resident_bytes"": 95158272, ""offloaded_bytes"": 8388608}]"
1019,1019,0,FWD,3,0,fwd,2,qkv,fwd_op_execute@2:qkv,MARK,op:2:1:qkv,0,,267919360,236486656,101187584,0,0,0,37748736,0,0,0,0,0,0,0,0,0,643342336,0,False,[],"[{""microbatch"": 3, ""layer_id"": 0, ""resident_bytes"": 95191040, ""offloaded_bytes"": 8388608}, {""microbatch"": 3, ""layer_id"": 1, ""resident_bytes"": 95158272, ""offloaded_bytes"": 8388608}]"
1020,1020,0,FWD,3,0,fwd,2,qkv,fwd_comm_end@2:qkv,FREE,comm:2:1:qkv,33554432,communication,267919360,236486656,101187584,0,0,0,4194304,0,0,0,0,0,0,0,-33554432,0,609787904,-33554432,False,[],"[{""microbatch"": 3, ""layer_id"": 0, ""resident_bytes"": 95191040, ""offloaded_bytes"": 8388608}, {""microbatch"": 3, ""layer_id"": 1, ""resident_bytes"": 95158272, ""offloaded_bytes"": 8388608}]"
1021,1021,0,FWD,3,0,fwd,2,rope,fwd_op_execute@2:rope,MARK,op:2:2:rope,0,,267919360,236486656,101187584,0,0,0,4194304,0,0,0,0,0,0,0,0,0,609787904,0,False,[],"[{""microbatch"": 3, ""layer_id"": 0, ""resident_bytes"": 95191040, ""offloaded_bytes"": 8388608}, {""microbatch"": 3, ""layer_id"": 1, ""resident_bytes"": 95158272, ""offloaded_bytes"": 8388608}]"
1022,1022,0,FWD,3,0,fwd,2,flash,fwd_output@2:3,ALLOC,attn|shard=2:tp|partial=complete|dtype=default,4194304,act_live,267919360,240680960,101187584,0,0,0,4194304,0,0,4194304,0,0,0,0,0,0,613982208,4194304,False,[],"[{""microbatch"": 3, ""layer_id"": 0, ""resident_bytes"": 95191040, ""offloaded_bytes"": 8388608}, {""microbatch"": 3, ""layer_id"": 1, ""resident_bytes"": 95158272, ""offloaded_bytes"": 8388608}]"
1023,1023,0,FWD,3,0,fwd,2,flash,fwd_save@2:3,ALLOC,lse|shard=2:tp|partial=complete|dtype=default,32768,workspace,267919360,240680960,101187584,0,0,0,4227072,0,0,0,0,0,0,0,32768,0,614014976,32768,False,[],"[{""microbatch"": 3, ""layer_id"": 0, ""resident_bytes"": 95191040, ""offloaded_bytes"": 8388608}, {""microbatch"": 3, ""layer_id"": 1, ""resident_bytes"": 95158272, ""offloaded_bytes"": 8388608}]"
1024,1024,0,FWD,3,0,fwd,2,flash,fwd_op@2:flash,ALLOC,workspace:2:3:flash,33554432,workspace,267919360,240680960,101187584,0,0,0,37781504,0,0,0,0,0,0,0,33554432,0,647569408,33554432,False,[],"[{""microbatch"": 3, ""layer_id"": 0, ""resident_bytes"": 95191040, ""offloaded_bytes"": 8388608}, {""microbatch"": 3, ""layer_id"": 1, ""resident_bytes"": 95158272, ""offloaded_bytes"": 8388608}]"
1025,1025,0,FWD,3,0,fwd,2,flash,fwd_op_execute@2:flash,MARK,op:2:3:flash,0,,267919360,240680960,101187584,0,0,0,37781504,0,0,0,0,0,0,0,0,0,647569408,0,False,[],"[{""microbatch"": 3, ""layer_id"": 0, ""resident_bytes"": 95191040, ""offloaded_bytes"": 8388608}, {""microbatch"": 3, ""layer_id"": 1, ""resident_bytes"": 95158272, ""offloaded_bytes"": 8388608}]"
1026,1026,0,FWD,3,0,fwd,2,flash,fwd_op_end@2:flash,FREE,workspace:2:3:flash,33554432,workspace,267919360,240680960,101187584,0,0,0,4227072,0,0,0,0,0,0,0,-33554432,0,614014976,-33554432,False,[],"[{""microbatch"": 3, ""layer_id"": 0, ""resident_bytes"": 95191040, ""offloaded_bytes"": 8388608}, {""microbatch"": 3, ""layer_id"": 1, ""resident_bytes"": 95158272, ""offloaded_bytes"": 8388608}]"
1027,1027,0,FWD,3,0,fwd,2,flash,fwd_value_end@2:flash,FREE,lse|shard=2:tp|partial=complete|dtype=default,32768,workspace,267919360,240680960,101187584,0,0,0,4194304,0,0,0,0,0,0,0,-32768,0,613982208,-32768,False,[],"[{""microbatch"": 3, ""layer_id"": 0, ""resident_bytes"": 95191040, ""offloaded_bytes"": 8388608}, {""microbatch"": 3, ""layer_id"": 1, ""resident_bytes"": 95158272, ""offloaded_bytes"": 8388608}]"
1028,1028,0,FWD,3,0,fwd,2,o_proj,fwd_output@2:4,ALLOC,o|shard=replicated|partial=tp|dtype=default,33554432,workspace,267919360,240680960,101187584,0,0,0,37748736,0,0,0,0,0,0,0,33554432,0,647536640,33554432,False,[],"[{""microbatch"": 3, ""layer_id"": 0, ""resident_bytes"": 95191040, ""offloaded_bytes"": 8388608}, {""microbatch"": 3, ""layer_id"": 1, ""resident_bytes"": 95158272, ""offloaded_bytes"": 8388608}]"
1029,1029,0,FWD,3,0,fwd,2,o_proj,fwd_op_execute@2:o_proj,MARK,op:2:4:o_proj,0,,267919360,240680960,101187584,0,0,0,37748736,0,0,0,0,0,0,0,0,0,647536640,0,False,[],"[{""microbatch"": 3, ""layer_id"": 0, ""resident_bytes"": 95191040, ""offloaded_bytes"": 8388608}, {""microbatch"": 3, ""layer_id"": 1, ""resident_bytes"": 95158272, ""offloaded_bytes"": 8388608}]"
1030,1030,0,FWD,3,0,fwd,2,o_proj,fwd_value_end@2:o_proj,FREE,o|shard=replicated|partial=tp|dtype=default,33554432,workspace,267919360,240680960,101187584,0,0,0,4194304,0,0,0,0,0,0,0,-33554432,0,613982208,-33554432,False,[],"[{""microbatch"": 3, ""layer_id"": 0, ""resident_bytes"": 95191040, ""offloaded_bytes"": 8388608}, {""microbatch"": 3, ""layer_id"": 1, ""resident_bytes"": 95158272, ""offloaded_bytes"": 8388608}]"
1031,1031,0,FWD,3,0,fwd,2,add1,fwd_input@2:5,ALLOC,o|shard=0:tp|partial=complete|dtype=default,4194304,workspace,267919360,240680960,101187584,0,0,0,8388608,0,0,0,0,0,0,0,4194304,0,618176512,4194304,False,[],"[{""microbatch"": 3, ""layer_id"": 0, ""resident_bytes"": 95191040, ""offloaded_bytes"": 8388608}, {""microbatch"": 3, ""layer_id"": 1, ""resident_bytes"": 95158272, ""offloaded_bytes"": 8388608}]"
1032,1032,0,FWD,3,0,fwd,2,add1,fwd_output@2:5,ALLOC,h1|shard=0:tp|partial=complete|dtype=default,4194304,workspace,267919360,240680960,101187584,0,0,0,12582912,0,0,0,0,0,0,0,4194304,0,622370816,4194304,False,[],"[{""microbatch"": 3, ""layer_id"": 0, ""resident_bytes"": 95191040, ""offloaded_bytes"": 8388608}, {""microbatch"": 3, ""layer_id"": 1, ""resident_bytes"": 95158272, ""offloaded_bytes"": 8388608}]"
1033,1033,0,FWD,3,0,fwd,2,add1,fwd_comm@2:add1,ALLOC,comm:2:5:add1,4194304,communication,267919360,240680960,101187584,0,0,0,16777216,0,0,0,0,0,0,0,4194304,0,626565120,4194304,False,[],"[{""microbatch"": 3, ""layer_id"": 0, ""resident_bytes"": 95191040, ""offloaded_bytes"": 8388608}, {""microbatch"": 3, ""layer_id"": 1, ""resident_bytes"": 95158272, ""offloaded_bytes"": 8388608}]"
1034,1034,0,FWD,3,0,fwd,2,add1,fwd_op_execute@2:add1,MARK,op:2:5:add1,0,,267919360,240680960,101187584,0,0,0,16777216,0,0,0,0,0,0,0,0,0,626565120,0,False,[],"[{""microbatch"": 3, ""layer_id"": 0, ""resident_bytes"": 95191040, ""offloaded_bytes"": 8388608}, {""microbatch"": 3, ""layer_id"": 1, ""resident_bytes"": 95158272, ""offloaded_bytes"": 8388608}]"
1035,1035,0,FWD,3,0,fwd,2,add1,fwd_comm_end@2:add1,FREE,comm:2:5:add1,4194304,communication,267919360,240680960,101187584,0,0,0,12582912,0,0,0,0,0,0,0,-4194304,0,622370816,-4194304,False,[],"[{""microbatch"": 3, ""layer_id"": 0, ""resident_bytes"": 95191040, ""offloaded_bytes"": 8388608}, {""microbatch"": 3, ""layer_id"": 1, ""resident_bytes"": 95158272, ""offloaded_bytes"": 8388608}]"
1036,1036,0,FWD,3,0,fwd,2,add1,fwd_value_end@2:add1,FREE,o|shard=0:tp|partial=complete|dtype=default,4194304,workspace,267919360,240680960,101187584,0,0,0,8388608,0,0,0,0,0,0,0,-4194304,0,618176512,-4194304,False,[],"[{""microbatch"": 3, ""layer_id"": 0, ""resident_bytes"": 95191040, ""offloaded_bytes"": 8388608}, {""microbatch"": 3, ""layer_id"": 1, ""resident_bytes"": 95158272, ""offloaded_bytes"": 8388608}]"
1037,1037,0,FWD,3,0,fwd,2,add1,fwd_value_end@2:add1,FREE,x|shard=0:tp|partial=complete|dtype=default,4194304,workspace,267919360,240680960,101187584,0,0,0,4194304,0,0,0,0,0,0,0,-4194304,0,613982208,-4194304,False,[],"[{""microbatch"": 3, ""layer_id"": 0, ""resident_bytes"": 95191040, ""offloaded_bytes"": 8388608}, {""microbatch"": 3, ""layer_id"": 1, ""resident_bytes"": 95158272, ""offloaded_bytes"": 8388608}]"
1038,1038,0,FWD,3,0,fwd,2,ln2,fwd_output@2:6,ALLOC,ln2|shard=0:tp|partial=complete|dtype=default,4194304,workspace,267919360,240680960,101187584,0,0,0,8388608,0,0,0,0,0,0,0,4194304,0,618176512,4194304,False,[],"[{""microbatch"": 3, ""layer_id"": 0, ""resident_bytes"": 95191040, ""offloaded_bytes"": 8388608}, {""microbatch"": 3, ""layer_id"": 1, ""resident_bytes"": 95158272, ""offloaded_bytes"": 8388608}]"
1039,1039,0,FWD,3,0,fwd,2,ln2,fwd_op_execute@2:ln2,MARK,op:2:6:ln2,0,,267919360,240680960,101187584,0,0,0,8388608,0,0,0,0,0,0,0,0,0,618176512,0,False,[],"[{""microbatch"": 3, ""layer_id"": 0, ""resident_bytes"": 95191040, ""offloaded_bytes"": 8388608}, {""microbatch"": 3, ""layer_id"": 1, ""resident_bytes"": 95158272, ""offloaded_bytes"": 8388608}]"
1040,1040,0,FWD,3,0,fwd,2,ln2,fwd_value_end@2:ln2,FREE,ln2|shard=0:tp|partial=complete|dtype=default,4194304,workspace,267919360,240680960,101187584,0,0,0,4194304,0,0,0,0,0,0,0,-4194304,0,613982208,-4194304,False,[],"[{""microbatch"": 3, ""layer_id"": 0, ""resident_bytes"": 95191040, ""offloaded_bytes"": 8388608}, {""microbatch"": 3, ""layer_id"": 1, ""resident_bytes"": 95158272, ""offloaded_bytes"": 8388608}]"
1041,1041,0,FWD,3,0,fwd,2,fc1,fwd_input@2:7,ALLOC,ln2|shard=replicated|partial=complete|dtype=default,33554432,act_live,267919360,274235392,101187584,0,0,0,4194304,0,0,33554432,0,0,0,0,0,0,647536640,33554432,False,[],"[{""microbatch"": 3, ""layer_id"": 0, ""resident_bytes"": 95191040, ""offloaded_bytes"": 8388608}, {""microbatch"": 3, ""layer_id"": 1, ""resident_bytes"": 95158272, ""offloaded_bytes"": 8388608}]"
1042,1042,0,FWD,3,0,fwd,2,fc1,fwd_output@2:7,ALLOC,gate|shard=2:tp|partial=complete|dtype=default,22544384,workspace,267919360,274235392,101187584,0,0,0,26738688,0,0,0,0,0,0,0,22544384,0,670081024,22544384,False,[],"[{""microbatch"": 3, ""layer_id"": 0, ""resident_bytes"": 95191040, ""offloaded_bytes"": 8388608}, {""microbatch"": 3, ""layer_id"": 1, ""resident_bytes"": 95158272, ""offloaded_bytes"": 8388608}]"
1043,1043,0,FWD,3,0,fwd,2,fc1,fwd_comm@2:fc1,ALLOC,comm:2:7:fc1,33554432,communication,267919360,274235392,101187584,0,0,0,60293120,0,0,0,0,0,0,0,33554432,0,703635456,33554432,False,[],"[{""microbatch"": 3, ""layer_id"": 0, ""resident_bytes"": 95191040, ""offloaded_bytes"": 8388608}, {""microbatch"": 3, ""layer_id"": 1, ""resident_bytes"": 95158272, ""offloaded_bytes"": 8388608}]"
1044,1044,0,FWD,3,0,fwd,2,fc1,fwd_op_execute@2:fc1,MARK,op:2:7:fc1,0,,267919360,274235392,101187584,0,0,0,60293120,0,0,0,0,0,0,0,0,0,703635456,0,False,[],"[{""microbatch"": 3, ""layer_id"": 0, ""resident_bytes"": 95191040, ""offloaded_bytes"": 8388608}, {""microbatch"": 3, ""layer_id"": 1, ""resident_bytes"": 95158272, ""offloaded_bytes"": 8388608}]"
1045,1045,0,FWD,3,0,fwd,2,fc1,fwd_comm_end@2:fc1,FREE,comm:2:7:fc1,33554432,communication,267919360,274235392,101187584,0,0,0,26738688,0,0,0,0,0,0,0,-33554432,0,670081024,-33554432,False,[],"[{""microbatch"": 3, ""layer_id"": 0, ""resident_bytes"": 95191040, ""offloaded_bytes"": 8388608}, {""microbatch"": 3, ""layer_id"": 1, ""resident_bytes"": 95158272, ""offloaded_bytes"": 8388608}]"
1046,1046,0,FWD,3,0,fwd,2,swiglu,fwd_output@2:8,ALLOC,act|shard=2:tp|partial=complete|dtype=default,11272192,act_live,267919360,285507584,101187584,0,0,0,26738688,0,0,11272192,0,0,0,0,0,0,681353216,11272192,False,[],"[{""microbatch"": 3, ""layer_id"": 0, ""resident_bytes"": 95191040, ""offloaded_bytes"": 8388608}, {""microbatch"": 3, ""layer_id"": 1, ""resident_bytes"": 95158272, ""offloaded_bytes"": 8388608}]"
1047,1047,0,FWD,3,0,fwd,2,swiglu,fwd_op_execute@2:swiglu,MARK,op:2:8:swiglu,0,,267919360,285507584,101187584,0,0,0,26738688,0,0,0,0,0,0,0,0,0,681353216,0,False,[],"[{""microbatch"": 3, ""layer_id"": 0, ""resident_bytes"": 95191040, ""offloaded_bytes"": 8388608}, {""microbatch"": 3, ""layer_id"": 1, ""resident_bytes"": 95158272, ""offloaded_bytes"": 8388608}]"
1048,1048,0,FWD,3,0,fwd,2,swiglu,fwd_value_end@2:swiglu,FREE,gate|shard=2:tp|partial=complete|dtype=default,22544384,workspace,267919360,285507584,101187584,0,0,0,4194304,0,0,0,0,0,0,0,-22544384,0,658808832,-22544384,False,[],"[{""microbatch"": 3, ""layer_id"": 0, ""resident_bytes"": 95191040, ""offloaded_bytes"": 8388608}, {""microbatch"": 3, ""layer_id"": 1, ""resident_bytes"": 95158272, ""offloaded_bytes"": 8388608}]"
1049,1049,0,FWD,3,0,fwd,2,fc2,fwd_output@2:9,ALLOC,o2|shard=replicated|partial=tp|dtype=default,33554432,workspace,267919360,285507584,101187584,0,0,0,37748736,0,0,0,0,0,0,0,33554432,0,692363264,33554432,False,[],"[{""microbatch"": 3, ""layer_id"": 0, ""resident_bytes"": 95191040, ""offloaded_bytes"": 8388608}, {""microbatch"": 3, ""layer_id"": 1, ""resident_bytes"": 95158272, ""offloaded_bytes"": 8388608}]"
1050,1050,0,FWD,3,0,fwd,2,fc2,fwd_op_execute@2:fc2,MARK,op:2:9:fc2,0,,267919360,285507584,101187584,0,0,0,37748736,0,0,0,0,0,0,0,0,0,692363264,0,False,[],"[{""microbatch"": 3, ""layer_id"": 0, ""resident_bytes"": 95191040, ""offloaded_bytes"": 8388608}, {""microbatch"": 3, ""layer_id"": 1, ""resident_bytes"": 95158272, ""offloaded_bytes"": 8388608}]"
1051,1051,0,FWD,3,0,fwd,2,fc2,fwd_value_end@2:fc2,FREE,o2|shard=replicated|partial=tp|dtype=default,33554432,workspace,267919360,285507584,101187584,0,0,0,4194304,0,0,0,0,0,0,0,-33554432,0,658808832,-33554432,False,[],"[{""microbatch"": 3, ""layer_id"": 0, ""resident_bytes"": 95191040, ""offloaded_bytes"": 8388608}, {""microbatch"": 3, ""layer_id"": 1, ""resident_bytes"": 95158272, ""offloaded_bytes"": 8388608}]"
1052,1052,0,FWD,3,0,fwd,2,add2,fwd_input@2:10,ALLOC,o2|shard=0:tp|partial=complete|dtype=default,4194304,workspace,267919360,285507584,101187584,0,0,0,8388608,0,0,0,0,0,0,0,4194304,0,663003136,4194304,False,[],"[{""microbatch"": 3, ""layer_id"": 0, ""resident_bytes"": 95191040, ""offloaded_bytes"": 8388608}, {""microbatch"": 3, ""layer_id"": 1, ""resident_bytes"": 95158272, ""offloaded_bytes"": 8388608}]"
1053,1053,0,FWD,3,0,fwd,2,add2,fwd_output@2:10,ALLOC,h2|shard=0:tp|partial=complete|dtype=default,4194304,workspace,267919360,285507584,101187584,0,0,0,12582912,0,0,0,0,0,0,0,4194304,0,667197440,4194304,False,[],"[{""microbatch"": 3, ""layer_id"": 0, ""resident_bytes"": 95191040, ""offloaded_bytes"": 8388608}, {""microbatch"": 3, ""layer_id"": 1, ""resident_bytes"": 95158272, ""offloaded_bytes"": 8388608}]"
1054,1054,0,FWD,3,0,fwd,2,add2,fwd_comm@2:add2,ALLOC,comm:2:10:add2,4194304,communication,267919360,285507584,101187584,0,0,0,16777216,0,0,0,0,0,0,0,4194304,0,671391744,4194304,False,[],"[{""microbatch"": 3, ""layer_id"": 0, ""resident_bytes"": 95191040, ""offloaded_bytes"": 8388608}, {""microbatch"": 3, ""layer_id"": 1, ""resident_bytes"": 95158272, ""offloaded_bytes"": 8388608}]"
1055,1055,0,FWD,3,0,fwd,2,add2,fwd_op_execute@2:add2,MARK,op:2:10:add2,0,,267919360,285507584,101187584,0,0,0,16777216,0,0,0,0,0,0,0,0,0,671391744,0,False,[],"[{""microbatch"": 3, ""layer_id"": 0, ""resident_bytes"": 95191040, ""offloaded_bytes"": 8388608}, {""microbatch"": 3, ""layer_id"": 1, ""resident_bytes"": 95158272, ""offloaded_bytes"": 8388608}]"
1056,1056,0,FWD,3,0,fwd,2,add2,fwd_comm_end@2:add2,FREE,comm:2:10:add2,4194304,communication,267919360,285507584,101187584,0,0,0,12582912,0,0,0,0,0,0,0,-4194304,0,667197440,-4194304,False,[],"[{""microbatch"": 3, ""layer_id"": 0, ""resident_bytes"": 95191040, ""offloaded_bytes"": 8388608}, {""microbatch"": 3, ""layer_id"": 1, ""resident_bytes"": 95158272, ""offloaded_bytes"": 8388608}]"
1057,1057,0,FWD,3,0,fwd,2,add2,fwd_value_end@2:add2,FREE,h2|shard=0:tp|partial=complete|dtype=default,4194304,workspace,267919360,285507584,101187584,0,0,0,8388608,0,0,0,0,0,0,0,-4194304,0,663003136,-4194304,False,[],"[{""microbatch"": 3, ""layer_id"": 0, ""resident_bytes"": 95191040, ""offloaded_bytes"": 8388608}, {""microbatch"": 3, ""layer_id"": 1, ""resident_bytes"": 95158272, ""offloaded_bytes"": 8388608}]"
1058,1058,0,FWD,3,0,fwd,2,add2,fwd_value_end@2:add2,FREE,h1|shard=0:tp|partial=complete|dtype=default,4194304,workspace,267919360,285507584,101187584,0,0,0,4194304,0,0,0,0,0,0,0,-4194304,0,658808832,-4194304,False,[],"[{""microbatch"": 3, ""layer_id"": 0, ""resident_bytes"": 95191040, ""offloaded_bytes"": 8388608}, {""microbatch"": 3, ""layer_id"": 1, ""resident_bytes"": 95158272, ""offloaded_bytes"": 8388608}]"
1059,1059,0,FWD,3,0,fwd,2,add2,fwd_value_end@2:add2,FREE,o2|shard=0:tp|partial=complete|dtype=default,4194304,workspace,267919360,285507584,101187584,0,0,0,0,0,0,0,0,0,0,0,-4194304,0,654614528,-4194304,False,[],"[{""microbatch"": 3, ""layer_id"": 0, ""resident_bytes"": 95191040, ""offloaded_bytes"": 8388608}, {""microbatch"": 3, ""layer_id"": 1, ""resident_bytes"": 95158272, ""offloaded_bytes"": 8388608}]"
1060,1060,0,FWD,3,0,fwd,2,,fwd_end@2,,,0,,267919360,285507584,101187584,0,0,0,0,0,0,0,0,0,0,0,0,0,654614528,0,False,[],"[{""microbatch"": 3, ""layer_id"": 0, ""resident_bytes"": 95191040, ""offloaded_bytes"": 8388608}, {""microbatch"": 3, ""layer_id"": 1, ""resident_bytes"": 95158272, ""offloaded_bytes"": 8388608}, {""microbatch"": 3, ""layer_id"": 2, ""resident_bytes"": 95158272, ""offloaded_bytes"": 8388608}]"
1061,1061,0,FWD,3,0,fwd,3,,fwd_gather@3,,,0,,267919360,285507584,50593792,0,0,0,0,0,0,0,-50593792,0,0,0,0,0,604020736,-50593792,False,[],"[{""microbatch"": 3, ""layer_id"": 0, ""resident_bytes"": 95191040, ""offloaded_bytes"": 8388608}, {""microbatch"": 3, ""layer_id"": 1, ""resident_bytes"": 95158272, ""offloaded_bytes"": 8388608}, {""microbatch"": 3, ""layer_id"": 2, ""resident_bytes"": 95158272, ""offloaded_bytes"": 8388608}]"
1062,1062,0,FWD,3,0,fwd,3,ln1,fwd_input@3:0,ALLOC,x|shard=0:tp|partial=complete|dtype=default,4194304,workspace,267919360,285507584,50593792,0,0,0,4194304,0,0,0,0,0,0,0,4194304,0,608215040,4194304,False,[],"[{""microbatch"": 3, ""layer_id"": 0, ""resident_bytes"": 95191040, ""offloaded_bytes"": 8388608}, {""microbatch"": 3, ""layer_id"": 1, ""resident_bytes"": 95158272, ""offloaded_bytes"": 8388608}, {""microbatch"": 3, ""layer_id"": 2, ""resident_bytes"": 95158272, ""offloaded_bytes"": 8388608}]"
1063,1063,0,FWD,3,0,fwd,3,ln1,fwd_output@3:0,ALLOC,ln1|shard=0:tp|partial=complete|dtype=default,4194304,workspace,267919360,285507584,50593792,0,0,0,8388608,0,0,0,0,0,0,0,4194304,0,612409344,4194304,False,[],"[{""microbatch"": 3, ""layer_id"": 0, ""resident_bytes"": 95191040, ""offloaded_bytes"": 8388608}, {""microbatch"": 3, ""layer_id"": 1, ""resident_bytes"": 95158272, ""offloaded_bytes"": 8388608}, {""microbatch"": 3, ""layer_id"": 2, ""resident_bytes"": 95158272, ""offloaded_bytes"": 8388608}]"
1064,1064,0,FWD,3,0,fwd,3,ln1,fwd_op_execute@3:ln1,MARK,op:3:0:ln1,0,,267919360,285507584,50593792,0,0,0,8388608,0,0,0,0,0,0,0,0,0,612409344,0,False,[],"[{""microbatch"": 3, ""layer_id"": 0, ""resident_bytes"": 95191040, ""offloaded_bytes"": 8388608}, {""microbatch"": 3, ""layer_id"": 1, ""resident_bytes"": 95158272, ""offloaded_bytes"": 8388608}, {""microbatch"": 3, ""layer_id"": 2, ""resident_bytes"": 95158272, ""offloaded_bytes"": 8388608}]"
1065,1065,0,FWD,3,0,fwd,3,ln1,fwd_value_end@3:ln1,FREE,ln1|shard=0:tp|partial=complete|dtype=default,4194304,workspace,267919360,285507584,50593792,0,0,0,4194304,0,0,0,0,0,0,0,-4194304,0,608215040,-4194304,False,[],"[{""microbatch"": 3, ""layer_id"": 0, ""resident_bytes"": 95191040, ""offloaded_bytes"": 8388608}, {""microbatch"": 3, ""layer_id"": 1, ""resident_bytes"": 95158272, ""offloaded_bytes"": 8388608}, {""microbatch"": 3, ""layer_id"": 2, ""resident_bytes"": 95158272, ""offloaded_bytes"": 8388608}]"
1066,1066,0,FWD,3,0,fwd,3,qkv,fwd_input@3:1,ALLOC,ln1|shard=replicated|partial=complete|dtype=default,33554432,act_live,267919360,319062016,50593792,0,0,0,4194304,0,0,33554432,0,0,0,0,0,0,641769472,33554432,False,[],"[{""microbatch"": 3, ""layer_id"": 0, ""resident_bytes"": 95191040, ""offloaded_bytes"": 8388608}, {""microbatch"": 3, ""layer_id"": 1, ""resident_bytes"": 95158272, ""offloaded_bytes"": 8388608}, {""microbatch"": 3, ""layer_id"": 2, ""resident_bytes"": 95158272, ""offloaded_bytes"": 8388608}]"
1067,1067,0,FWD,3,0,fwd,3,qkv,fwd_output@3:1,ALLOC,qkv|shard=2:tp|partial=complete|dtype=default,12582912,act_live,267919360,331644928,50593792,0,0,0,4194304,0,0,12582912,0,0,0,0,0,0,654352384,12582912,False,[],"[{""microbatch"": 3, ""layer_id"": 0, ""resident_bytes"": 95191040, ""offloaded_bytes"": 8388608}, {""microbatch"": 3, ""layer_id"": 1, ""resident_bytes"": 95158272, ""offloaded_bytes"": 8388608}, {""microbatch"": 3, ""layer_id"": 2, ""resident_bytes"": 95158272, ""offloaded_bytes"": 8388608}]"
1068,1068,0,FWD,3,0,fwd,3,qkv,fwd_comm@3:qkv,ALLOC,comm:3:1:qkv,33554432,communication,267919360,331644928,50593792,0,0,0,37748736,0,0,0,0,0,0,0,33554432,0,687906816,33554432,False,[],"[{""microbatch"": 3, ""layer_id"": 0, ""resident_bytes"": 95191040, ""offloaded_bytes"": 8388608}, {""microbatch"": 3, ""layer_id"": 1, ""resident_bytes"": 95158272, ""offloaded_bytes"": 8388608}, {""microbatch"": 3, ""layer_id"": 2, ""resident_bytes"": 95158272, ""offloaded_bytes"": 8388608}]"
1069,1069,0,FWD,3,0,fwd,3,qkv,fwd_op_execute@3:qkv,MARK,op:3:1:qkv,0,,267919360,331644928,50593792,0,0,0,37748736,0,0,0,0,0,0,0,0,0,687906816,0,False,[],"[{""microbatch"": 3, ""layer_id"": 0, ""resident_bytes"": 95191040, ""offloaded_bytes"": 8388608}, {""microbatch"": 3, ""layer_id"": 1, ""resident_bytes"": 95158272, ""offloaded_bytes"": 8388608}, {""microbatch"": 3, ""layer_id"": 2, ""resident_bytes"": 95158272, ""offloaded_bytes"": 8388608}]"
1070,1070,0,FWD,3,0,fwd,3,qkv,fwd_comm_end@3:qkv,FREE,comm:3:1:qkv,33554432,communication,267919360,331644928,50593792,0,0,0,4194304,0,0,0,0,0,0,0,-33554432,0,654352384,-33554432,False,[],"[{""microbatch"": 3, ""layer_id"": 0, ""resident_bytes"": 95191040, ""offloaded_bytes"": 8388608}, {""microbatch"": 3, ""layer_id"": 1, ""resident_bytes"": 95158272, ""offloaded_bytes"": 8388608}, {""microbatch"": 3, ""layer_id"": 2, ""resident_bytes"": 95158272, ""offloaded_bytes"": 8388608}]"
1071,1071,0,FWD,3,0,fwd,3,rope,fwd_op_execute@3:rope,MARK,op:3:2:rope,0,,267919360,331644928,50593792,0,0,0,4194304,0,0,0,0,0,0,0,0,0,654352384,0,False,[],"[{""microbatch"": 3, ""layer_id"": 0, ""resident_bytes"": 95191040, ""offloaded_bytes"": 8388608}, {""microbatch"": 3, ""layer_id"": 1, ""resident_bytes"": 95158272, ""offloaded_bytes"": 8388608}, {""microbatch"": 3, ""layer_id"": 2, ""resident_bytes"": 95158272, ""offloaded_bytes"": 8388608}]"
1072,1072,0,FWD,3,0,fwd,3,flash,fwd_output@3:3,ALLOC,attn|shard=2:tp|partial=complete|dtype=default,4194304,act_live,267919360,335839232,50593792,0,0,0,4194304,0,0,4194304,0,0,0,0,0,0,658546688,4194304,False,[],"[{""microbatch"": 3, ""layer_id"": 0, ""resident_bytes"": 95191040, ""offloaded_bytes"": 8388608}, {""microbatch"": 3, ""layer_id"": 1, ""resident_bytes"": 95158272, ""offloaded_bytes"": 8388608}, {""microbatch"": 3, ""layer_id"": 2, ""resident_bytes"": 95158272, ""offloaded_bytes"": 8388608}]"
1073,1073,0,FWD,3,0,fwd,3,flash,fwd_save@3:3,ALLOC,lse|shard=2:tp|partial=complete|dtype=default,32768,workspace,267919360,335839232,50593792,0,0,0,4227072,0,0,0,0,0,0,0,32768,0,658579456,32768,False,[],"[{""microbatch"": 3, ""layer_id"": 0, ""resident_bytes"": 95191040, ""offloaded_bytes"": 8388608}, {""microbatch"": 3, ""layer_id"": 1, ""resident_bytes"": 95158272, ""offloaded_bytes"": 8388608}, {""microbatch"": 3, ""layer_id"": 2, ""resident_bytes"": 95158272, ""offloaded_bytes"": 8388608}]"
1074,1074,0,FWD,3,0,fwd,3,flash,fwd_op@3:flash,ALLOC,workspace:3:3:flash,33554432,workspace,267919360,335839232,50593792,0,0,0,37781504,0,0,0,0,0,0,0,33554432,0,692133888,33554432,False,[],"[{""microbatch"": 3, ""layer_id"": 0, ""resident_bytes"": 95191040, ""offloaded_bytes"": 8388608}, {""microbatch"": 3, ""layer_id"": 1, ""resident_bytes"": 95158272, ""offloaded_bytes"": 8388608}, {""microbatch"": 3, ""layer_id"": 2, ""resident_bytes"": 95158272, ""offloaded_bytes"": 8388608}]"
1075,1075,0,FWD,3,0,fwd,3,flash,fwd_op_execute@3:flash,MARK,op:3:3:flash,0,,267919360,335839232,50593792,0,0,0,37781504,0,0,0,0,0,0,0,0,0,692133888,0,False,[],"[{""microbatch"": 3, ""layer_id"": 0, ""resident_bytes"": 95191040, ""offloaded_bytes"": 8388608}, {""microbatch"": 3, ""layer_id"": 1, ""resident_bytes"": 95158272, ""offloaded_bytes"": 8388608}, {""microbatch"": 3, ""layer_id"": 2, ""resident_bytes"": 95158272, ""offloaded_bytes"": 8388608}]"
1076,1076,0,FWD,3,0,fwd,3,flash,fwd_op_end@3:flash,FREE,workspace:3:3:flash,33554432,workspace,267919360,335839232,50593792,0,0,0,4227072,0,0,0,0,0,0,0,-33554432,0,658579456,-33554432,False,[],"[{""microbatch"": 3, ""layer_id"": 0, ""resident_bytes"": 95191040, ""offloaded_bytes"": 8388608}, {""microbatch"": 3, ""layer_id"": 1, ""resident_bytes"": 95158272, ""offloaded_bytes"": 8388608}, {""microbatch"": 3, ""layer_id"": 2, ""resident_bytes"": 95158272, ""offloaded_bytes"": 8388608}]"
1077,1077,0,FWD,3,0,fwd,3,flash,fwd_value_end@3:flash,FREE,lse|shard=2:tp|partial=complete|dtype=default,32768,workspace,267919360,335839232,50593792,0,0,0,4194304,0,0,0,0,0,0,0,-32768,0,658546688,-32768,False,[],"[{""microbatch"": 3, ""layer_id"": 0, ""resident_bytes"": 95191040, ""offloaded_bytes"": 8388608}, {""microbatch"": 3, ""layer_id"": 1, ""resident_bytes"": 95158272, ""offloaded_bytes"": 8388608}, {""microbatch"": 3, ""layer_id"": 2, ""resident_bytes"": 95158272, ""offloaded_bytes"": 8388608}]"
1078,1078,0,FWD,3,0,fwd,3,o_proj,fwd_output@3:4,ALLOC,o|shard=replicated|partial=tp|dtype=default,33554432,workspace,267919360,335839232,50593792,0,0,0,37748736,0,0,0,0,0,0,0,33554432,0,692101120,33554432,False,[],"[{""microbatch"": 3, ""layer_id"": 0, ""resident_bytes"": 95191040, ""offloaded_bytes"": 8388608}, {""microbatch"": 3, ""layer_id"": 1, ""resident_bytes"": 95158272, ""offloaded_bytes"": 8388608}, {""microbatch"": 3, ""layer_id"": 2, ""resident_bytes"": 95158272, ""offloaded_bytes"": 8388608}]"
1079,1079,0,FWD,3,0,fwd,3,o_proj,fwd_op_execute@3:o_proj,MARK,op:3:4:o_proj,0,,267919360,335839232,50593792,0,0,0,37748736,0,0,0,0,0,0,0,0,0,692101120,0,False,[],"[{""microbatch"": 3, ""layer_id"": 0, ""resident_bytes"": 95191040, ""offloaded_bytes"": 8388608}, {""microbatch"": 3, ""layer_id"": 1, ""resident_bytes"": 95158272, ""offloaded_bytes"": 8388608}, {""microbatch"": 3, ""layer_id"": 2, ""resident_bytes"": 95158272, ""offloaded_bytes"": 8388608}]"
1080,1080,0,FWD,3,0,fwd,3,o_proj,fwd_value_end@3:o_proj,FREE,o|shard=replicated|partial=tp|dtype=default,33554432,workspace,267919360,335839232,50593792,0,0,0,4194304,0,0,0,0,0,0,0,-33554432,0,658546688,-33554432,False,[],"[{""microbatch"": 3, ""layer_id"": 0, ""resident_bytes"": 95191040, ""offloaded_bytes"": 8388608}, {""microbatch"": 3, ""layer_id"": 1, ""resident_bytes"": 95158272, ""offloaded_bytes"": 8388608}, {""microbatch"": 3, ""layer_id"": 2, ""resident_bytes"": 95158272, ""offloaded_bytes"": 8388608}]"
1081,1081,0,FWD,3,0,fwd,3,add1,fwd_input@3:5,ALLOC,o|shard=0:tp|partial=complete|dtype=default,4194304,workspace,267919360,335839232,50593792,0,0,0,8388608,0,0,0,0,0,0,0,4194304,0,662740992,4194304,False,[],"[{""microbatch"": 3, ""layer_id"": 0, ""resident_bytes"": 95191040, ""offloaded_bytes"": 8388608}, {""microbatch"": 3, ""layer_id"": 1, ""resident_bytes"": 95158272, ""offloaded_bytes"": 8388608}, {""microbatch"": 3, ""layer_id"": 2, ""resident_bytes"": 95158272, ""offloaded_bytes"": 8388608}]"
1082,1082,0,FWD,3,0,fwd,3,add1,fwd_output@3:5,ALLOC,h1|shard=0:tp|partial=complete|dtype=default,4194304,workspace,267919360,335839232,50593792,0,0,0,12582912,0,0,0,0,0,0,0,4194304,0,666935296,4194304,False,[],"[{""microbatch"": 3, ""layer_id"": 0, ""resident_bytes"": 95191040, ""offloaded_bytes"": 8388608}, {""microbatch"": 3, ""layer_id"": 1, ""resident_bytes"": 95158272, ""offloaded_bytes"": 8388608}, {""microbatch"": 3, ""layer_id"": 2, ""resident_bytes"": 95158272, ""offloaded_bytes"": 8388608}]"
1083,1083,0,FWD,3,0,fwd,3,add1,fwd_comm@3:add1,ALLOC,comm:3:5:add1,4194304,communication,267919360,335839232,50593792,0,0,0,16777216,0,0,0,0,0,0,0,4194304,0,671129600,4194304,False,[],"[{""microbatch"": 3, ""layer_id"": 0, ""resident_bytes"": 95191040, ""offloaded_bytes"": 8388608}, {""microbatch"": 3, ""layer_id"": 1, ""resident_bytes"": 95158272, ""offloaded_bytes"": 8388608}, {""microbatch"": 3, ""layer_id"": 2, ""resident_bytes"": 95158272, ""offloaded_bytes"": 8388608}]"
1084,1084,0,FWD,3,0,fwd,3,add1,fwd_op_execute@3:add1,MARK,op:3:5:add1,0,,267919360,335839232,50593792,0,0,0,16777216,0,0,0,0,0,0,0,0,0,671129600,0,False,[],"[{""microbatch"": 3, ""layer_id"": 0, ""resident_bytes"": 95191040, ""offloaded_bytes"": 8388608}, {""microbatch"": 3, ""layer_id"": 1, ""resident_bytes"": 95158272, ""offloaded_bytes"": 8388608}, {""microbatch"": 3, ""layer_id"": 2, ""resident_bytes"": 95158272, ""offloaded_bytes"": 8388608}]"
1085,1085,0,FWD,3,0,fwd,3,add1,fwd_comm_end@3:add1,FREE,comm:3:5:add1,4194304,communication,267919360,335839232,50593792,0,0,0,12582912,0,0,0,0,0,0,0,-4194304,0,666935296,-4194304,False,[],"[{""microbatch"": 3, ""layer_id"": 0, ""resident_bytes"": 95191040, ""offloaded_bytes"": 8388608}, {""microbatch"": 3, ""layer_id"": 1, ""resident_bytes"": 95158272, ""offloaded_bytes"": 8388608}, {""microbatch"": 3, ""layer_id"": 2, ""resident_bytes"": 95158272, ""offloaded_bytes"": 8388608}]"
1086,1086,0,FWD,3,0,fwd,3,add1,fwd_value_end@3:add1,FREE,o|shard=0:tp|partial=complete|dtype=default,4194304,workspace,267919360,335839232,50593792,0,0,0,8388608,0,0,0,0,0,0,0,-4194304,0,662740992,-4194304,False,[],"[{""microbatch"": 3, ""layer_id"": 0, ""resident_bytes"": 95191040, ""offloaded_bytes"": 8388608}, {""microbatch"": 3, ""layer_id"": 1, ""resident_bytes"": 95158272, ""offloaded_bytes"": 8388608}, {""microbatch"": 3, ""layer_id"": 2, ""resident_bytes"": 95158272, ""offloaded_bytes"": 8388608}]"
1087,1087,0,FWD,3,0,fwd,3,add1,fwd_value_end@3:add1,FREE,x|shard=0:tp|partial=complete|dtype=default,4194304,workspace,267919360,335839232,50593792,0,0,0,4194304,0,0,0,0,0,0,0,-4194304,0,658546688,-4194304,False,[],"[{""microbatch"": 3, ""layer_id"": 0, ""resident_bytes"": 95191040, ""offloaded_bytes"": 8388608}, {""microbatch"": 3, ""layer_id"": 1, ""resident_bytes"": 95158272, ""offloaded_bytes"": 8388608}, {""microbatch"": 3, ""layer_id"": 2, ""resident_bytes"": 95158272, ""offloaded_bytes"": 8388608}]"
1088,1088,0,FWD,3,0,fwd,3,ln2,fwd_output@3:6,ALLOC,ln2|shard=0:tp|partial=complete|dtype=default,4194304,workspace,267919360,335839232,50593792,0,0,0,8388608,0,0,0,0,0,0,0,4194304,0,662740992,4194304,False,[],"[{""microbatch"": 3, ""layer_id"": 0, ""resident_bytes"": 95191040, ""offloaded_bytes"": 8388608}, {""microbatch"": 3, ""layer_id"": 1, ""resident_bytes"": 95158272, ""offloaded_bytes"": 8388608}, {""microbatch"": 3, ""layer_id"": 2, ""resident_bytes"": 95158272, ""offloaded_bytes"": 8388608}]"
1089,1089,0,FWD,3,0,fwd,3,ln2,fwd_op_execute@3:ln2,MARK,op:3:6:ln2,0,,267919360,335839232,50593792,0,0,0,8388608,0,0,0,0,0,0,0,0,0,662740992,0,False,[],"[{""microbatch"": 3, ""layer_id"": 0, ""resident_bytes"": 95191040, ""offloaded_bytes"": 8388608}, {""microbatch"": 3, ""layer_id"": 1, ""resident_bytes"": 95158272, ""offloaded_bytes"": 8388608}, {""microbatch"": 3, ""layer_id"": 2, ""resident_bytes"": 95158272, ""offloaded_bytes"": 8388608}]"
1090,1090,0,FWD,3,0,fwd,3,ln2,fwd_value_end@3:ln2,FREE,ln2|shard=0:tp|partial=complete|dtype=default,4194304,workspace,267919360,335839232,50593792,0,0,0,4194304,0,0,0,0,0,0,0,-4194304,0,658546688,-4194304,False,[],"[{""microbatch"": 3, ""layer_id"": 0, ""resident_bytes"": 95191040, ""offloaded_bytes"": 8388608}, {""microbatch"": 3, ""layer_id"": 1, ""resident_bytes"": 95158272, ""offloaded_bytes"": 8388608}, {""microbatch"": 3, ""layer_id"": 2, ""resident_bytes"": 95158272, ""offloaded_bytes"": 8388608}]"
1091,1091,0,FWD,3,0,fwd,3,fc1,fwd_input@3:7,ALLOC,ln2|shard=replicated|partial=complete|dtype=default,33554432,act_live,267919360,369393664,50593792,0,0,0,4194304,0,0,33554432,0,0,0,0,0,0,692101120,33554432,False,[],"[{""microbatch"": 3, ""layer_id"": 0, ""resident_bytes"": 95191040, ""offloaded_bytes"": 8388608}, {""microbatch"": 3, ""layer_id"": 1, ""resident_bytes"": 95158272, ""offloaded_bytes"": 8388608}, {""microbatch"": 3, ""layer_id"": 2, ""resident_bytes"": 95158272, ""offloaded_bytes"": 8388608}]"
1092,1092,0,FWD,3,0,fwd,3,fc1,fwd_output@3:7,ALLOC,gate|shard=2:tp|partial=complete|dtype=default,22544384,workspace,267919360,369393664,50593792,0,0,0,26738688,0,0,0,0,0,0,0,22544384,0,714645504,22544384,False,[],"[{""microbatch"": 3, ""layer_id"": 0, ""resident_bytes"": 95191040, ""offloaded_bytes"": 8388608}, {""microbatch"": 3, ""layer_id"": 1, ""resident_bytes"": 95158272, ""offloaded_bytes"": 8388608}, {""microbatch"": 3, ""layer_id"": 2, ""resident_bytes"": 95158272, ""offloaded_bytes"": 8388608}]"
1093,1093,0,FWD,3,0,fwd,3,fc1,fwd_comm@3:fc1,ALLOC,comm:3:7:fc1,33554432,communication,267919360,369393664,50593792,0,0,0,60293120,0,0,0,0,0,0,0,33554432,0,748199936,33554432,False,[],"[{""microbatch"": 3, ""layer_id"": 0, ""resident_bytes"": 95191040, ""offloaded_bytes"": 8388608}, {""microbatch"": 3, ""layer_id"": 1, ""resident_bytes"": 95158272, ""offloaded_bytes"": 8388608}, {""microbatch"": 3, ""layer_id"": 2, ""resident_bytes"": 95158272, ""offloaded_bytes"": 8388608}]"
1094,1094,0,FWD,3,0,fwd,3,fc1,fwd_op_execute@3:fc1,MARK,op:3:7:fc1,0,,267919360,369393664,50593792,0,0,0,60293120,0,0,0,0,0,0,0,0,0,748199936,0,False,[],"[{""microbatch"": 3, ""layer_id"": 0, ""resident_bytes"": 95191040, ""offloaded_bytes"": 8388608}, {""microbatch"": 3, ""layer_id"": 1, ""resident_bytes"": 95158272, ""offloaded_bytes"": 8388608}, {""microbatch"": 3, ""layer_id"": 2, ""resident_bytes"": 95158272, ""offloaded_bytes"": 8388608}]"
1095,1095,0,FWD,3,0,fwd,3,fc1,fwd_comm_end@3:fc1,FREE,comm:3:7:fc1,33554432,communication,267919360,369393664,50593792,0,0,0,26738688,0,0,0,0,0,0,0,-33554432,0,714645504,-33554432,False,[],"[{""microbatch"": 3, ""layer_id"": 0, ""resident_bytes"": 95191040, ""offloaded_bytes"": 8388608}, {""microbatch"": 3, ""layer_id"": 1, ""resident_bytes"": 95158272, ""offloaded_bytes"": 8388608}, {""microbatch"": 3, ""layer_id"": 2, ""resident_bytes"": 95158272, ""offloaded_bytes"": 8388608}]"
1096,1096,0,FWD,3,0,fwd,3,swiglu,fwd_output@3:8,ALLOC,act|shard=2:tp|partial=complete|dtype=default,11272192,act_live,267919360,380665856,50593792,0,0,0,26738688,0,0,11272192,0,0,0,0,0,0,725917696,11272192,False,[],"[{""microbatch"": 3, ""layer_id"": 0, ""resident_bytes"": 95191040, ""offloaded_bytes"": 8388608}, {""microbatch"": 3, ""layer_id"": 1, ""resident_bytes"": 95158272, ""offloaded_bytes"": 8388608}, {""microbatch"": 3, ""layer_id"": 2, ""resident_bytes"": 95158272, ""offloaded_bytes"": 8388608}]"
1097,1097,0,FWD,3,0,fwd,3,swiglu,fwd_op_execute@3:swiglu,MARK,op:3:8:swiglu,0,,267919360,380665856,50593792,0,0,0,26738688,0,0,0,0,0,0,0,0,0,725917696,0,False,[],"[{""microbatch"": 3, ""layer_id"": 0, ""resident_bytes"": 95191040, ""offloaded_bytes"": 8388608}, {""microbatch"": 3, ""layer_id"": 1, ""resident_bytes"": 95158272, ""offloaded_bytes"": 8388608}, {""microbatch"": 3, ""layer_id"": 2, ""resident_bytes"": 95158272, ""offloaded_bytes"": 8388608}]"
1098,1098,0,FWD,3,0,fwd,3,swiglu,fwd_value_end@3:swiglu,FREE,gate|shard=2:tp|partial=complete|dtype=default,22544384,workspace,267919360,380665856,50593792,0,0,0,4194304,0,0,0,0,0,0,0,-22544384,0,703373312,-22544384,False,[],"[{""microbatch"": 3, ""layer_id"": 0, ""resident_bytes"": 95191040, ""offloaded_bytes"": 8388608}, {""microbatch"": 3, ""layer_id"": 1, ""resident_bytes"": 95158272, ""offloaded_bytes"": 8388608}, {""microbatch"": 3, ""layer_id"": 2, ""resident_bytes"": 95158272, ""offloaded_bytes"": 8388608}]"
1099,1099,0,FWD,3,0,fwd,3,fc2,fwd_output@3:9,ALLOC,o2|shard=replicated|partial=tp|dtype=default,33554432,workspace,267919360,380665856,50593792,0,0,0,37748736,0,0,0,0,0,0,0,33554432,0,736927744,33554432,False,[],"[{""microbatch"": 3, ""layer_id"": 0, ""resident_bytes"": 95191040, ""offloaded_bytes"": 8388608}, {""microbatch"": 3, ""layer_id"": 1, ""resident_bytes"": 95158272, ""offloaded_bytes"": 8388608}, {""microbatch"": 3, ""layer_id"": 2, ""resident_bytes"": 95158272, ""offloaded_bytes"": 8388608}]"
1100,1100,0,FWD,3,0,fwd,3,fc2,fwd_op_execute@3:fc2,MARK,op:3:9:fc2,0,,267919360,380665856,50593792,0,0,0,37748736,0,0,0,0,0,0,0,0,0,736927744,0,False,[],"[{""microbatch"": 3, ""layer_id"": 0, ""resident_bytes"": 95191040, ""offloaded_bytes"": 8388608}, {""microbatch"": 3, ""layer_id"": 1, ""resident_bytes"": 95158272, ""offloaded_bytes"": 8388608}, {""microbatch"": 3, ""layer_id"": 2, ""resident_bytes"": 95158272, ""offloaded_bytes"": 8388608}]"
1101,1101,0,FWD,3,0,fwd,3,fc2,fwd_value_end@3:fc2,FREE,o2|shard=replicated|partial=tp|dtype=default,33554432,workspace,267919360,380665856,50593792,0,0,0,4194304,0,0,0,0,0,0,0,-33554432,0,703373312,-33554432,False,[],"[{""microbatch"": 3, ""layer_id"": 0, ""resident_bytes"": 95191040, ""offloaded_bytes"": 8388608}, {""microbatch"": 3, ""layer_id"": 1, ""resident_bytes"": 95158272, ""offloaded_bytes"": 8388608}, {""microbatch"": 3, ""layer_id"": 2, ""resident_bytes"": 95158272, ""offloaded_bytes"": 8388608}]"
1102,1102,0,FWD,3,0,fwd,3,add2,fwd_input@3:10,ALLOC,o2|shard=0:tp|partial=complete|dtype=default,4194304,workspace,267919360,380665856,50593792,0,0,0,8388608,0,0,0,0,0,0,0,4194304,0,707567616,4194304,False,[],"[{""microbatch"": 3, ""layer_id"": 0, ""resident_bytes"": 95191040, ""offloaded_bytes"": 8388608}, {""microbatch"": 3, ""layer_id"": 1, ""resident_bytes"": 95158272, ""offloaded_bytes"": 8388608}, {""microbatch"": 3, ""layer_id"": 2, ""resident_bytes"": 95158272, ""offloaded_bytes"": 8388608}]"
1103,1103,0,FWD,3,0,fwd,3,add2,fwd_output@3:10,ALLOC,h2|shard=0:tp|partial=complete|dtype=default,4194304,workspace,267919360,380665856,50593792,0,0,0,12582912,0,0,0,0,0,0,0,4194304,0,711761920,4194304,False,[],"[{""microbatch"": 3, ""layer_id"": 0, ""resident_bytes"": 95191040, ""offloaded_bytes"": 8388608}, {""microbatch"": 3, ""layer_id"": 1, ""resident_bytes"": 95158272, ""offloaded_bytes"": 8388608}, {""microbatch"": 3, ""layer_id"": 2, ""resident_bytes"": 95158272, ""offloaded_bytes"": 8388608}]"
1104,1104,0,FWD,3,0,fwd,3,add2,fwd_comm@3:add2,ALLOC,comm:3:10:add2,4194304,communication,267919360,380665856,50593792,0,0,0,16777216,0,0,0,0,0,0,0,4194304,0,715956224,4194304,False,[],"[{""microbatch"": 3, ""layer_id"": 0, ""resident_bytes"": 95191040, ""offloaded_bytes"": 8388608}, {""microbatch"": 3, ""layer_id"": 1, ""resident_bytes"": 95158272, ""offloaded_bytes"": 8388608}, {""microbatch"": 3, ""layer_id"": 2, ""resident_bytes"": 95158272, ""offloaded_bytes"": 8388608}]"
1105,1105,0,FWD,3,0,fwd,3,add2,fwd_op_execute@3:add2,MARK,op:3:10:add2,0,,267919360,380665856,50593792,0,0,0,16777216,0,0,0,0,0,0,0,0,0,715956224,0,False,[],"[{""microbatch"": 3, ""layer_id"": 0, ""resident_bytes"": 95191040, ""offloaded_bytes"": 8388608}, {""microbatch"": 3, ""layer_id"": 1, ""resident_bytes"": 95158272, ""offloaded_bytes"": 8388608}, {""microbatch"": 3, ""layer_id"": 2, ""resident_bytes"": 95158272, ""offloaded_bytes"": 8388608}]"
1106,1106,0,FWD,3,0,fwd,3,add2,fwd_comm_end@3:add2,FREE,comm:3:10:add2,4194304,communication,267919360,380665856,50593792,0,0,0,12582912,0,0,0,0,0,0,0,-4194304,0,711761920,-4194304,False,[],"[{""microbatch"": 3, ""layer_id"": 0, ""resident_bytes"": 95191040, ""offloaded_bytes"": 8388608}, {""microbatch"": 3, ""layer_id"": 1, ""resident_bytes"": 95158272, ""offloaded_bytes"": 8388608}, {""microbatch"": 3, ""layer_id"": 2, ""resident_bytes"": 95158272, ""offloaded_bytes"": 8388608}]"
1107,1107,0,FWD,3,0,fwd,3,add2,fwd_value_end@3:add2,FREE,h2|shard=0:tp|partial=complete|dtype=default,4194304,workspace,267919360,380665856,50593792,0,0,0,8388608,0,0,0,0,0,0,0,-4194304,0,707567616,-4194304,False,[],"[{""microbatch"": 3, ""layer_id"": 0, ""resident_bytes"": 95191040, ""offloaded_bytes"": 8388608}, {""microbatch"": 3, ""layer_id"": 1, ""resident_bytes"": 95158272, ""offloaded_bytes"": 8388608}, {""microbatch"": 3, ""layer_id"": 2, ""resident_bytes"": 95158272, ""offloaded_bytes"": 8388608}]"
1108,1108,0,FWD,3,0,fwd,3,add2,fwd_value_end@3:add2,FREE,h1|shard=0:tp|partial=complete|dtype=default,4194304,workspace,267919360,380665856,50593792,0,0,0,4194304,0,0,0,0,0,0,0,-4194304,0,703373312,-4194304,False,[],"[{""microbatch"": 3, ""layer_id"": 0, ""resident_bytes"": 95191040, ""offloaded_bytes"": 8388608}, {""microbatch"": 3, ""layer_id"": 1, ""resident_bytes"": 95158272, ""offloaded_bytes"": 8388608}, {""microbatch"": 3, ""layer_id"": 2, ""resident_bytes"": 95158272, ""offloaded_bytes"": 8388608}]"
1109,1109,0,FWD,3,0,fwd,3,add2,fwd_value_end@3:add2,FREE,o2|shard=0:tp|partial=complete|dtype=default,4194304,workspace,267919360,380665856,50593792,0,0,0,0,0,0,0,0,0,0,0,-4194304,0,699179008,-4194304,False,[],"[{""microbatch"": 3, ""layer_id"": 0, ""resident_bytes"": 95191040, ""offloaded_bytes"": 8388608}, {""microbatch"": 3, ""layer_id"": 1, ""resident_bytes"": 95158272, ""offloaded_bytes"": 8388608}, {""microbatch"": 3, ""layer_id"": 2, ""resident_bytes"": 95158272, ""offloaded_bytes"": 8388608}]"
1110,1110,0,FWD,3,0,fwd,3,,fwd_end@3,,,0,,267919360,380665856,50593792,0,0,0,0,0,0,0,0,0,0,0,0,0,699179008,0,False,[],"[{""microbatch"": 3, ""layer_id"": 0, ""resident_bytes"": 95191040, ""offloaded_bytes"": 8388608}, {""microbatch"": 3, ""layer_id"": 1, ""resident_bytes"": 95158272, ""offloaded_bytes"": 8388608}, {""microbatch"": 3, ""layer_id"": 2, ""resident_bytes"": 95158272, ""offloaded_bytes"": 8388608}, {""microbatch"": 3, ""layer_id"": 3, ""resident_bytes"": 95158272, ""offloaded_bytes"": 8388608}]"
1111,1111,0,FWD,3,0,fwd,-1,final_norm,fwd_input@-1:0,ALLOC,final_hidden|shard=0:tp|partial=complete|dtype=default,4194304,act_live,267919360,384860160,16384,0,0,0,0,0,0,4194304,-50577408,0,0,0,0,0,652795904,-46383104,False,[],"[{""microbatch"": 3, ""layer_id"": 0, ""resident_bytes"": 95191040, ""offloaded_bytes"": 8388608}, {""microbatch"": 3, ""layer_id"": 1, ""resident_bytes"": 95158272, ""offloaded_bytes"": 8388608}, {""microbatch"": 3, ""layer_id"": 2, ""resident_bytes"": 95158272, ""offloaded_bytes"": 8388608}, {""microbatch"": 3, ""layer_id"": 3, ""resident_bytes"": 95158272, ""offloaded_bytes"": 8388608}]"
1112,1112,0,FWD,3,0,fwd,-1,final_norm,fwd_output@-1:0,ALLOC,normalized_hidden|shard=0:tp|partial=complete|dtype=default,4194304,act_live,267919360,389054464,16384,0,0,0,0,0,0,4194304,0,0,0,0,0,0,656990208,4194304,False,[],"[{""microbatch"": 3, ""layer_id"": 0, ""resident_bytes"": 95191040, ""offloaded_bytes"": 8388608}, {""microbatch"": 3, ""layer_id"": 1, ""resident_bytes"": 95158272, ""offloaded_bytes"": 8388608}, {""microbatch"": 3, ""layer_id"": 2, ""resident_bytes"": 95158272, ""offloaded_bytes"": 8388608}, {""microbatch"": 3, ""layer_id"": 3, ""resident_bytes"": 95158272, ""offloaded_bytes"": 8388608}]"
1113,1113,0,FWD,3,0,fwd,-1,final_norm,fwd_op_execute@-1:final_norm,MARK,op:-1:0:final_norm,0,,267919360,389054464,16384,0,0,0,0,0,0,0,0,0,0,0,0,0,656990208,0,False,[],"[{""microbatch"": 3, ""layer_id"": 0, ""resident_bytes"": 95191040, ""offloaded_bytes"": 8388608}, {""microbatch"": 3, ""layer_id"": 1, ""resident_bytes"": 95158272, ""offloaded_bytes"": 8388608}, {""microbatch"": 3, ""layer_id"": 2, ""resident_bytes"": 95158272, ""offloaded_bytes"": 8388608}, {""microbatch"": 3, ""layer_id"": 3, ""resident_bytes"": 95158272, ""offloaded_bytes"": 8388608}]"
1114,1114,0,FWD,3,0,fwd,-1,lm_head,loss_logits,ALLOC,logits|shard=0:tp|partial=complete|dtype=default,32768000,workspace,267919360,389054464,32768000,0,0,0,32768000,0,0,0,32751616,0,0,0,32768000,0,722509824,65519616,False,[],"[{""microbatch"": 3, ""layer_id"": 0, ""resident_bytes"": 95191040, ""offloaded_bytes"": 8388608}, {""microbatch"": 3, ""layer_id"": 1, ""resident_bytes"": 95158272, ""offloaded_bytes"": 8388608}, {""microbatch"": 3, ""layer_id"": 2, ""resident_bytes"": 95158272, ""offloaded_bytes"": 8388608}, {""microbatch"": 3, ""layer_id"": 3, ""resident_bytes"": 95158272, ""offloaded_bytes"": 8388608}]"
1115,1115,0,FWD,3,0,fwd,-1,lm_head,loss_logits,ALLOC,comm:-1:1:lm_head,32768000,communication,267919360,389054464,32768000,0,0,0,65536000,0,0,0,0,0,0,0,32768000,0,755277824,32768000,False,[],"[{""microbatch"": 3, ""layer_id"": 0, ""resident_bytes"": 95191040, ""offloaded_bytes"": 8388608}, {""microbatch"": 3, ""layer_id"": 1, ""resident_bytes"": 95158272, ""offloaded_bytes"": 8388608}, {""microbatch"": 3, ""layer_id"": 2, ""resident_bytes"": 95158272, ""offloaded_bytes"": 8388608}, {""microbatch"": 3, ""layer_id"": 3, ""resident_bytes"": 95158272, ""offloaded_bytes"": 8388608}]"
1116,1116,0,FWD,3,0,fwd,-1,lm_head,loss_logits,MARK,op:-1:1:lm_head,0,,267919360,389054464,32768000,0,0,0,65536000,0,0,0,0,0,0,0,0,0,755277824,0,False,[],"[{""microbatch"": 3, ""layer_id"": 0, ""resident_bytes"": 95191040, ""offloaded_bytes"": 8388608}, {""microbatch"": 3, ""layer_id"": 1, ""resident_bytes"": 95158272, ""offloaded_bytes"": 8388608}, {""microbatch"": 3, ""layer_id"": 2, ""resident_bytes"": 95158272, ""offloaded_bytes"": 8388608}, {""microbatch"": 3, ""layer_id"": 3, ""resident_bytes"": 95158272, ""offloaded_bytes"": 8388608}]"
1117,1117,0,FWD,3,0,fwd,-1,lm_head,loss_logits,FREE,comm:-1:1:lm_head,32768000,communication,267919360,389054464,32768000,0,0,0,32768000,0,0,0,0,0,0,0,-32768000,0,722509824,-32768000,False,[],"[{""microbatch"": 3, ""layer_id"": 0, ""resident_bytes"": 95191040, ""offloaded_bytes"": 8388608}, {""microbatch"": 3, ""layer_id"": 1, ""resident_bytes"": 95158272, ""offloaded_bytes"": 8388608}, {""microbatch"": 3, ""layer_id"": 2, ""resident_bytes"": 95158272, ""offloaded_bytes"": 8388608}, {""microbatch"": 3, ""layer_id"": 3, ""resident_bytes"": 95158272, ""offloaded_bytes"": 8388608}]"
1118,1118,0,FWD,3,0,fwd,-1,loss_cast_fp32,fwd_output@-1:2,ALLOC,loss_logits_fp32|shard=0:tp|partial=complete|dtype=4,65536000,workspace,267919360,389054464,0,0,0,0,98304000,0,0,0,-32768000,0,0,0,65536000,0,755277824,32768000,False,[],"[{""microbatch"": 3, ""layer_id"": 0, ""resident_bytes"": 95191040, ""offloaded_bytes"": 8388608}, {""microbatch"": 3, ""layer_id"": 1, ""resident_bytes"": 95158272, ""offloaded_bytes"": 8388608}, {""microbatch"": 3, ""layer_id"": 2, ""resident_bytes"": 95158272, ""offloaded_bytes"": 8388608}, {""microbatch"": 3, ""layer_id"": 3, ""resident_bytes"": 95158272, ""offloaded_bytes"": 8388608}]"
1119,1119,0,FWD,3,0,fwd,-1,loss_cast_fp32,fwd_op_execute@-1:loss_cast_fp32,MARK,op:-1:2:loss_cast_fp32,0,,267919360,389054464,0,0,0,0,98304000,0,0,0,0,0,0,0,0,0,755277824,0,False,[],"[{""microbatch"": 3, ""layer_id"": 0, ""resident_bytes"": 95191040, ""offloaded_bytes"": 8388608}, {""microbatch"": 3, ""layer_id"": 1, ""resident_bytes"": 95158272, ""offloaded_bytes"": 8388608}, {""microbatch"": 3, ""layer_id"": 2, ""resident_bytes"": 95158272, ""offloaded_bytes"": 8388608}, {""microbatch"": 3, ""layer_id"": 3, ""resident_bytes"": 95158272, ""offloaded_bytes"": 8388608}]"
1120,1120,0,FWD,3,0,fwd,-1,loss_cast_fp32,fwd_value_end@-1:loss_cast_fp32,FREE,logits|shard=0:tp|partial=complete|dtype=default,32768000,workspace,267919360,389054464,0,0,0,0,65536000,0,0,0,0,0,0,0,-32768000,0,722509824,-32768000,False,[],"[{""microbatch"": 3, ""layer_id"": 0, ""resident_bytes"": 95191040, ""offloaded_bytes"": 8388608}, {""microbatch"": 3, ""layer_id"": 1, ""resident_bytes"": 95158272, ""offloaded_bytes"": 8388608}, {""microbatch"": 3, ""layer_id"": 2, ""resident_bytes"": 95158272, ""offloaded_bytes"": 8388608}, {""microbatch"": 3, ""layer_id"": 3, ""resident_bytes"": 95158272, ""offloaded_bytes"": 8388608}]"
1121,1121,0,FWD,3,0,fwd,-1,loss_fwd_softmax,fwd_output@-1:3,ALLOC,loss_probabilities|shard=0:tp|partial=complete|dtype=4,65536000,act_live,267919360,454590464,0,0,0,0,65536000,0,0,65536000,0,0,0,0,0,0,788045824,65536000,False,[],"[{""microbatch"": 3, ""layer_id"": 0, ""resident_bytes"": 95191040, ""offloaded_bytes"": 8388608}, {""microbatch"": 3, ""layer_id"": 1, ""resident_bytes"": 95158272, ""offloaded_bytes"": 8388608}, {""microbatch"": 3, ""layer_id"": 2, ""resident_bytes"": 95158272, ""offloaded_bytes"": 8388608}, {""microbatch"": 3, ""layer_id"": 3, ""resident_bytes"": 95158272, ""offloaded_bytes"": 8388608}]"
1122,1122,0,FWD,3,0,fwd,-1,loss_fwd_softmax,fwd_save@-1:3,ALLOC,loss_stats|shard=0:tp|partial=complete|dtype=4,4096,act_live,267919360,454594560,0,0,0,0,65536000,0,0,4096,0,0,0,0,0,0,788049920,4096,False,[],"[{""microbatch"": 3, ""layer_id"": 0, ""resident_bytes"": 95191040, ""offloaded_bytes"": 8388608}, {""microbatch"": 3, ""layer_id"": 1, ""resident_bytes"": 95158272, ""offloaded_bytes"": 8388608}, {""microbatch"": 3, ""layer_id"": 2, ""resident_bytes"": 95158272, ""offloaded_bytes"": 8388608}, {""microbatch"": 3, ""layer_id"": 3, ""resident_bytes"": 95158272, ""offloaded_bytes"": 8388608}]"
1123,1123,0,FWD,3,0,fwd,-1,loss_fwd_softmax,fwd_op@-1:loss_fwd_softmax,ALLOC,workspace:-1:3:loss_fwd_softmax,32768,workspace,267919360,454594560,0,0,0,0,65568768,0,0,0,0,0,0,0,32768,0,788082688,32768,False,[],"[{""microbatch"": 3, ""layer_id"": 0, ""resident_bytes"": 95191040, ""offloaded_bytes"": 8388608}, {""microbatch"": 3, ""layer_id"": 1, ""resident_bytes"": 95158272, ""offloaded_bytes"": 8388608}, {""microbatch"": 3, ""layer_id"": 2, ""resident_bytes"": 95158272, ""offloaded_bytes"": 8388608}, {""microbatch"": 3, ""layer_id"": 3, ""resident_bytes"": 95158272, ""offloaded_bytes"": 8388608}]"
1124,1124,0,FWD,3,0,fwd,-1,loss_fwd_softmax,fwd_op_execute@-1:loss_fwd_softmax,MARK,op:-1:3:loss_fwd_softmax,0,,267919360,454594560,0,0,0,0,65568768,0,0,0,0,0,0,0,0,0,788082688,0,False,[],"[{""microbatch"": 3, ""layer_id"": 0, ""resident_bytes"": 95191040, ""offloaded_bytes"": 8388608}, {""microbatch"": 3, ""layer_id"": 1, ""resident_bytes"": 95158272, ""offloaded_bytes"": 8388608}, {""microbatch"": 3, ""layer_id"": 2, ""resident_bytes"": 95158272, ""offloaded_bytes"": 8388608}, {""microbatch"": 3, ""layer_id"": 3, ""resident_bytes"": 95158272, ""offloaded_bytes"": 8388608}]"
1125,1125,0,FWD,3,0,fwd,-1,loss_fwd_softmax,fwd_op_end@-1:loss_fwd_softmax,FREE,workspace:-1:3:loss_fwd_softmax,32768,workspace,267919360,454594560,0,0,0,0,65536000,0,0,0,0,0,0,0,-32768,0,788049920,-32768,False,[],"[{""microbatch"": 3, ""layer_id"": 0, ""resident_bytes"": 95191040, ""offloaded_bytes"": 8388608}, {""microbatch"": 3, ""layer_id"": 1, ""resident_bytes"": 95158272, ""offloaded_bytes"": 8388608}, {""microbatch"": 3, ""layer_id"": 2, ""resident_bytes"": 95158272, ""offloaded_bytes"": 8388608}, {""microbatch"": 3, ""layer_id"": 3, ""resident_bytes"": 95158272, ""offloaded_bytes"": 8388608}]"
1126,1126,0,FWD,3,0,fwd,-1,loss_fwd_softmax,fwd_value_end@-1:loss_fwd_softmax,FREE,loss_logits_fp32|shard=0:tp|partial=complete|dtype=4,65536000,workspace,267919360,454594560,0,0,0,0,0,0,0,0,0,0,0,0,-65536000,0,722513920,-65536000,False,[],"[{""microbatch"": 3, ""layer_id"": 0, ""resident_bytes"": 95191040, ""offloaded_bytes"": 8388608}, {""microbatch"": 3, ""layer_id"": 1, ""resident_bytes"": 95158272, ""offloaded_bytes"": 8388608}, {""microbatch"": 3, ""layer_id"": 2, ""resident_bytes"": 95158272, ""offloaded_bytes"": 8388608}, {""microbatch"": 3, ""layer_id"": 3, ""resident_bytes"": 95158272, ""offloaded_bytes"": 8388608}]"
1127,1127,0,FWD,3,0,fwd,-1,loss_reduce,fwd_input@-1:4,ALLOC,labels|shard=0:tp|partial=complete|dtype=4,2048,act_live,267919360,454596608,0,0,0,0,0,0,0,2048,0,0,0,0,0,0,722515968,2048,False,[],"[{""microbatch"": 3, ""layer_id"": 0, ""resident_bytes"": 95191040, ""offloaded_bytes"": 8388608}, {""microbatch"": 3, ""layer_id"": 1, ""resident_bytes"": 95158272, ""offloaded_bytes"": 8388608}, {""microbatch"": 3, ""layer_id"": 2, ""resident_bytes"": 95158272, ""offloaded_bytes"": 8388608}, {""microbatch"": 3, ""layer_id"": 3, ""resident_bytes"": 95158272, ""offloaded_bytes"": 8388608}]"
1128,1128,0,FWD,3,0,fwd,-1,loss_reduce,fwd_input@-1:4,ALLOC,loss_mask|shard=0:tp|partial=complete|dtype=4,2048,act_live,267919360,454598656,0,0,0,0,0,0,0,2048,0,0,0,0,0,0,722518016,2048,False,[],"[{""microbatch"": 3, ""layer_id"": 0, ""resident_bytes"": 95191040, ""offloaded_bytes"": 8388608}, {""microbatch"": 3, ""layer_id"": 1, ""resident_bytes"": 95158272, ""offloaded_bytes"": 8388608}, {""microbatch"": 3, ""layer_id"": 2, ""resident_bytes"": 95158272, ""offloaded_bytes"": 8388608}, {""microbatch"": 3, ""layer_id"": 3, ""resident_bytes"": 95158272, ""offloaded_bytes"": 8388608}]"
1129,1129,0,FWD,3,0,fwd,-1,loss_reduce,fwd_output@-1:4,ALLOC,loss|shard=replicated|partial=complete|dtype=4,4,workspace,267919360,454598656,0,0,0,0,4,0,0,0,0,0,0,0,4,0,722518020,4,False,[],"[{""microbatch"": 3, ""layer_id"": 0, ""resident_bytes"": 95191040, ""offloaded_bytes"": 8388608}, {""microbatch"": 3, ""layer_id"": 1, ""resident_bytes"": 95158272, ""offloaded_bytes"": 8388608}, {""microbatch"": 3, ""layer_id"": 2, ""resident_bytes"": 95158272, ""offloaded_bytes"": 8388608}, {""microbatch"": 3, ""layer_id"": 3, ""resident_bytes"": 95158272, ""offloaded_bytes"": 8388608}]"
1130,1130,0,FWD,3,0,fwd,-1,loss_reduce,fwd_op_execute@-1:loss_reduce,MARK,op:-1:4:loss_reduce,0,,267919360,454598656,0,0,0,0,4,0,0,0,0,0,0,0,0,0,722518020,0,False,[],"[{""microbatch"": 3, ""layer_id"": 0, ""resident_bytes"": 95191040, ""offloaded_bytes"": 8388608}, {""microbatch"": 3, ""layer_id"": 1, ""resident_bytes"": 95158272, ""offloaded_bytes"": 8388608}, {""microbatch"": 3, ""layer_id"": 2, ""resident_bytes"": 95158272, ""offloaded_bytes"": 8388608}, {""microbatch"": 3, ""layer_id"": 3, ""resident_bytes"": 95158272, ""offloaded_bytes"": 8388608}]"
1131,1131,0,FWD,3,0,fwd,-1,loss_reduce,fwd_value_end@-1:loss_reduce,FREE,loss|shard=replicated|partial=complete|dtype=4,4,workspace,267919360,454598656,0,0,0,0,0,0,0,0,0,0,0,0,-4,0,722518016,-4,False,[],"[{""microbatch"": 3, ""layer_id"": 0, ""resident_bytes"": 95191040, ""offloaded_bytes"": 8388608}, {""microbatch"": 3, ""layer_id"": 1, ""resident_bytes"": 95158272, ""offloaded_bytes"": 8388608}, {""microbatch"": 3, ""layer_id"": 2, ""resident_bytes"": 95158272, ""offloaded_bytes"": 8388608}, {""microbatch"": 3, ""layer_id"": 3, ""resident_bytes"": 95158272, ""offloaded_bytes"": 8388608}]"
1132,1132,0,FWD,3,0,fwd,,,fwd_end,,,0,,267919360,454600704,0,0,0,0,0,0,0,2048,0,0,0,0,0,0,722520064,2048,False,[],"[{""microbatch"": 3, ""layer_id"": -1, ""resident_bytes"": 73934848, ""offloaded_bytes"": 0}, {""microbatch"": 3, ""layer_id"": 0, ""resident_bytes"": 95191040, ""offloaded_bytes"": 8388608}, {""microbatch"": 3, ""layer_id"": 1, ""resident_bytes"": 95158272, ""offloaded_bytes"": 8388608}, {""microbatch"": 3, ""layer_id"": 2, ""resident_bytes"": 95158272, ""offloaded_bytes"": 8388608}, {""microbatch"": 3, ""layer_id"": 3, ""resident_bytes"": 95158272, ""offloaded_bytes"": 8388608}]"
1133,1133,0,BWD,3,0,bwd,,,bwd_edge_gather@loss_reduce,,,0,,267919360,454600704,0,0,0,0,0,0,0,0,0,0,0,0,0,0,722520064,0,False,[],"[{""microbatch"": 3, ""layer_id"": -1, ""resident_bytes"": 73934848, ""offloaded_bytes"": 0}, {""microbatch"": 3, ""layer_id"": 0, ""resident_bytes"": 95191040, ""offloaded_bytes"": 8388608}, {""microbatch"": 3, ""layer_id"": 1, ""resident_bytes"": 95158272, ""offloaded_bytes"": 8388608}, {""microbatch"": 3, ""layer_id"": 2, ""resident_bytes"": 95158272, ""offloaded_bytes"": 8388608}, {""microbatch"": 3, ""layer_id"": 3, ""resident_bytes"": 95158272, ""offloaded_bytes"": 8388608}]"
1134,1134,0,BWD,3,0,bwd,-1,loss_reduce,loss_bwd_dlogits,,,0,,267919360,454600704,0,0,0,0,131072000,0,0,0,0,0,0,0,131072000,0,853592064,131072000,False,[],"[{""microbatch"": 3, ""layer_id"": -1, ""resident_bytes"": 73934848, ""offloaded_bytes"": 0}, {""microbatch"": 3, ""layer_id"": 0, ""resident_bytes"": 95191040, ""offloaded_bytes"": 8388608}, {""microbatch"": 3, ""layer_id"": 1, ""resident_bytes"": 95158272, ""offloaded_bytes"": 8388608}, {""microbatch"": 3, ""layer_id"": 2, ""resident_bytes"": 95158272, ""offloaded_bytes"": 8388608}, {""microbatch"": 3, ""layer_id"": 3, ""resident_bytes"": 95158272, ""offloaded_bytes"": 8388608}]"
1135,1135,0,BWD,3,0,bwd,-1,loss_reduce,bwd_edge_grad@loss_reduce,,,0,,267919360,454600704,0,0,0,0,0,0,0,0,0,0,0,0,-131072000,0,722520064,-131072000,False,[],"[{""microbatch"": 3, ""layer_id"": -1, ""resident_bytes"": 73934848, ""offloaded_bytes"": 0}, {""microbatch"": 3, ""layer_id"": 0, ""resident_bytes"": 95191040, ""offloaded_bytes"": 8388608}, {""microbatch"": 3, ""layer_id"": 1, ""resident_bytes"": 95158272, ""offloaded_bytes"": 8388608}, {""microbatch"": 3, ""layer_id"": 2, ""resident_bytes"": 95158272, ""offloaded_bytes"": 8388608}, {""microbatch"": 3, ""layer_id"": 3, ""resident_bytes"": 95158272, ""offloaded_bytes"": 8388608}]"
1136,1136,0,BWD,3,0,bwd,,,bwd_edge_gather@loss_fwd_softmax,,,0,,267919360,454600704,0,0,0,0,0,0,0,0,0,0,0,0,0,0,722520064,0,False,[],"[{""microbatch"": 3, ""layer_id"": -1, ""resident_bytes"": 73934848, ""offloaded_bytes"": 0}, {""microbatch"": 3, ""layer_id"": 0, ""resident_bytes"": 95191040, ""offloaded_bytes"": 8388608}, {""microbatch"": 3, ""layer_id"": 1, ""resident_bytes"": 95158272, ""offloaded_bytes"": 8388608}, {""microbatch"": 3, ""layer_id"": 2, ""resident_bytes"": 95158272, ""offloaded_bytes"": 8388608}, {""microbatch"": 3, ""layer_id"": 3, ""resident_bytes"": 95158272, ""offloaded_bytes"": 8388608}]"
1137,1137,0,BWD,3,0,bwd,-1,loss_fwd_softmax,bwd_edge_grad@loss_fwd_softmax,,,0,,267919360,454600704,0,0,0,0,0,0,0,0,0,0,0,0,0,0,722520064,0,False,[],"[{""microbatch"": 3, ""layer_id"": -1, ""resident_bytes"": 73934848, ""offloaded_bytes"": 0}, {""microbatch"": 3, ""layer_id"": 0, ""resident_bytes"": 95191040, ""offloaded_bytes"": 8388608}, {""microbatch"": 3, ""layer_id"": 1, ""resident_bytes"": 95158272, ""offloaded_bytes"": 8388608}, {""microbatch"": 3, ""layer_id"": 2, ""resident_bytes"": 95158272, ""offloaded_bytes"": 8388608}, {""microbatch"": 3, ""layer_id"": 3, ""resident_bytes"": 95158272, ""offloaded_bytes"": 8388608}]"
1138,1138,0,BWD,3,0,bwd,,,bwd_edge_gather@loss_cast_fp32,,,0,,267919360,454600704,0,0,0,0,0,0,0,0,0,0,0,0,0,0,722520064,0,False,[],"[{""microbatch"": 3, ""layer_id"": -1, ""resident_bytes"": 73934848, ""offloaded_bytes"": 0}, {""microbatch"": 3, ""layer_id"": 0, ""resident_bytes"": 95191040, ""offloaded_bytes"": 8388608}, {""microbatch"": 3, ""layer_id"": 1, ""resident_bytes"": 95158272, ""offloaded_bytes"": 8388608}, {""microbatch"": 3, ""layer_id"": 2, ""resident_bytes"": 95158272, ""offloaded_bytes"": 8388608}, {""microbatch"": 3, ""layer_id"": 3, ""resident_bytes"": 95158272, ""offloaded_bytes"": 8388608}]"
1139,1139,0,BWD,3,0,bwd,-1,loss_cast_fp32,bwd_edge_grad@loss_cast_fp32,,,0,,267919360,454600704,0,0,0,0,0,0,0,0,0,0,0,0,0,0,722520064,0,False,[],"[{""microbatch"": 3, ""layer_id"": -1, ""resident_bytes"": 73934848, ""offloaded_bytes"": 0}, {""microbatch"": 3, ""layer_id"": 0, ""resident_bytes"": 95191040, ""offloaded_bytes"": 8388608}, {""microbatch"": 3, ""layer_id"": 1, ""resident_bytes"": 95158272, ""offloaded_bytes"": 8388608}, {""microbatch"": 3, ""layer_id"": 2, ""resident_bytes"": 95158272, ""offloaded_bytes"": 8388608}, {""microbatch"": 3, ""layer_id"": 3, ""resident_bytes"": 95158272, ""offloaded_bytes"": 8388608}]"
1140,1140,0,BWD,3,0,bwd,,,bwd_edge_gather@lm_head,,,0,,267919360,454600704,32768000,0,0,0,0,0,0,0,32768000,0,0,0,0,0,755288064,32768000,False,[],"[{""microbatch"": 3, ""layer_id"": -1, ""resident_bytes"": 73934848, ""offloaded_bytes"": 0}, {""microbatch"": 3, ""layer_id"": 0, ""resident_bytes"": 95191040, ""offloaded_bytes"": 8388608}, {""microbatch"": 3, ""layer_id"": 1, ""resident_bytes"": 95158272, ""offloaded_bytes"": 8388608}, {""microbatch"": 3, ""layer_id"": 2, ""resident_bytes"": 95158272, ""offloaded_bytes"": 8388608}, {""microbatch"": 3, ""layer_id"": 3, ""resident_bytes"": 95158272, ""offloaded_bytes"": 8388608}]"
1141,1141,0,BWD,3,0,bwd,-1,lm_head,bwd_edge_op@lm_head,,,0,,267919360,454600704,32768000,32768000,0,0,32768000,0,0,0,0,32768000,0,0,32768000,0,820824064,65536000,False,[],"[{""microbatch"": 3, ""layer_id"": -1, ""resident_bytes"": 73934848, ""offloaded_bytes"": 0}, {""microbatch"": 3, ""layer_id"": 0, ""resident_bytes"": 95191040, ""offloaded_bytes"": 8388608}, {""microbatch"": 3, ""layer_id"": 1, ""resident_bytes"": 95158272, ""offloaded_bytes"": 8388608}, {""microbatch"": 3, ""layer_id"": 2, ""resident_bytes"": 95158272, ""offloaded_bytes"": 8388608}, {""microbatch"": 3, ""layer_id"": 3, ""resident_bytes"": 95158272, ""offloaded_bytes"": 8388608}]"
1142,1142,0,BWD,3,0,bwd,-1,lm_head,bwd_edge_grad@lm_head,,,0,,267919360,454600704,32768000,32768000,0,0,0,0,0,0,0,0,0,0,-32768000,0,788056064,-32768000,False,[],"[{""microbatch"": 3, ""layer_id"": -1, ""resident_bytes"": 73934848, ""offloaded_bytes"": 0}, {""microbatch"": 3, ""layer_id"": 0, ""resident_bytes"": 95191040, ""offloaded_bytes"": 8388608}, {""microbatch"": 3, ""layer_id"": 1, ""resident_bytes"": 95158272, ""offloaded_bytes"": 8388608}, {""microbatch"": 3, ""layer_id"": 2, ""resident_bytes"": 95158272, ""offloaded_bytes"": 8388608}, {""microbatch"": 3, ""layer_id"": 3, ""resident_bytes"": 95158272, ""offloaded_bytes"": 8388608}]"
1143,1143,0,BWD,3,0,bwd,,,bwd_edge_gather@final_norm,,,0,,267919360,454600704,16384,0,0,0,0,0,0,0,-32751616,-32768000,0,0,0,0,722536448,-65519616,False,[],"[{""microbatch"": 3, ""layer_id"": -1, ""resident_bytes"": 73934848, ""offloaded_bytes"": 0}, {""microbatch"": 3, ""layer_id"": 0, ""resident_bytes"": 95191040, ""offloaded_bytes"": 8388608}, {""microbatch"": 3, ""layer_id"": 1, ""resident_bytes"": 95158272, ""offloaded_bytes"": 8388608}, {""microbatch"": 3, ""layer_id"": 2, ""resident_bytes"": 95158272, ""offloaded_bytes"": 8388608}, {""microbatch"": 3, ""layer_id"": 3, ""resident_bytes"": 95158272, ""offloaded_bytes"": 8388608}]"
1144,1144,0,BWD,3,0,bwd,-1,final_norm,bwd_edge_grad@final_norm,,,0,,267919360,454600704,16384,16384,0,0,0,0,0,0,0,16384,0,0,0,0,722552832,16384,False,[],"[{""microbatch"": 3, ""layer_id"": -1, ""resident_bytes"": 73934848, ""offloaded_bytes"": 0}, {""microbatch"": 3, ""layer_id"": 0, ""resident_bytes"": 95191040, ""offloaded_bytes"": 8388608}, {""microbatch"": 3, ""layer_id"": 1, ""resident_bytes"": 95158272, ""offloaded_bytes"": 8388608}, {""microbatch"": 3, ""layer_id"": 2, ""resident_bytes"": 95158272, ""offloaded_bytes"": 8388608}, {""microbatch"": 3, ""layer_id"": 3, ""resident_bytes"": 95158272, ""offloaded_bytes"": 8388608}]"
1145,1145,0,BWD,3,0,bwd,3,,bwd_gather@3,,,0,,267919360,454600704,101187584,0,0,0,0,0,0,0,101171200,-16384,0,0,0,0,823707648,101154816,False,[],"[{""microbatch"": 3, ""layer_id"": -1, ""resident_bytes"": 73934848, ""offloaded_bytes"": 0}, {""microbatch"": 3, ""layer_id"": 0, ""resident_bytes"": 95191040, ""offloaded_bytes"": 8388608}, {""microbatch"": 3, ""layer_id"": 1, ""resident_bytes"": 95158272, ""offloaded_bytes"": 8388608}, {""microbatch"": 3, ""layer_id"": 2, ""resident_bytes"": 95158272, ""offloaded_bytes"": 8388608}, {""microbatch"": 3, ""layer_id"": 3, ""resident_bytes"": 95158272, ""offloaded_bytes"": 8388608}]"
1146,1146,0,BWD,3,0,bwd,3,,bwd_swap_prefetch@3,,,0,,267919360,454600704,101187584,0,0,16777216,0,0,0,0,0,0,0,16777216,0,0,840484864,16777216,False,[],"[{""microbatch"": 3, ""layer_id"": -1, ""resident_bytes"": 73934848, ""offloaded_bytes"": 0}, {""microbatch"": 3, ""layer_id"": 0, ""resident_bytes"": 95191040, ""offloaded_bytes"": 8388608}, {""microbatch"": 3, ""layer_id"": 1, ""resident_bytes"": 95158272, ""offloaded_bytes"": 8388608}, {""microbatch"": 3, ""layer_id"": 2, ""resident_bytes"": 95158272, ""offloaded_bytes"": 8388608}, {""microbatch"": 3, ""layer_id"": 3, ""resident_bytes"": 95158272, ""offloaded_bytes"": 8388608}]"
1147,1147,0,BWD,3,0,bwd,3,,bwd_recompute@3,,,0,,267919360,454600704,101187584,0,22577152,0,0,0,0,0,0,0,22577152,-16777216,0,0,846284800,5799936,False,[],"[{""microbatch"": 3, ""layer_id"": -1, ""resident_bytes"": 73934848, ""offloaded_bytes"": 0}, {""microbatch"": 3, ""layer_id"": 0, ""resident_bytes"": 95191040, ""offloaded_bytes"": 8388608}, {""microbatch"": 3, ""layer_id"": 1, ""resident_bytes"": 95158272, ""offloaded_bytes"": 8388608}, {""microbatch"": 3, ""layer_id"": 2, ""resident_bytes"": 95158272, ""offloaded_bytes"": 8388608}, {""microbatch"": 3, ""layer_id"": 3, ""resident_bytes"": 95158272, ""offloaded_bytes"": 8388608}]"
1148,1148,0,BWD,3,0,bwd,3,add2,bwd_op@3:add2,,,0,,267919360,454600704,101187584,0,0,0,4194304,0,0,0,0,0,-22577152,0,4194304,0,827901952,-18382848,False,[],"[{""microbatch"": 3, ""layer_id"": -1, ""resident_bytes"": 73934848, ""offloaded_bytes"": 0}, {""microbatch"": 3, ""layer_id"": 0, ""resident_bytes"": 95191040, ""offloaded_bytes"": 8388608}, {""microbatch"": 3, ""layer_id"": 1, ""resident_bytes"": 95158272, ""offloaded_bytes"": 8388608}, {""microbatch"": 3, ""layer_id"": 2, ""resident_bytes"": 95158272, ""offloaded_bytes"": 8388608}, {""microbatch"": 3, ""layer_id"": 3, ""resident_bytes"": 95158272, ""offloaded_bytes"": 8388608}]"
1149,1149,0,BWD,3,0,bwd,3,fc2,bwd_op@3:fc2,,,0,,267919360,454600704,101187584,0,0,0,0,0,0,0,0,0,0,0,-4194304,0,823707648,-4194304,False,[],"[{""microbatch"": 3, ""layer_id"": -1, ""resident_bytes"": 73934848, ""offloaded_bytes"": 0}, {""microbatch"": 3, ""layer_id"": 0, ""resident_bytes"": 95191040, ""offloaded_bytes"": 8388608}, {""microbatch"": 3, ""layer_id"": 1, ""resident_bytes"": 95158272, ""offloaded_bytes"": 8388608}, {""microbatch"": 3, ""layer_id"": 2, ""resident_bytes"": 95158272, ""offloaded_bytes"": 8388608}, {""microbatch"": 3, ""layer_id"": 3, ""resident_bytes"": 95158272, ""offloaded_bytes"": 8388608}]"
1150,1150,0,BWD,3,0,bwd,3,swiglu,bwd_op@3:swiglu,,,0,,267919360,454600704,101187584,0,0,0,0,0,0,0,0,0,0,0,0,0,823707648,0,False,[],"[{""microbatch"": 3, ""layer_id"": -1, ""resident_bytes"": 73934848, ""offloaded_bytes"": 0}, {""microbatch"": 3, ""layer_id"": 0, ""resident_bytes"": 95191040, ""offloaded_bytes"": 8388608}, {""microbatch"": 3, ""layer_id"": 1, ""resident_bytes"": 95158272, ""offloaded_bytes"": 8388608}, {""microbatch"": 3, ""layer_id"": 2, ""resident_bytes"": 95158272, ""offloaded_bytes"": 8388608}, {""microbatch"": 3, ""layer_id"": 3, ""resident_bytes"": 95158272, ""offloaded_bytes"": 8388608}]"
1151,1151,0,BWD,3,0,bwd,3,fc1,bwd_op@3:fc1,,,0,,267919360,454600704,101187584,0,0,0,33554432,0,0,0,0,0,0,0,33554432,0,857262080,33554432,False,[],"[{""microbatch"": 3, ""layer_id"": -1, ""resident_bytes"": 73934848, ""offloaded_bytes"": 0}, {""microbatch"": 3, ""layer_id"": 0, ""resident_bytes"": 95191040, ""offloaded_bytes"": 8388608}, {""microbatch"": 3, ""layer_id"": 1, ""resident_bytes"": 95158272, ""offloaded_bytes"": 8388608}, {""microbatch"": 3, ""layer_id"": 2, ""resident_bytes"": 95158272, ""offloaded_bytes"": 8388608}, {""microbatch"": 3, ""layer_id"": 3, ""resident_bytes"": 95158272, ""offloaded_bytes"": 8388608}]"
1152,1152,0,BWD,3,0,bwd,3,ln2,bwd_op@3:ln2,,,0,,267919360,454600704,101187584,0,0,0,0,0,0,0,0,0,0,0,-33554432,0,823707648,-33554432,False,[],"[{""microbatch"": 3, ""layer_id"": -1, ""resident_bytes"": 73934848, ""offloaded_bytes"": 0}, {""microbatch"": 3, ""layer_id"": 0, ""resident_bytes"": 95191040, ""offloaded_bytes"": 8388608}, {""microbatch"": 3, ""layer_id"": 1, ""resident_bytes"": 95158272, ""offloaded_bytes"": 8388608}, {""microbatch"": 3, ""layer_id"": 2, ""resident_bytes"": 95158272, ""offloaded_bytes"": 8388608}, {""microbatch"": 3, ""layer_id"": 3, ""resident_bytes"": 95158272, ""offloaded_bytes"": 8388608}]"
1153,1153,0,BWD,3,0,bwd,3,add1,bwd_op@3:add1,,,0,,267919360,454600704,101187584,0,0,0,4194304,0,0,0,0,0,0,0,4194304,0,827901952,4194304,False,[],"[{""microbatch"": 3, ""layer_id"": -1, ""resident_bytes"": 73934848, ""offloaded_bytes"": 0}, {""microbatch"": 3, ""layer_id"": 0, ""resident_bytes"": 95191040, ""offloaded_bytes"": 8388608}, {""microbatch"": 3, ""layer_id"": 1, ""resident_bytes"": 95158272, ""offloaded_bytes"": 8388608}, {""microbatch"": 3, ""layer_id"": 2, ""resident_bytes"": 95158272, ""offloaded_bytes"": 8388608}, {""microbatch"": 3, ""layer_id"": 3, ""resident_bytes"": 95158272, ""offloaded_bytes"": 8388608}]"
1154,1154,0,BWD,3,0,bwd,3,o_proj,bwd_op@3:o_proj,,,0,,267919360,454600704,101187584,0,0,0,0,0,0,0,0,0,0,0,-4194304,0,823707648,-4194304,False,[],"[{""microbatch"": 3, ""layer_id"": -1, ""resident_bytes"": 73934848, ""offloaded_bytes"": 0}, {""microbatch"": 3, ""layer_id"": 0, ""resident_bytes"": 95191040, ""offloaded_bytes"": 8388608}, {""microbatch"": 3, ""layer_id"": 1, ""resident_bytes"": 95158272, ""offloaded_bytes"": 8388608}, {""microbatch"": 3, ""layer_id"": 2, ""resident_bytes"": 95158272, ""offloaded_bytes"": 8388608}, {""microbatch"": 3, ""layer_id"": 3, ""resident_bytes"": 95158272, ""offloaded_bytes"": 8388608}]"
1155,1155,0,BWD,3,0,bwd,3,flash,bwd_op@3:flash,,,0,,267919360,454600704,101187584,0,0,0,0,0,0,0,0,0,0,0,0,0,823707648,0,False,[],"[{""microbatch"": 3, ""layer_id"": -1, ""resident_bytes"": 73934848, ""offloaded_bytes"": 0}, {""microbatch"": 3, ""layer_id"": 0, ""resident_bytes"": 95191040, ""offloaded_bytes"": 8388608}, {""microbatch"": 3, ""layer_id"": 1, ""resident_bytes"": 95158272, ""offloaded_bytes"": 8388608}, {""microbatch"": 3, ""layer_id"": 2, ""resident_bytes"": 95158272, ""offloaded_bytes"": 8388608}, {""microbatch"": 3, ""layer_id"": 3, ""resident_bytes"": 95158272, ""offloaded_bytes"": 8388608}]"
1156,1156,0,BWD,3,0,bwd,3,rope,bwd_op@3:rope,,,0,,267919360,454600704,101187584,0,0,0,0,0,0,0,0,0,0,0,0,0,823707648,0,False,[],"[{""microbatch"": 3, ""layer_id"": -1, ""resident_bytes"": 73934848, ""offloaded_bytes"": 0}, {""microbatch"": 3, ""layer_id"": 0, ""resident_bytes"": 95191040, ""offloaded_bytes"": 8388608}, {""microbatch"": 3, ""layer_id"": 1, ""resident_bytes"": 95158272, ""offloaded_bytes"": 8388608}, {""microbatch"": 3, ""layer_id"": 2, ""resident_bytes"": 95158272, ""offloaded_bytes"": 8388608}, {""microbatch"": 3, ""layer_id"": 3, ""resident_bytes"": 95158272, ""offloaded_bytes"": 8388608}]"
1157,1157,0,BWD,3,0,bwd,3,qkv,bwd_op@3:qkv,,,0,,267919360,454600704,101187584,0,0,0,33554432,0,0,0,0,0,0,0,33554432,0,857262080,33554432,False,[],"[{""microbatch"": 3, ""layer_id"": -1, ""resident_bytes"": 73934848, ""offloaded_bytes"": 0}, {""microbatch"": 3, ""layer_id"": 0, ""resident_bytes"": 95191040, ""offloaded_bytes"": 8388608}, {""microbatch"": 3, ""layer_id"": 1, ""resident_bytes"": 95158272, ""offloaded_bytes"": 8388608}, {""microbatch"": 3, ""layer_id"": 2, ""resident_bytes"": 95158272, ""offloaded_bytes"": 8388608}, {""microbatch"": 3, ""layer_id"": 3, ""resident_bytes"": 95158272, ""offloaded_bytes"": 8388608}]"
1158,1158,0,BWD,3,0,bwd,3,ln1,bwd_op@3:ln1,,,0,,267919360,454600704,101187584,0,0,0,0,0,0,0,0,0,0,0,-33554432,0,823707648,-33554432,False,[],"[{""microbatch"": 3, ""layer_id"": -1, ""resident_bytes"": 73934848, ""offloaded_bytes"": 0}, {""microbatch"": 3, ""layer_id"": 0, ""resident_bytes"": 95191040, ""offloaded_bytes"": 8388608}, {""microbatch"": 3, ""layer_id"": 1, ""resident_bytes"": 95158272, ""offloaded_bytes"": 8388608}, {""microbatch"": 3, ""layer_id"": 2, ""resident_bytes"": 95158272, ""offloaded_bytes"": 8388608}, {""microbatch"": 3, ""layer_id"": 3, ""resident_bytes"": 95158272, ""offloaded_bytes"": 8388608}]"
1159,1159,0,BWD,3,0,bwd,3,,bwd_grad@3,,,0,,267919360,454600704,101187584,50593792,0,0,0,0,0,0,0,50593792,0,0,0,0,874301440,50593792,False,[],"[{""microbatch"": 3, ""layer_id"": -1, ""resident_bytes"": 73934848, ""offloaded_bytes"": 0}, {""microbatch"": 3, ""layer_id"": 0, ""resident_bytes"": 95191040, ""offloaded_bytes"": 8388608}, {""microbatch"": 3, ""layer_id"": 1, ""resident_bytes"": 95158272, ""offloaded_bytes"": 8388608}, {""microbatch"": 3, ""layer_id"": 2, ""resident_bytes"": 95158272, ""offloaded_bytes"": 8388608}, {""microbatch"": 3, ""layer_id"": 3, ""resident_bytes"": 95158272, ""offloaded_bytes"": 8388608}]"
1160,1160,0,BWD,3,0,bwd,3,,bwd_activation_release@3,,,0,,267919360,359442432,101187584,0,0,0,0,0,0,-95158272,0,-50593792,0,0,0,0,728549376,-145752064,False,[],"[{""microbatch"": 3, ""layer_id"": -1, ""resident_bytes"": 73934848, ""offloaded_bytes"": 0}, {""microbatch"": 3, ""layer_id"": 0, ""resident_bytes"": 95191040, ""offloaded_bytes"": 8388608}, {""microbatch"": 3, ""layer_id"": 1, ""resident_bytes"": 95158272, ""offloaded_bytes"": 8388608}, {""microbatch"": 3, ""layer_id"": 2, ""resident_bytes"": 95158272, ""offloaded_bytes"": 8388608}]"
1161,1161,0,BWD,3,0,bwd,2,,bwd_gather@2,,,0,,267919360,359442432,101187584,0,0,0,0,0,0,0,0,0,0,0,0,0,728549376,0,False,[],"[{""microbatch"": 3, ""layer_id"": -1, ""resident_bytes"": 73934848, ""offloaded_bytes"": 0}, {""microbatch"": 3, ""layer_id"": 0, ""resident_bytes"": 95191040, ""offloaded_bytes"": 8388608}, {""microbatch"": 3, ""layer_id"": 1, ""resident_bytes"": 95158272, ""offloaded_bytes"": 8388608}, {""microbatch"": 3, ""layer_id"": 2, ""resident_bytes"": 95158272, ""offloaded_bytes"": 8388608}]"
1162,1162,0,BWD,3,0,bwd,2,,bwd_swap_prefetch@2,,,0,,267919360,359442432,101187584,0,0,16777216,0,0,0,0,0,0,0,16777216,0,0,745326592,16777216,False,[],"[{""microbatch"": 3, ""layer_id"": -1, ""resident_bytes"": 73934848, ""offloaded_bytes"": 0}, {""microbatch"": 3, ""layer_id"": 0, ""resident_bytes"": 95191040, ""offloaded_bytes"": 8388608}, {""microbatch"": 3, ""layer_id"": 1, ""resident_bytes"": 95158272, ""offloaded_bytes"": 8388608}, {""microbatch"": 3, ""layer_id"": 2, ""resident_bytes"": 95158272, ""offloaded_bytes"": 8388608}]"
1163,1163,0,BWD,3,0,bwd,2,,bwd_recompute@2,,,0,,267919360,359442432,101187584,0,22577152,0,0,0,0,0,0,0,22577152,-16777216,0,0,751126528,5799936,False,[],"[{""microbatch"": 3, ""layer_id"": -1, ""resident_bytes"": 73934848, ""offloaded_bytes"": 0}, {""microbatch"": 3, ""layer_id"": 0, ""resident_bytes"": 95191040, ""offloaded_bytes"": 8388608}, {""microbatch"": 3, ""layer_id"": 1, ""resident_bytes"": 95158272, ""offloaded_bytes"": 8388608}, {""microbatch"": 3, ""layer_id"": 2, ""resident_bytes"": 95158272, ""offloaded_bytes"": 8388608}]"
1164,1164,0,BWD,3,0,bwd,2,add2,bwd_op@2:add2,,,0,,267919360,359442432,101187584,0,0,0,4194304,0,0,0,0,0,-22577152,0,4194304,0,732743680,-18382848,False,[],"[{""microbatch"": 3, ""layer_id"": -1, ""resident_bytes"": 73934848, ""offloaded_bytes"": 0}, {""microbatch"": 3, ""layer_id"": 0, ""resident_bytes"": 95191040, ""offloaded_bytes"": 8388608}, {""microbatch"": 3, ""layer_id"": 1, ""resident_bytes"": 95158272, ""offloaded_bytes"": 8388608}, {""microbatch"": 3, ""layer_id"": 2, ""resident_bytes"": 95158272, ""offloaded_bytes"": 8388608}]"
1165,1165,0,BWD,3,0,bwd,2,fc2,bwd_op@2:fc2,,,0,,267919360,359442432,101187584,0,0,0,0,0,0,0,0,0,0,0,-4194304,0,728549376,-4194304,False,[],"[{""microbatch"": 3, ""layer_id"": -1, ""resident_bytes"": 73934848, ""offloaded_bytes"": 0}, {""microbatch"": 3, ""layer_id"": 0, ""resident_bytes"": 95191040, ""offloaded_bytes"": 8388608}, {""microbatch"": 3, ""layer_id"": 1, ""resident_bytes"": 95158272, ""offloaded_bytes"": 8388608}, {""microbatch"": 3, ""layer_id"": 2, ""resident_bytes"": 95158272, ""offloaded_bytes"": 8388608}]"
1166,1166,0,BWD,3,0,bwd,2,swiglu,bwd_op@2:swiglu,,,0,,267919360,359442432,101187584,0,0,0,0,0,0,0,0,0,0,0,0,0,728549376,0,False,[],"[{""microbatch"": 3, ""layer_id"": -1, ""resident_bytes"": 73934848, ""offloaded_bytes"": 0}, {""microbatch"": 3, ""layer_id"": 0, ""resident_bytes"": 95191040, ""offloaded_bytes"": 8388608}, {""microbatch"": 3, ""layer_id"": 1, ""resident_bytes"": 95158272, ""offloaded_bytes"": 8388608}, {""microbatch"": 3, ""layer_id"": 2, ""resident_bytes"": 95158272, ""offloaded_bytes"": 8388608}]"
1167,1167,0,BWD,3,0,bwd,2,fc1,bwd_op@2:fc1,,,0,,267919360,359442432,101187584,0,0,0,33554432,0,0,0,0,0,0,0,33554432,0,762103808,33554432,False,[],"[{""microbatch"": 3, ""layer_id"": -1, ""resident_bytes"": 73934848, ""offloaded_bytes"": 0}, {""microbatch"": 3, ""layer_id"": 0, ""resident_bytes"": 95191040, ""offloaded_bytes"": 8388608}, {""microbatch"": 3, ""layer_id"": 1, ""resident_bytes"": 95158272, ""offloaded_bytes"": 8388608}, {""microbatch"": 3, ""layer_id"": 2, ""resident_bytes"": 95158272, ""offloaded_bytes"": 8388608}]"
1168,1168,0,BWD,3,0,bwd,2,ln2,bwd_op@2:ln2,,,0,,267919360,359442432,101187584,0,0,0,0,0,0,0,0,0,0,0,-33554432,0,728549376,-33554432,False,[],"[{""microbatch"": 3, ""layer_id"": -1, ""resident_bytes"": 73934848, ""offloaded_bytes"": 0}, {""microbatch"": 3, ""layer_id"": 0, ""resident_bytes"": 95191040, ""offloaded_bytes"": 8388608}, {""microbatch"": 3, ""layer_id"": 1, ""resident_bytes"": 95158272, ""offloaded_bytes"": 8388608}, {""microbatch"": 3, ""layer_id"": 2, ""resident_bytes"": 95158272, ""offloaded_bytes"": 8388608}]"
1169,1169,0,BWD,3,0,bwd,2,add1,bwd_op@2:add1,,,0,,267919360,359442432,101187584,0,0,0,4194304,0,0,0,0,0,0,0,4194304,0,732743680,4194304,False,[],"[{""microbatch"": 3, ""layer_id"": -1, ""resident_bytes"": 73934848, ""offloaded_bytes"": 0}, {""microbatch"": 3, ""layer_id"": 0, ""resident_bytes"": 95191040, ""offloaded_bytes"": 8388608}, {""microbatch"": 3, ""layer_id"": 1, ""resident_bytes"": 95158272, ""offloaded_bytes"": 8388608}, {""microbatch"": 3, ""layer_id"": 2, ""resident_bytes"": 95158272, ""offloaded_bytes"": 8388608}]"
1170,1170,0,BWD,3,0,bwd,2,o_proj,bwd_op@2:o_proj,,,0,,267919360,359442432,101187584,0,0,0,0,0,0,0,0,0,0,0,-4194304,0,728549376,-4194304,False,[],"[{""microbatch"": 3, ""layer_id"": -1, ""resident_bytes"": 73934848, ""offloaded_bytes"": 0}, {""microbatch"": 3, ""layer_id"": 0, ""resident_bytes"": 95191040, ""offloaded_bytes"": 8388608}, {""microbatch"": 3, ""layer_id"": 1, ""resident_bytes"": 95158272, ""offloaded_bytes"": 8388608}, {""microbatch"": 3, ""layer_id"": 2, ""resident_bytes"": 95158272, ""offloaded_bytes"": 8388608}]"
1171,1171,0,BWD,3,0,bwd,2,flash,bwd_op@2:flash,,,0,,267919360,359442432,101187584,0,0,0,0,0,0,0,0,0,0,0,0,0,728549376,0,False,[],"[{""microbatch"": 3, ""layer_id"": -1, ""resident_bytes"": 73934848, ""offloaded_bytes"": 0}, {""microbatch"": 3, ""layer_id"": 0, ""resident_bytes"": 95191040, ""offloaded_bytes"": 8388608}, {""microbatch"": 3, ""layer_id"": 1, ""resident_bytes"": 95158272, ""offloaded_bytes"": 8388608}, {""microbatch"": 3, ""layer_id"": 2, ""resident_bytes"": 95158272, ""offloaded_bytes"": 8388608}]"
1172,1172,0,BWD,3,0,bwd,2,rope,bwd_op@2:rope,,,0,,267919360,359442432,101187584,0,0,0,0,0,0,0,0,0,0,0,0,0,728549376,0,False,[],"[{""microbatch"": 3, ""layer_id"": -1, ""resident_bytes"": 73934848, ""offloaded_bytes"": 0}, {""microbatch"": 3, ""layer_id"": 0, ""resident_bytes"": 95191040, ""offloaded_bytes"": 8388608}, {""microbatch"": 3, ""layer_id"": 1, ""resident_bytes"": 95158272, ""offloaded_bytes"": 8388608}, {""microbatch"": 3, ""layer_id"": 2, ""resident_bytes"": 95158272, ""offloaded_bytes"": 8388608}]"
1173,1173,0,BWD,3,0,bwd,2,qkv,bwd_op@2:qkv,,,0,,267919360,359442432,101187584,0,0,0,33554432,0,0,0,0,0,0,0,33554432,0,762103808,33554432,False,[],"[{""microbatch"": 3, ""layer_id"": -1, ""resident_bytes"": 73934848, ""offloaded_bytes"": 0}, {""microbatch"": 3, ""layer_id"": 0, ""resident_bytes"": 95191040, ""offloaded_bytes"": 8388608}, {""microbatch"": 3, ""layer_id"": 1, ""resident_bytes"": 95158272, ""offloaded_bytes"": 8388608}, {""microbatch"": 3, ""layer_id"": 2, ""resident_bytes"": 95158272, ""offloaded_bytes"": 8388608}]"
1174,1174,0,BWD,3,0,bwd,2,ln1,bwd_op@2:ln1,,,0,,267919360,359442432,101187584,0,0,0,0,0,0,0,0,0,0,0,-33554432,0,728549376,-33554432,False,[],"[{""microbatch"": 3, ""layer_id"": -1, ""resident_bytes"": 73934848, ""offloaded_bytes"": 0}, {""microbatch"": 3, ""layer_id"": 0, ""resident_bytes"": 95191040, ""offloaded_bytes"": 8388608}, {""microbatch"": 3, ""layer_id"": 1, ""resident_bytes"": 95158272, ""offloaded_bytes"": 8388608}, {""microbatch"": 3, ""layer_id"": 2, ""resident_bytes"": 95158272, ""offloaded_bytes"": 8388608}]"
1175,1175,0,BWD,3,0,bwd,2,,bwd_grad@2,,,0,,267919360,359442432,101187584,50593792,0,0,0,0,0,0,0,50593792,0,0,0,0,779143168,50593792,False,[],"[{""microbatch"": 3, ""layer_id"": -1, ""resident_bytes"": 73934848, ""offloaded_bytes"": 0}, {""microbatch"": 3, ""layer_id"": 0, ""resident_bytes"": 95191040, ""offloaded_bytes"": 8388608}, {""microbatch"": 3, ""layer_id"": 1, ""resident_bytes"": 95158272, ""offloaded_bytes"": 8388608}, {""microbatch"": 3, ""layer_id"": 2, ""resident_bytes"": 95158272, ""offloaded_bytes"": 8388608}]"
1176,1176,0,BWD,3,0,bwd,2,,bwd_activation_release@2,,,0,,267919360,264284160,101187584,0,0,0,0,0,0,-95158272,0,-50593792,0,0,0,0,633391104,-145752064,False,[],"[{""microbatch"": 3, ""layer_id"": -1, ""resident_bytes"": 73934848, ""offloaded_bytes"": 0}, {""microbatch"": 3, ""layer_id"": 0, ""resident_bytes"": 95191040, ""offloaded_bytes"": 8388608}, {""microbatch"": 3, ""layer_id"": 1, ""resident_bytes"": 95158272, ""offloaded_bytes"": 8388608}]"
1177,1177,0,BWD,3,0,bwd,1,,bwd_gather@1,,,0,,267919360,264284160,101187584,0,0,0,0,0,0,0,0,0,0,0,0,0,633391104,0,False,[],"[{""microbatch"": 3, ""layer_id"": -1, ""resident_bytes"": 73934848, ""offloaded_bytes"": 0}, {""microbatch"": 3, ""layer_id"": 0, ""resident_bytes"": 95191040, ""offloaded_bytes"": 8388608}, {""microbatch"": 3, ""layer_id"": 1, ""resident_bytes"": 95158272, ""offloaded_bytes"": 8388608}]"
1178,1178,0,BWD,3,0,bwd,1,,bwd_swap_prefetch@1,,,0,,267919360,264284160,101187584,0,0,16777216,0,0,0,0,0,0,0,16777216,0,0,650168320,16777216,False,[],"[{""microbatch"": 3, ""layer_id"": -1, ""resident_bytes"": 73934848, ""offloaded_bytes"": 0}, {""microbatch"": 3, ""layer_id"": 0, ""resident_bytes"": 95191040, ""offloaded_bytes"": 8388608}, {""microbatch"": 3, ""layer_id"": 1, ""resident_bytes"": 95158272, ""offloaded_bytes"": 8388608}]"
1179,1179,0,BWD,3,0,bwd,1,,bwd_recompute@1,,,0,,267919360,264284160,101187584,0,22577152,0,0,0,0,0,0,0,22577152,-16777216,0,0,655968256,5799936,False,[],"[{""microbatch"": 3, ""layer_id"": -1, ""resident_bytes"": 73934848, ""offloaded_bytes"": 0}, {""microbatch"": 3, ""layer_id"": 0, ""resident_bytes"": 95191040, ""offloaded_bytes"": 8388608}, {""microbatch"": 3, ""layer_id"": 1, ""resident_bytes"": 95158272, ""offloaded_bytes"": 8388608}]"
1180,1180,0,BWD,3,0,bwd,1,add2,bwd_op@1:add2,,,0,,267919360,264284160,101187584,0,0,0,4194304,0,0,0,0,0,-22577152,0,4194304,0,637585408,-18382848,False,[],"[{""microbatch"": 3, ""layer_id"": -1, ""resident_bytes"": 73934848, ""offloaded_bytes"": 0}, {""microbatch"": 3, ""layer_id"": 0, ""resident_bytes"": 95191040, ""offloaded_bytes"": 8388608}, {""microbatch"": 3, ""layer_id"": 1, ""resident_bytes"": 95158272, ""offloaded_bytes"": 8388608}]"
1181,1181,0,BWD,3,0,bwd,1,fc2,bwd_op@1:fc2,,,0,,267919360,264284160,101187584,0,0,0,0,0,0,0,0,0,0,0,-4194304,0,633391104,-4194304,False,[],"[{""microbatch"": 3, ""layer_id"": -1, ""resident_bytes"": 73934848, ""offloaded_bytes"": 0}, {""microbatch"": 3, ""layer_id"": 0, ""resident_bytes"": 95191040, ""offloaded_bytes"": 8388608}, {""microbatch"": 3, ""layer_id"": 1, ""resident_bytes"": 95158272, ""offloaded_bytes"": 8388608}]"
1182,1182,0,BWD,3,0,bwd,1,swiglu,bwd_op@1:swiglu,,,0,,267919360,264284160,101187584,0,0,0,0,0,0,0,0,0,0,0,0,0,633391104,0,False,[],"[{""microbatch"": 3, ""layer_id"": -1, ""resident_bytes"": 73934848, ""offloaded_bytes"": 0}, {""microbatch"": 3, ""layer_id"": 0, ""resident_bytes"": 95191040, ""offloaded_bytes"": 8388608}, {""microbatch"": 3, ""layer_id"": 1, ""resident_bytes"": 95158272, ""offloaded_bytes"": 8388608}]"
1183,1183,0,BWD,3,0,bwd,1,fc1,bwd_op@1:fc1,,,0,,267919360,264284160,101187584,0,0,0,33554432,0,0,0,0,0,0,0,33554432,0,666945536,33554432,False,[],"[{""microbatch"": 3, ""layer_id"": -1, ""resident_bytes"": 73934848, ""offloaded_bytes"": 0}, {""microbatch"": 3, ""layer_id"": 0, ""resident_bytes"": 95191040, ""offloaded_bytes"": 8388608}, {""microbatch"": 3, ""layer_id"": 1, ""resident_bytes"": 95158272, ""offloaded_bytes"": 8388608}]"
1184,1184,0,BWD,3,0,bwd,1,ln2,bwd_op@1:ln2,,,0,,267919360,264284160,101187584,0,0,0,0,0,0,0,0,0,0,0,-33554432,0,633391104,-33554432,False,[],"[{""microbatch"": 3, ""layer_id"": -1, ""resident_bytes"": 73934848, ""offloaded_bytes"": 0}, {""microbatch"": 3, ""layer_id"": 0, ""resident_bytes"": 95191040, ""offloaded_bytes"": 8388608}, {""microbatch"": 3, ""layer_id"": 1, ""resident_bytes"": 95158272, ""offloaded_bytes"": 8388608}]"
1185,1185,0,BWD,3,0,bwd,1,add1,bwd_op@1:add1,,,0,,267919360,264284160,101187584,0,0,0,4194304,0,0,0,0,0,0,0,4194304,0,637585408,4194304,False,[],"[{""microbatch"": 3, ""layer_id"": -1, ""resident_bytes"": 73934848, ""offloaded_bytes"": 0}, {""microbatch"": 3, ""layer_id"": 0, ""resident_bytes"": 95191040, ""offloaded_bytes"": 8388608}, {""microbatch"": 3, ""layer_id"": 1, ""resident_bytes"": 95158272, ""offloaded_bytes"": 8388608}]"
1186,1186,0,BWD,3,0,bwd,1,o_proj,bwd_op@1:o_proj,,,0,,267919360,264284160,101187584,0,0,0,0,0,0,0,0,0,0,0,-4194304,0,633391104,-4194304,False,[],"[{""microbatch"": 3, ""layer_id"": -1, ""resident_bytes"": 73934848, ""offloaded_bytes"": 0}, {""microbatch"": 3, ""layer_id"": 0, ""resident_bytes"": 95191040, ""offloaded_bytes"": 8388608}, {""microbatch"": 3, ""layer_id"": 1, ""resident_bytes"": 95158272, ""offloaded_bytes"": 8388608}]"
1187,1187,0,BWD,3,0,bwd,1,flash,bwd_op@1:flash,,,0,,267919360,264284160,101187584,0,0,0,0,0,0,0,0,0,0,0,0,0,633391104,0,False,[],"[{""microbatch"": 3, ""layer_id"": -1, ""resident_bytes"": 73934848, ""offloaded_bytes"": 0}, {""microbatch"": 3, ""layer_id"": 0, ""resident_bytes"": 95191040, ""offloaded_bytes"": 8388608}, {""microbatch"": 3, ""layer_id"": 1, ""resident_bytes"": 95158272, ""offloaded_bytes"": 8388608}]"
1188,1188,0,BWD,3,0,bwd,1,rope,bwd_op@1:rope,,,0,,267919360,264284160,101187584,0,0,0,0,0,0,0,0,0,0,0,0,0,633391104,0,False,[],"[{""microbatch"": 3, ""layer_id"": -1, ""resident_bytes"": 73934848, ""offloaded_bytes"": 0}, {""microbatch"": 3, ""layer_id"": 0, ""resident_bytes"": 95191040, ""offloaded_bytes"": 8388608}, {""microbatch"": 3, ""layer_id"": 1, ""resident_bytes"": 95158272, ""offloaded_bytes"": 8388608}]"
1189,1189,0,BWD,3,0,bwd,1,qkv,bwd_op@1:qkv,,,0,,267919360,264284160,101187584,0,0,0,33554432,0,0,0,0,0,0,0,33554432,0,666945536,33554432,False,[],"[{""microbatch"": 3, ""layer_id"": -1, ""resident_bytes"": 73934848, ""offloaded_bytes"": 0}, {""microbatch"": 3, ""layer_id"": 0, ""resident_bytes"": 95191040, ""offloaded_bytes"": 8388608}, {""microbatch"": 3, ""layer_id"": 1, ""resident_bytes"": 95158272, ""offloaded_bytes"": 8388608}]"
1190,1190,0,BWD,3,0,bwd,1,ln1,bwd_op@1:ln1,,,0,,267919360,264284160,101187584,0,0,0,0,0,0,0,0,0,0,0,-33554432,0,633391104,-33554432,False,[],"[{""microbatch"": 3, ""layer_id"": -1, ""resident_bytes"": 73934848, ""offloaded_bytes"": 0}, {""microbatch"": 3, ""layer_id"": 0, ""resident_bytes"": 95191040, ""offloaded_bytes"": 8388608}, {""microbatch"": 3, ""layer_id"": 1, ""resident_bytes"": 95158272, ""offloaded_bytes"": 8388608}]"
1191,1191,0,BWD,3,0,bwd,1,,bwd_grad@1,,,0,,267919360,264284160,101187584,50593792,0,0,0,0,0,0,0,50593792,0,0,0,0,683984896,50593792,False,[],"[{""microbatch"": 3, ""layer_id"": -1, ""resident_bytes"": 73934848, ""offloaded_bytes"": 0}, {""microbatch"": 3, ""layer_id"": 0, ""resident_bytes"": 95191040, ""offloaded_bytes"": 8388608}, {""microbatch"": 3, ""layer_id"": 1, ""resident_bytes"": 95158272, ""offloaded_bytes"": 8388608}]"
1192,1192,0,BWD,3,0,bwd,1,,bwd_activation_release@1,,,0,,267919360,169125888,101187584,0,0,0,0,0,0,-95158272,0,-50593792,0,0,0,0,538232832,-145752064,False,[],"[{""microbatch"": 3, ""layer_id"": -1, ""resident_bytes"": 73934848, ""offloaded_bytes"": 0}, {""microbatch"": 3, ""layer_id"": 0, ""resident_bytes"": 95191040, ""offloaded_bytes"": 8388608}]"
1193,1193,0,BWD,3,0,bwd,0,,bwd_gather@0,,,0,,267919360,169125888,50593792,0,0,0,0,0,0,0,-50593792,0,0,0,0,0,487639040,-50593792,False,[],"[{""microbatch"": 3, ""layer_id"": -1, ""resident_bytes"": 73934848, ""offloaded_bytes"": 0}, {""microbatch"": 3, ""layer_id"": 0, ""resident_bytes"": 95191040, ""offloaded_bytes"": 8388608}]"
1194,1194,0,BWD,3,0,bwd,0,,bwd_swap_prefetch@0,,,0,,267919360,169125888,50593792,0,0,8388608,0,0,0,0,0,0,0,8388608,0,0,496027648,8388608,False,[],"[{""microbatch"": 3, ""layer_id"": -1, ""resident_bytes"": 73934848, ""offloaded_bytes"": 0}, {""microbatch"": 3, ""layer_id"": 0, ""resident_bytes"": 95191040, ""offloaded_bytes"": 8388608}]"
1195,1195,0,BWD,3,0,bwd,0,,bwd_recompute@0,,,0,,267919360,169125888,50593792,0,22544384,0,0,0,0,0,0,0,22544384,-8388608,0,0,510183424,14155776,False,[],"[{""microbatch"": 3, ""layer_id"": -1, ""resident_bytes"": 73934848, ""offloaded_bytes"": 0}, {""microbatch"": 3, ""layer_id"": 0, ""resident_bytes"": 95191040, ""offloaded_bytes"": 8388608}]"
1196,1196,0,BWD,3,0,bwd,0,add2,bwd_op@0:add2,,,0,,267919360,169125888,50593792,0,0,0,4194304,0,0,0,0,0,-22544384,0,4194304,0,491833344,-18350080,False,[],"[{""microbatch"": 3, ""layer_id"": -1, ""resident_bytes"": 73934848, ""offloaded_bytes"": 0}, {""microbatch"": 3, ""layer_id"": 0, ""resident_bytes"": 95191040, ""offloaded_bytes"": 8388608}]"
1197,1197,0,BWD,3,0,bwd,0,fc2,bwd_op@0:fc2,,,0,,267919360,169125888,50593792,0,0,0,0,0,0,0,0,0,0,0,-4194304,0,487639040,-4194304,False,[],"[{""microbatch"": 3, ""layer_id"": -1, ""resident_bytes"": 73934848, ""offloaded_bytes"": 0}, {""microbatch"": 3, ""layer_id"": 0, ""resident_bytes"": 95191040, ""offloaded_bytes"": 8388608}]"
1198,1198,0,BWD,3,0,bwd,0,swiglu,bwd_op@0:swiglu,,,0,,267919360,169125888,50593792,0,0,0,0,0,0,0,0,0,0,0,0,0,487639040,0,False,[],"[{""microbatch"": 3, ""layer_id"": -1, ""resident_bytes"": 73934848, ""offloaded_bytes"": 0}, {""microbatch"": 3, ""layer_id"": 0, ""resident_bytes"": 95191040, ""offloaded_bytes"": 8388608}]"
1199,1199,0,BWD,3,0,bwd,0,fc1,bwd_op@0:fc1,,,0,,267919360,169125888,50593792,0,0,0,33554432,0,0,0,0,0,0,0,33554432,0,521193472,33554432,False,[],"[{""microbatch"": 3, ""layer_id"": -1, ""resident_bytes"": 73934848, ""offloaded_bytes"": 0}, {""microbatch"": 3, ""layer_id"": 0, ""resident_bytes"": 95191040, ""offloaded_bytes"": 8388608}]"
1200,1200,0,BWD,3,0,bwd,0,ln2,bwd_op@0:ln2,,,0,,267919360,169125888,50593792,0,0,0,0,0,0,0,0,0,0,0,-33554432,0,487639040,-33554432,False,[],"[{""microbatch"": 3, ""layer_id"": -1, ""resident_bytes"": 73934848, ""offloaded_bytes"": 0}, {""microbatch"": 3, ""layer_id"": 0, ""resident_bytes"": 95191040, ""offloaded_bytes"": 8388608}]"
1201,1201,0,BWD,3,0,bwd,0,add1,bwd_op@0:add1,,,0,,267919360,169125888,50593792,0,0,0,4194304,0,0,0,0,0,0,0,4194304,0,491833344,4194304,False,[],"[{""microbatch"": 3, ""layer_id"": -1, ""resident_bytes"": 73934848, ""offloaded_bytes"": 0}, {""microbatch"": 3, ""layer_id"": 0, ""resident_bytes"": 95191040, ""offloaded_bytes"": 8388608}]"
1202,1202,0,BWD,3,0,bwd,0,o_proj,bwd_op@0:o_proj,,,0,,267919360,169125888,50593792,0,0,0,0,0,0,0,0,0,0,0,-4194304,0,487639040,-4194304,False,[],"[{""microbatch"": 3, ""layer_id"": -1, ""resident_bytes"": 73934848, ""offloaded_bytes"": 0}, {""microbatch"": 3, ""layer_id"": 0, ""resident_bytes"": 95191040, ""offloaded_bytes"": 8388608}]"
1203,1203,0,BWD,3,0,bwd,0,flash,bwd_op@0:flash,,,0,,267919360,169125888,50593792,0,0,0,0,0,0,0,0,0,0,0,0,0,487639040,0,False,[],"[{""microbatch"": 3, ""layer_id"": -1, ""resident_bytes"": 73934848, ""offloaded_bytes"": 0}, {""microbatch"": 3, ""layer_id"": 0, ""resident_bytes"": 95191040, ""offloaded_bytes"": 8388608}]"
1204,1204,0,BWD,3,0,bwd,0,rope,bwd_op@0:rope,,,0,,267919360,169125888,50593792,0,0,0,0,0,0,0,0,0,0,0,0,0,487639040,0,False,[],"[{""microbatch"": 3, ""layer_id"": -1, ""resident_bytes"": 73934848, ""offloaded_bytes"": 0}, {""microbatch"": 3, ""layer_id"": 0, ""resident_bytes"": 95191040, ""offloaded_bytes"": 8388608}]"
1205,1205,0,BWD,3,0,bwd,0,qkv,bwd_op@0:qkv,,,0,,267919360,169125888,50593792,0,0,0,33554432,0,0,0,0,0,0,0,33554432,0,521193472,33554432,False,[],"[{""microbatch"": 3, ""layer_id"": -1, ""resident_bytes"": 73934848, ""offloaded_bytes"": 0}, {""microbatch"": 3, ""layer_id"": 0, ""resident_bytes"": 95191040, ""offloaded_bytes"": 8388608}]"
1206,1206,0,BWD,3,0,bwd,0,ln1,bwd_op@0:ln1,,,0,,267919360,169125888,50593792,0,0,0,0,0,0,0,0,0,0,0,-33554432,0,487639040,-33554432,False,[],"[{""microbatch"": 3, ""layer_id"": -1, ""resident_bytes"": 73934848, ""offloaded_bytes"": 0}, {""microbatch"": 3, ""layer_id"": 0, ""resident_bytes"": 95191040, ""offloaded_bytes"": 8388608}]"
1207,1207,0,BWD,3,0,bwd,0,,bwd_grad@0,,,0,,267919360,169125888,50593792,50593792,0,0,0,0,0,0,0,50593792,0,0,0,0,538232832,50593792,False,[],"[{""microbatch"": 3, ""layer_id"": -1, ""resident_bytes"": 73934848, ""offloaded_bytes"": 0}, {""microbatch"": 3, ""layer_id"": 0, ""resident_bytes"": 95191040, ""offloaded_bytes"": 8388608}]"
1208,1208,0,BWD,3,0,bwd,0,,bwd_activation_release@0,,,0,,267919360,73934848,50593792,0,0,0,0,0,0,-95191040,0,-50593792,0,0,0,0,392448000,-145784832,False,[],"[{""microbatch"": 3, ""layer_id"": -1, ""resident_bytes"": 73934848, ""offloaded_bytes"": 0}]"
1209,1209,0,BWD,3,0,bwd,-1,,bwd_edge_activation_release,,,0,,267919360,0,0,0,0,0,0,0,0,-73934848,-50593792,0,0,0,0,0,267919360,-124528640,False,[],[]
1210,1210,0,BWD,3,0,bwd,,,bwd_edge_gather@embedding,,,0,,267919360,0,32768000,0,0,0,0,0,0,0,32768000,0,0,0,0,0,300687360,32768000,False,[],[]
1211,1211,0,BWD,3,0,bwd,,,bwd_edge_grad@embedding,,,0,,267919360,0,32768000,32768000,0,0,0,0,0,0,0,32768000,0,0,0,0,333455360,32768000,False,[],[]
1212,1212,0,BWD,3,0,bwd,,,bwd_end,,,0,,267919360,0,0,0,0,0,0,0,0,0,-32768000,-32768000,0,0,0,0,267919360,-65536000,False,[],[]
1213,1213,0,BWD,3,0,bwd,,,optimizer_step@stage0,,,0,,267919360,0,0,0,0,0,50593792,0,0,0,0,0,0,0,50593792,0,318513152,50593792,False,[],[]
